{"type":"FeatureCollection", "features": [
{"type":"Feature","geometry":{"type":"Polygon","coordinates":[[[-99.15680977996954,19.43584430528213],[-99.15885806657234,19.4316150507386],[-99.15923899570431,19.430431953200152],[-99.15446224112952,19.43239626740735],[-99.15417831431272,19.434760770843425],[-99.1530549270142,19.438135945617763],[-99.15536799526777,19.439139965711345],[-99.15680977996954,19.43584430528213]]]},"properties":{"_id":1,"id":0,"g_pnt_2":"19.4345863188,-99.1559474685","geo_shp":"{\"type\": \"Polygon\", \"coordinates\": [[[-99.15873467102001, 19.43157828486956], [-99.15680977996954, 19.43584430528213], [-99.15536799526775, 19.439139965711345], [-99.1530549270142, 19.438135945617763], [-99.15385645755394, 19.436004450354112], [-99.15489","deleg":"CUAUHTEMOC","zona":"CENTRO","sctr_18":"REVOLUCION","cv_sctr":3,"zp":5,"are_km2":0.263672736187772,"x":-99.156147,"y":19.434677,"fech_cr":"2018-08-17T00:00:00","anio":2018,"mes":8,"dia":17}},
{"type":"Feature","geometry":{"type":"Polygon","coordinates":[[[-99.1494121736524,19.434786899278528],[-99.15097295077445,19.431005047142275],[-99.1463292944828,19.43035831575173],[-99.14549288787843,19.43426878874279],[-99.1494121736524,19.434786899278528]]]},"properties":{"_id":2,"id":1,"g_pnt_2":"19.4325490226,-99.1480653468","geo_shp":"{\"type\": \"Polygon\", \"coordinates\": [[[-99.1494121736524, 19.434786899278528], [-99.14549288787845, 19.43426878874279], [-99.14632929448281, 19.43035831575173], [-99.15097295077443, 19.431005047142275], [-99.14941102325429, 19.43477894705012], [-99.149412","deleg":"CUAUHTEMOC","zona":"CENTRO","sctr_18":"REVOLUCION","cv_sctr":1,"zp":10,"are_km2":0.200049517254038,"x":-99.148233,"y":19.432568,"fech_cr":"2018-08-17T00:00:00","anio":2018,"mes":8,"dia":17}},
{"type":"Feature","geometry":{"type":"Polygon","coordinates":[[[-99.17134195709944,19.42441194787571],[-99.175437050766,19.42247396940961],[-99.17740855900404,19.42278656610076],[-99.17710394000896,19.419798004639656],[-99.1699539460557,19.42114702596449],[-99.17134195709944,19.42441194787571]]]},"properties":{"_id":3,"id":2,"g_pnt_2":"19.4218507778,-99.1737281884","geo_shp":"{\"type\": \"Polygon\", \"coordinates\": [[[-99.17134195709944, 19.42441194787571], [-99.16995518581064, 19.421606592140254], [-99.1699539460557, 19.42114702596449], [-99.17131454390008, 19.420886094301355], [-99.17381697710523, 19.420406073782672], [-99.17710","deleg":"CUAUHTEMOC","zona":"CENTRO","sctr_18":"ANGEL-ZONA ROSA","cv_sctr":3,"zp":12,"are_km2":0.232756940513591,"x":-99.173683,"y":19.422106,"fech_cr":"2018-08-17T00:00:00","anio":2018,"mes":8,"dia":17}},
{"type":"Feature","geometry":{"type":"Polygon","coordinates":[[[-99.11104699596916,19.4747430316254],[-99.10782284911726,19.47311919223391],[-99.1011376785395,19.46970219632513],[-99.09751389351682,19.47820438570212],[-99.10581997750606,19.48159400056746],[-99.10812998163718,19.478630903063745],[-99.11055607200768,19.475413926928905],[-99.11104699596916,19.4747430316254]]]},"properties":{"_id":4,"id":3,"g_pnt_2":"19.4758822889,-99.1039049923","geo_shp":"{\"type\": \"Polygon\", \"coordinates\": [[[-99.11104699596916, 19.4747430316254], [-99.11055607200767, 19.475413926928905], [-99.1094070311333, 19.47696386160997], [-99.10812998163718, 19.478630903063742], [-99.10581997750606, 19.48159400056746], [-99.1031508","deleg":"GUSTAVO A MADERO","zona":"NORTE","sctr_18":"CUCHILLA","cv_sctr":2,"zp":1,"are_km2":1.031100421383726,"x":-99.10428,"y":19.475648,"fech_cr":"2018-08-17T00:00:00","anio":2018,"mes":8,"dia":17}},
{"type":"Feature","geometry":{"type":"Polygon","coordinates":[[[-99.1011376785395,19.46970219632513],[-99.09475903291084,19.466645575677283],[-99.0912711398863,19.47582295831365],[-99.09751389351682,19.47820438570212],[-99.1011376785395,19.46970219632513]]]},"properties":{"_id":5,"id":4,"g_pnt_2":"19.4725027969,-99.0961705872","geo_shp":"{\"type\": \"Polygon\", \"coordinates\": [[[-99.1011376785395, 19.46970219632513], [-99.09751389351682, 19.47820438570212], [-99.09148929503397, 19.47590988107615], [-99.0912711398863, 19.47582295831365], [-99.09289525769468, 19.471629645851127], [-99.09475903","deleg":"GUSTAVO A MADERO","zona":"NORTE","sctr_18":"CUCHILLA","cv_sctr":2,"zp":6,"are_km2":0.767963136743267,"x":-99.096329,"y":19.472085,"fech_cr":"2018-08-17T00:00:00","anio":2018,"mes":8,"dia":17}},
{"type":"Feature","geometry":{"type":"Polygon","coordinates":[[[-99.18936009045188,19.48543570316712],[-99.18599323191876,19.48478432513731],[-99.18553694644255,19.482825252703467],[-99.18280146196838,19.48236368025704],[-99.1837566977693,19.483606744620623],[-99.18340100483032,19.486079441060323],[-99.17990350237484,19.485331740824247],[-99.1784475091536,19.489104677310856],[-99.1835461285271,19.48844435254936],[-99.18567360732564,19.488776485624097],[-99.1890291771806,19.489812250891383],[-99.18936009045188,19.48543570316712]]]},"properties":{"_id":31,"id":30,"g_pnt_2":"19.4866607763,-99.1845291609","geo_shp":"{\"type\": \"Polygon\", \"coordinates\": [[[-99.18936009045187, 19.48543570316712], [-99.18928062954765, 19.486101136809598], [-99.18902917718059, 19.489812250891386], [-99.18803564328444, 19.48955164597878], [-99.18724306540032, 19.48935806786622], [-99.18725","deleg":"AZCAPOTZALCO","zona":"PONIENTE","sctr_18":"HORMIGA","cv_sctr":3,"zp":10,"are_km2":0.488657448951571,"x":-99.183207,"y":19.486313,"fech_cr":"2018-08-17T00:00:00","anio":2018,"mes":8,"dia":17}},
{"type":"Feature","geometry":{"type":"Polygon","coordinates":[[[-99.10591670102684,19.424351455889525],[-99.1074339763626,19.42169175686279],[-99.10641091423828,19.421182631538706],[-99.10714243117732,19.41809446226655],[-99.10188851251276,19.416754930748688],[-99.0983181054266,19.41619095565647],[-99.09908576706454,19.42097908892389],[-99.10591670102684,19.424351455889525]]]},"properties":{"_id":6,"id":5,"g_pnt_2":"19.4198755512,-99.1029442704","geo_shp":"{\"type\": \"Polygon\", \"coordinates\": [[[-99.10591670102684, 19.424351455889525], [-99.09908576706454, 19.420979088923886], [-99.09905397942673, 19.420865953925187], [-99.09831810542659, 19.41619095565647], [-99.09881796709853, 19.41617604328959], [-99.0992","deleg":"VENUSTIANO CARRANZA","zona":"NORTE","sctr_18":"MERCED-BALBUENA","cv_sctr":3,"zp":8,"are_km2":0.542190594782293,"x":-99.10334,"y":19.420185,"fech_cr":"2018-08-17T00:00:00","anio":2018,"mes":8,"dia":17}},
{"type":"Feature","geometry":{"type":"Polygon","coordinates":[[[-99.1309134824668,19.29909206421923],[-99.12680887833169,19.29873715307733],[-99.12481086322298,19.2977794339167],[-99.12441672958758,19.303208372685067],[-99.13231312696313,19.306547812888827],[-99.1309134824668,19.29909206421923]]]},"properties":{"_id":7,"id":6,"g_pnt_2":"19.3018659484,-99.1282141377","geo_shp":"{\"type\": \"Polygon\", \"coordinates\": [[[-99.12485151280924, 19.29778907661804], [-99.12593585652749, 19.297844095418917], [-99.12657865816875, 19.297901764253886], [-99.12677762560718, 19.297952509266253], [-99.12680887833169, 19.29873715307733], [-99.1309","deleg":"TLALPAN","zona":"SUR","sctr_18":"COAPA","cv_sctr":3,"zp":2,"are_km2":0.496736219983338,"x":-99.128363,"y":19.302164,"fech_cr":"2018-08-17T00:00:00","anio":2018,"mes":8,"dia":17}},
{"type":"Feature","geometry":{"type":"Polygon","coordinates":[[[-99.1381327504408,19.297303036924166],[-99.13930831112104,19.289409484831396],[-99.1351983338944,19.28826458556905],[-99.13565275900862,19.286369824639017],[-99.13329527922818,19.28612066925958],[-99.13079648562882,19.29032218446095],[-99.13177681847311,19.2914095464176],[-99.13117479775896,19.294485287998825],[-99.1381327504408,19.297303036924166]]]},"properties":{"_id":8,"id":7,"g_pnt_2":"19.2917797783,-99.1351254235","geo_shp":"{\"type\": \"Polygon\", \"coordinates\": [[[-99.13854323806424, 19.29467000259961], [-99.1381327504408, 19.297303036924166], [-99.1342748476863, 19.295736493408086], [-99.13117479775896, 19.294485287998825], [-99.13177681847311, 19.2914095464176], [-99.1307964","deleg":"TLALPAN","zona":"SUR","sctr_18":"COAPA","cv_sctr":3,"zp":10,"are_km2":0.706687450376219,"x":-99.134579,"y":19.292006,"fech_cr":"2018-08-17T00:00:00","anio":2018,"mes":8,"dia":17}},
{"type":"Feature","geometry":{"type":"Polygon","coordinates":[[[-99.17687285349976,19.3638892785311],[-99.17564241521984,19.36751849752989],[-99.17508322333406,19.36987671581625],[-99.17932748201316,19.37092005925883],[-99.18051403159372,19.36726347623783],[-99.17734981860156,19.364429362975525],[-99.17687285349976,19.3638892785311]]]},"properties":{"_id":9,"id":8,"g_pnt_2":"19.3678607924,-99.1777137234","geo_shp":"{\"type\": \"Polygon\", \"coordinates\": [[[-99.17687285349975, 19.3638892785311], [-99.17734981860157, 19.364429362975525], [-99.17882964525518, 19.365934057878043], [-99.18051403159372, 19.36726347623783], [-99.17932748201316, 19.37092005925883], [-99.177884","deleg":"BENITO JUAREZ","zona":"SUR","sctr_18":"DEL VALLE","cv_sctr":2,"zp":2,"are_km2":0.264693373772419,"x":-99.178618,"y":19.367366,"fech_cr":"2018-08-17T00:00:00","anio":2018,"mes":8,"dia":17}},
{"type":"Feature","geometry":{"type":"Polygon","coordinates":[[[-99.1100881277204,19.380520892770843],[-99.10726758780528,19.373463266645736],[-99.10724422572402,19.37268657420526],[-99.10794570020816,19.36943816396706],[-99.10588554318744,19.369558672750752],[-99.1036813113261,19.370432448673643],[-99.10181557457202,19.37283736949681],[-99.10087635527724,19.37961305774327],[-99.10528485598644,19.380049072426026],[-99.1100881277204,19.380520892770843]]]},"properties":{"_id":16,"id":15,"g_pnt_2":"19.3755606942,-99.1050968692","geo_shp":"{\"type\": \"Polygon\", \"coordinates\": [[[-99.1100881277204, 19.380520892770843], [-99.10885294776732, 19.380430264200793], [-99.10708577757767, 19.380273694327403], [-99.10528485598644, 19.380049072426022], [-99.10131999950104, 19.37957232201912], [-99.1008","deleg":"IZTAPALAPA","zona":"ORIENTE","sctr_18":"GRANJAS","cv_sctr":5,"zp":1,"are_km2":0.774797230885885,"x":-99.105478,"y":19.373216,"fech_cr":"2018-08-17T00:00:00","anio":2018,"mes":8,"dia":17}},
{"type":"Feature","geometry":{"type":"Polygon","coordinates":[[[-99.32778369738904,19.34299212840067],[-99.33066896664816,19.33947016609725],[-99.33239772330298,19.334598049761127],[-99.33318949648898,19.33135143538365],[-99.3344017645549,19.329199597212824],[-99.33891472853348,19.32384717755876],[-99.34968326139116,19.31359354229686],[-99.34222507643538,19.306757904100333],[-99.33998644112992,19.303266746557505],[-99.33944986197169,19.303389393020034],[-99.33539341841043,19.30697266984224],[-99.3344260718405,19.31161848156835],[-99.33471560217014,19.315251657950697],[-99.33324929864963,19.318494274940196],[-99.32939284812583,19.320899077173635],[-99.3271901550537,19.324287215986473],[-99.32587996137012,19.322163618903144],[-99.32461787347,19.321727088115725],[-99.3243082413833,19.31971710684804],[-99.3211085830907,19.31798906014806],[-99.31950046863386,19.319780269590517],[-99.31587990040173,19.32849478625696],[-99.3180016239198,19.326503793678327],[-99.31938269036456,19.32912539178551],[-99.3196396502542,19.33065294850404],[-99.3191727085178,19.334529319790203],[-99.3200644643266,19.33761051967719],[-99.31972922478168,19.34136094367567],[-99.32271760322244,19.339995411138787],[-99.32401282045126,19.341520033136895],[-99.32778369738904,19.34299212840067]]]},"properties":{"_id":41,"id":40,"g_pnt_2":"19.3238928764,-99.3315993307","geo_shp":"{\"type\": \"Polygon\", \"coordinates\": [[[-99.3344017645549, 19.329199597212824], [-99.33318949648898, 19.33135143538365], [-99.33239772330298, 19.334598049761127], [-99.33134246089205, 19.337309655283168], [-99.33091441313908, 19.338766587470857], [-99.3306","deleg":"CUAJIMALPA","zona":"PONIENTE","sctr_18":"CUAJIMALPA","cv_sctr":6,"zp":6,"are_km2":5.816946643726825,"x":-99.340583,"y":19.316227,"fech_cr":"2018-08-17T00:00:00","anio":2018,"mes":8,"dia":17}},
{"type":"Feature","geometry":{"type":"Polygon","coordinates":[[[-99.13968898892502,19.329288158723138],[-99.13770088355687,19.322510769618372],[-99.13417966770592,19.322463053467743],[-99.13646368382638,19.32578519582406],[-99.13664162881204,19.329246182622867],[-99.13968898892502,19.329288158723138]]]},"properties":{"_id":10,"id":9,"g_pnt_2":"19.3257265549,-99.1372523969","geo_shp":"{\"type\": \"Polygon\", \"coordinates\": [[[-99.13968898892502, 19.329288158723138], [-99.13664162881203, 19.329246182622867], [-99.13646368382638, 19.32578519582406], [-99.13593152730101, 19.32474371414798], [-99.13417966770592, 19.322463053467743], [-99.1343","deleg":"COYOACAN","zona":"SUR","sctr_18":"TAXQUEA","cv_sctr":3,"zp":14,"are_km2":0.216150810610249,"x":-99.138163,"y":19.326608,"fech_cr":"2018-08-17T00:00:00","anio":2018,"mes":8,"dia":17}},
{"type":"Feature","geometry":{"type":"Polygon","coordinates":[[[-99.21102187359888,19.429100041913333],[-99.2104577954338,19.42668465302599],[-99.20869575572304,19.42407036723727],[-99.20539897731592,19.426162012890785],[-99.2024356432518,19.42674483750027],[-99.20668018188783,19.43017175428856],[-99.20838434355488,19.43054893681745],[-99.21102187359888,19.429100041913333]]]},"properties":{"_id":11,"id":10,"g_pnt_2":"19.4275868553,-99.2074988184","geo_shp":"{\"type\": \"Polygon\", \"coordinates\": [[[-99.21102187359888, 19.429100041913333], [-99.21050135512493, 19.429220847359783], [-99.21010769132872, 19.429394826867966], [-99.20927837468396, 19.429983053307126], [-99.20838434355487, 19.43054893681745], [-99.208","deleg":"MIGUEL HIDALGO","zona":"PONIENTE","sctr_18":"CHAPULTEPEC","cv_sctr":2,"zp":2,"are_km2":0.342170394803093,"x":-99.206579,"y":19.427193,"fech_cr":"2018-08-17T00:00:00","anio":2018,"mes":8,"dia":17}},
{"type":"Feature","geometry":{"type":"Polygon","coordinates":[[[-99.24694253701882,19.408221631961556],[-99.24614724930088,19.40626171397825],[-99.2462833616432,19.403546879233932],[-99.24767734228791,19.402113686058733],[-99.24546836896896,19.400366081812205],[-99.24173421657588,19.399732301854325],[-99.23816915476476,19.401921780574817],[-99.23500733948332,19.405100205867935],[-99.23246807953636,19.406044295734752],[-99.232275513797,19.40987986737116],[-99.2313261928239,19.41209666807192],[-99.23186661764088,19.413772289408936],[-99.2320960211536,19.416825468671263],[-99.23316719441593,19.416822741149005],[-99.23522168269058,19.41467183504719],[-99.23680522320386,19.411934160976916],[-99.24000500825952,19.411460002549926],[-99.24439587376268,19.40910426104047],[-99.24694253701882,19.408221631961556]]]},"properties":{"_id":12,"id":11,"g_pnt_2":"19.4072430839,-99.2392047676","geo_shp":"{\"type\": \"Polygon\", \"coordinates\": [[[-99.24694253701882, 19.408221631961556], [-99.24502414301192, 19.408808244133084], [-99.24439587376267, 19.40910426104047], [-99.24390115196086, 19.409538734654138], [-99.24312725201696, 19.410094143419247], [-99.241","deleg":"MIGUEL HIDALGO","zona":"PONIENTE","sctr_18":"CHAPULTEPEC","cv_sctr":2,"zp":12,"are_km2":1.678582160681191,"x":-99.241111,"y":19.407067,"fech_cr":"2018-08-17T00:00:00","anio":2018,"mes":8,"dia":17}},
{"type":"Feature","geometry":{"type":"Polygon","coordinates":[[[-99.210036560915,19.477680218308183],[-99.21005600360716,19.476426856778183],[-99.21146283451856,19.471838349018917],[-99.20656241372365,19.4705748453872],[-99.20073804466811,19.472643961503845],[-99.19999184542232,19.47501635398175],[-99.210036560915,19.477680218308183]]]},"properties":{"_id":13,"id":12,"g_pnt_2":"19.4739429533,-99.2062594784","geo_shp":"{\"type\": \"Polygon\", \"coordinates\": [[[-99.21003656091499, 19.477680218308183], [-99.20356080828992, 19.47602088943036], [-99.20275921531221, 19.47574171188548], [-99.20139521040461, 19.475423210428108], [-99.19999184542232, 19.47501635398175], [-99.20073","deleg":"AZCAPOTZALCO","zona":"PONIENTE","sctr_18":"CLAVERIA","cv_sctr":1,"zp":4,"are_km2":0.600404294994261,"x":-99.205734,"y":19.47413,"fech_cr":"2018-08-17T00:00:00","anio":2018,"mes":8,"dia":17}},
{"type":"Feature","geometry":{"type":"Polygon","coordinates":[[[-99.2235601897064,19.32622856440921],[-99.2227432361906,19.322244445123417],[-99.22016094454132,19.320366998205685],[-99.21370144204786,19.324876311492503],[-99.2115069850201,19.327471990755697],[-99.21001777996648,19.33035721633709],[-99.20900871918398,19.3323455125434],[-99.20997497544256,19.331651294957076],[-99.21102894418252,19.33039644766404],[-99.21827151765336,19.32744729915719],[-99.21982462995652,19.326777360826068],[-99.2235601897064,19.32622856440921]]]},"properties":{"_id":14,"id":13,"g_pnt_2":"19.3255700901,-99.2172328021","geo_shp":"{\"type\": \"Polygon\", \"coordinates\": [[[-99.2235601897064, 19.326228564409206], [-99.22229541775886, 19.32638113184397], [-99.21982462995653, 19.326777360826068], [-99.21967813194068, 19.32678540023675], [-99.21952319375218, 19.32688897902072], [-99.218271","deleg":"MAGDALENA CONTRERAS","zona":"SUR","sctr_18":"SAN JERONIMO","cv_sctr":2,"zp":4,"are_km2":0.721905774123183,"x":-99.216283,"y":19.326354,"fech_cr":"2018-08-17T00:00:00","anio":2018,"mes":8,"dia":17}},
{"type":"Feature","geometry":{"type":"Polygon","coordinates":[[[-99.09914383933786,19.391216960612528],[-99.09041032142687,19.390405493277388],[-99.088268752641,19.38965288658267],[-99.08723775502698,19.391279277057173],[-99.09336419309663,19.39537304940053],[-99.09845729689548,19.3961406502598],[-99.09877736362355,19.39388338824797],[-99.09896790518394,19.39257778098273],[-99.09908327184532,19.391692650741614],[-99.09914383933786,19.391216960612528]]]},"properties":{"_id":15,"id":14,"g_pnt_2":"19.3928135566,-99.0939945634","geo_shp":"{\"type\": \"Polygon\", \"coordinates\": [[[-99.09499850070523, 19.390827748173386], [-99.09914383933786, 19.391216960612528], [-99.09908327184533, 19.391692650741618], [-99.09896790518394, 19.39257778098273], [-99.09877736362355, 19.39388338824797], [-99.0984","deleg":"IZTACALCO","zona":"NORTE","sctr_18":"TLACOTAL","cv_sctr":3,"zp":13,"are_km2":0.526417611796039,"x":-99.0926,"y":19.393045,"fech_cr":"2018-08-17T00:00:00","anio":2018,"mes":8,"dia":17}},
{"type":"Feature","geometry":{"type":"Polygon","coordinates":[[[-99.28267172353036,19.346801357564473],[-99.28439083671952,19.345607419759347],[-99.28607098682456,19.34255645498381],[-99.28551328028767,19.341850940816308],[-99.28279573713206,19.34368079956537],[-99.28009608879609,19.343813666580164],[-99.27920374462369,19.34287954054052],[-99.28121137447803,19.34177538668136],[-99.28047305233946,19.338206439048037],[-99.28063847991254,19.33684781271305],[-99.27843716520546,19.336940120036868],[-99.26779627511748,19.341402542923287],[-99.26632909602532,19.343126020903057],[-99.26442664263092,19.343931885029697],[-99.26273650162244,19.34593917148999],[-99.25775092264516,19.34745622777255],[-99.25532324747311,19.3496393681436],[-99.25658929866852,19.350638247568927],[-99.25873471935404,19.349450004264977],[-99.2603554179601,19.352409360757168],[-99.26346295976002,19.35235780591277],[-99.26437934874198,19.35405557132665],[-99.26376603767204,19.35527185428626],[-99.2682721211806,19.35457469997031],[-99.26861637758964,19.353448362985127],[-99.271862125555,19.351982418198975],[-99.27735150825094,19.351335085180757],[-99.28047512218984,19.348113595799475],[-99.28267172353036,19.346801357564473]]]},"properties":{"_id":42,"id":41,"g_pnt_2":"19.3463371247,-99.2715431544","geo_shp":"{\"type\": \"Polygon\", \"coordinates\": [[[-99.28581616829563, 19.34291239903114], [-99.28478265646893, 19.34414793804924], [-99.28471609671521, 19.344251975919352], [-99.28468257117608, 19.344354516120383], [-99.28439083671951, 19.345607419759347], [-99.2840","deleg":"CUAJIMALPA","zona":"PONIENTE","sctr_18":"EL YAQUI","cv_sctr":7,"zp":8,"are_km2":3.017686205920341,"x":-99.276434,"y":19.344883,"fech_cr":"2018-08-17T00:00:00","anio":2018,"mes":8,"dia":17}},
{"type":"Feature","geometry":{"type":"Polygon","coordinates":[[[-99.01187692201236,19.19235151828462],[-99.0099932019744,19.18993008806312],[-99.01040341424051,19.1893574195712],[-99.01144515416271,19.187984670731055],[-99.00898066234969,19.18646019259391],[-99.0058041787197,19.187712802621743],[-99.00476068305191,19.185826065734492],[-99.0029862001796,19.186558359694033],[-98.9998772035756,19.18695840457442],[-98.99816510377478,19.185923728422427],[-98.9975002883154,19.188896218814573],[-98.99752672722512,19.189164556480673],[-98.99918396154422,19.192480149713905],[-99.005123099782,19.19269825647858],[-99.00536409247682,19.191374549051147],[-99.00934139267603,19.192346784431425],[-99.01187692201236,19.19235151828462]]]},"properties":{"_id":43,"id":42,"g_pnt_2":"19.1894277575,-99.0043946364","geo_shp":"{\"type\": \"Polygon\", \"coordinates\": [[[-99.01187692201235, 19.19235151828462], [-99.01163313106849, 19.19238867994726], [-99.01044832413393, 19.19259291890669], [-99.01024647876224, 19.19259916648926], [-99.00975174923059, 19.192469227511435], [-99.009341","deleg":"MILPA ALTA","zona":"ORIENTE","sctr_18":"TECOMITL","cv_sctr":2,"zp":5,"are_km2":0.868261976436925,"x":-99.00412,"y":19.189196,"fech_cr":"2018-08-17T00:00:00","anio":2018,"mes":8,"dia":17}},
{"type":"Feature","geometry":{"type":"Polygon","coordinates":[[[-99.19299573626336,19.23025775331063],[-99.19371704651962,19.22915608655725],[-99.19403521148134,19.226411936758353],[-99.19405640465637,19.219341207767663],[-99.18987732822131,19.21299157912195],[-99.18875602527407,19.212172005112],[-99.17736802114533,19.20408296710848],[-99.17200294186712,19.212936019780415],[-99.17049195800202,19.21450099066013],[-99.17058197195364,19.21903802812551],[-99.17110798347036,19.221252005483084],[-99.17427498023288,19.225396061513436],[-99.1708382498611,19.22776750020506],[-99.16713755130048,19.2294397629906],[-99.1656521439498,19.22938010682339],[-99.16483601656742,19.227467610063933],[-99.16502881241756,19.224460074239975],[-99.1637932065638,19.223649940915788],[-99.16229279648374,19.22453491244636],[-99.1554014651648,19.225886181115293],[-99.15396130246472,19.228296993377228],[-99.1542340606828,19.230834335925188],[-99.15689832841676,19.23454095519894],[-99.15823555374844,19.234510883119828],[-99.15880743524184,19.232894683059364],[-99.1634788249461,19.234760602929565],[-99.16515952468664,19.233591127396423],[-99.17103329973143,19.23384593582038],[-99.17501698719664,19.233228408026378],[-99.17851188830534,19.231901344510153],[-99.1808878621213,19.232572426046424],[-99.18213420671408,19.233839296805773],[-99.18378093647028,19.234248694459477],[-99.18574064587185,19.233172021714346],[-99.18903405202892,19.23543038204426],[-99.19127742088251,19.23210057388817],[-99.19299573626336,19.23025775331063]]]},"properties":{"_id":44,"id":43,"g_pnt_2":"19.2228429381,-99.1781825932","geo_shp":"{\"type\": \"Polygon\", \"coordinates\": [[[-99.19371704651962, 19.22915608655725], [-99.1934836104204, 19.22959674963989], [-99.19299573626337, 19.23025775331063], [-99.19182902732166, 19.231499610030806], [-99.19127742088251, 19.23210057388817], [-99.1908318","deleg":"TLALPAN","zona":"SUR","sctr_18":"FUENTE","cv_sctr":4,"zp":13,"are_km2":7.482416315100587,"x":-99.176974,"y":19.221728,"fech_cr":"2018-08-17T00:00:00","anio":2018,"mes":8,"dia":17}},
{"type":"Feature","geometry":{"type":"Polygon","coordinates":[[[-99.10632323573124,19.35553277138997],[-99.10528210631684,19.355447969088605],[-99.10177975459712,19.355166263727128],[-99.10024252887172,19.355492115304735],[-99.09886251090292,19.35931856637844],[-99.09989176460688,19.359567899519867],[-99.09632539557774,19.36650126017217],[-99.10102878176558,19.367969247854532],[-99.10227693006446,19.368398839488165],[-99.10521100617773,19.360980853817814],[-99.10491225352284,19.36029939637948],[-99.10632323573124,19.35553277138997]]]},"properties":{"_id":17,"id":16,"g_pnt_2":"19.3615234339,-99.1015445155","geo_shp":"{\"type\": \"Polygon\", \"coordinates\": [[[-99.10632323573125, 19.35553277138997], [-99.10592651163476, 19.357061292866135], [-99.10536428585938, 19.35887306297562], [-99.10491225352284, 19.360299396379478], [-99.1048680898362, 19.360475116383984], [-99.10486","deleg":"IZTAPALAPA","zona":"ORIENTE","sctr_18":"GRANJAS","cv_sctr":5,"zp":3,"are_km2":0.882898380719011,"x":-99.101878,"y":19.361552,"fech_cr":"2018-08-17T00:00:00","anio":2018,"mes":8,"dia":17}},
{"type":"Feature","geometry":{"type":"Polygon","coordinates":[[[-99.087131631411,19.30367870672115],[-99.07906845346156,19.313174191730113],[-99.07547489381729,19.317852071151037],[-99.07832329483028,19.318546783641615],[-99.07799765513128,19.320386302843733],[-99.0799252222864,19.320738305344673],[-99.08028767858929,19.318894066964692],[-99.0837376813525,19.319470033333968],[-99.0869862668372,19.320025514623737],[-99.08777655411996,19.318218473600215],[-99.09055149645228,19.307797937605372],[-99.087131631411,19.30367870672115]]]},"properties":{"_id":18,"id":17,"g_pnt_2":"19.3133391365,-99.0841520347","geo_shp":"{\"type\": \"Polygon\", \"coordinates\": [[[-99.087131631411, 19.303678706721154], [-99.09055149645229, 19.307797937605372], [-99.08913676157201, 19.312767186431227], [-99.08777655411996, 19.318218473600215], [-99.08698626683721, 19.320025514623737], [-99.0837","deleg":"IZTAPALAPA","zona":"ORIENTE","sctr_18":"ESTRELLA","cv_sctr":4,"zp":9,"are_km2":1.514556730538563,"x":-99.084845,"y":19.31232,"fech_cr":"2018-08-17T00:00:00","anio":2018,"mes":8,"dia":17}},
{"type":"Feature","geometry":{"type":"Polygon","coordinates":[[[-99.09879258960184,19.408065050840836],[-99.10098877217136,19.40763943130602],[-99.1023232300531,19.4057854057426],[-99.1016957287442,19.402662314005138],[-99.10318959308226,19.396461215840795],[-99.09845729689548,19.3961406502598],[-99.09770496887032,19.40213299329678],[-99.09714342778862,19.408395455968527],[-99.09879258960184,19.408065050840836]]]},"properties":{"_id":19,"id":18,"g_pnt_2":"19.4020482724,-99.0998802014","geo_shp":"{\"type\": \"Polygon\", \"coordinates\": [[[-99.09879258960184, 19.408065050840836], [-99.0985049780385, 19.408112203228278], [-99.09714342778862, 19.408395455968527], [-99.0971032677338, 19.407328391436504], [-99.09770496887033, 19.40213299329678], [-99.09845","deleg":"IZTACALCO","zona":"NORTE","sctr_18":"TLACOTAL","cv_sctr":3,"zp":2,"are_km2":0.593102548316029,"x":-99.101619,"y":19.402226,"fech_cr":"2018-08-17T00:00:00","anio":2018,"mes":8,"dia":17}},
{"type":"Feature","geometry":{"type":"Polygon","coordinates":[[[-99.2249734917004,19.28968683705895],[-99.2332747796044,19.289049199460713],[-99.23252389099314,19.27930404746952],[-99.22866563745409,19.279529891080347],[-99.2241193097797,19.279838561989948],[-99.2249734917004,19.28968683705895]]]},"properties":{"_id":20,"id":19,"g_pnt_2":"19.2844687372,-99.2287110489","geo_shp":"{\"type\": \"Polygon\", \"coordinates\": [[[-99.2249734917004, 19.28968683705895], [-99.22460324659995, 19.285490944223017], [-99.22449361108399, 19.284097266511], [-99.22434897976386, 19.28265238703109], [-99.22419798570702, 19.280865885279162], [-99.22411930","deleg":"TLALPAN","zona":"SUR","sctr_18":"PADIERNA","cv_sctr":6,"zp":5,"are_km2":0.962768887355999,"x":-99.229723,"y":19.284429,"fech_cr":"2018-08-17T00:00:00","anio":2018,"mes":8,"dia":17}},
{"type":"Feature","geometry":{"type":"Polygon","coordinates":[[[-99.03976373131188,19.28438469264925],[-99.04163530483444,19.297517288820135],[-99.04134400328802,19.29846407071707],[-99.0458389974174,19.2993159905065],[-99.04814808651098,19.299551013078975],[-99.05491303853708,19.29120498985853],[-99.05621058178072,19.289505386158396],[-99.05372207200254,19.287664127393068],[-99.03976373131188,19.28438469264925]]]},"properties":{"_id":21,"id":20,"g_pnt_2":"19.2918387765,-99.0467865275","geo_shp":"{\"type\": \"Polygon\", \"coordinates\": [[[-99.04082494889357, 19.291819190121345], [-99.04000533425169, 19.286170161811622], [-99.03976373131187, 19.28438469264925], [-99.04625784692377, 19.28593632190347], [-99.0497664075211, 19.286752242429213], [-99.05038","deleg":"TLAHUAC","zona":"ORIENTE","sctr_18":"ZAPOTITLA","cv_sctr":4,"zp":5,"are_km2":1.84726907117598,"x":-99.048518,"y":19.292743,"fech_cr":"2018-08-17T00:00:00","anio":2018,"mes":8,"dia":17}},
{"type":"Feature","geometry":{"type":"Polygon","coordinates":[[[-99.16971725044316,19.415096410711655],[-99.17151388461504,19.41496204966339],[-99.1734354598766,19.416333686034104],[-99.17778490300668,19.408590488557312],[-99.1741490136542,19.406707928234862],[-99.17155944235309,19.405362234670697],[-99.17260117994908,19.409574723099876],[-99.17208049220622,19.41077117795275],[-99.17091735901276,19.413520644867575],[-99.16971725044316,19.415096410711655]]]},"properties":{"_id":22,"id":21,"g_pnt_2":"19.4109782926,-99.1737558221","geo_shp":"{\"type\": \"Polygon\", \"coordinates\": [[[-99.16971725044317, 19.415096410711655], [-99.17001123863689, 19.414778098715427], [-99.17046846174131, 19.414257911390443], [-99.17091735901276, 19.413520644867578], [-99.1713658237209, 19.41246525007767], [-99.1720","deleg":"CUAUHTEMOC","zona":"CENTRO","sctr_18":"ROMA","cv_sctr":4,"zp":5,"are_km2":0.459242785608617,"x":-99.17375,"y":19.410847,"fech_cr":"2018-08-17T00:00:00","anio":2018,"mes":8,"dia":17}},
{"type":"Feature","geometry":{"type":"Polygon","coordinates":[[[-99.31587990040173,19.32849478625696],[-99.31950046863386,19.319780269590517],[-99.3211085830907,19.31798906014806],[-99.3243082413833,19.31971710684804],[-99.32461787347,19.321727088115725],[-99.32587996137012,19.322163618903144],[-99.3271901550537,19.324287215986473],[-99.32939284812583,19.320899077173635],[-99.33324929864963,19.318494274940196],[-99.33471560217014,19.315251657950697],[-99.3344260718405,19.31161848156835],[-99.33539341841043,19.30697266984224],[-99.33944986197169,19.303389393020034],[-99.33743179104845,19.303111247825168],[-99.33502884307016,19.301681656580104],[-99.3343205515171,19.3003023504671],[-99.33235305586489,19.300631211071448],[-99.33130751064188,19.30187254695304],[-99.32691175425512,19.302710678650307],[-99.32339555549082,19.30258770210808],[-99.32042032211788,19.303608610471493],[-99.31870731006,19.30518273085783],[-99.31721970124022,19.305097565823907],[-99.31451497982484,19.30616110876092],[-99.3142390796026,19.30952154600257],[-99.3109527678693,19.324882561061948],[-99.30909289899805,19.33772118863284],[-99.31079651836644,19.338554641840982],[-99.31335816719935,19.333017184789387],[-99.31587990040173,19.32849478625696]]]},"properties":{"_id":23,"id":22,"g_pnt_2":"19.3145353398,-99.3228631156","geo_shp":"{\"type\": \"Polygon\", \"coordinates\": [[[-99.339633068787, 19.30485524309708], [-99.33934851803423, 19.304879089688598], [-99.33915967382396, 19.304879440685202], [-99.33905576557467, 19.304895269003172], [-99.33894360295146, 19.304924036543266], [-99.33875","deleg":"CUAJIMALPA","zona":"PONIENTE","sctr_18":"EL YAQUI","cv_sctr":7,"zp":10,"are_km2":5.428256302841424,"x":-99.317486,"y":19.319438,"fech_cr":"2018-08-17T00:00:00","anio":2018,"mes":8,"dia":17}},
{"type":"Feature","geometry":{"type":"Polygon","coordinates":[[[-99.1242178543199,19.28360478215615],[-99.1242993109064,19.284472812996857],[-99.1277093247823,19.283555920328425],[-99.13204499956558,19.282350622468297],[-99.13544123044016,19.281561029467085],[-99.13851475274872,19.28150964973676],[-99.13750238771657,19.28045262360324],[-99.1342314321738,19.279719554815824],[-99.13220407836596,19.278019203666915],[-99.13225309419452,19.274939877850255],[-99.130834354129,19.271128907429915],[-99.12724239416896,19.2680056951842],[-99.12591579128376,19.267605603220648],[-99.11258086116727,19.264756071821733],[-99.1119413287143,19.26651342821038],[-99.1083670199418,19.265662044296068],[-99.10777470769564,19.26723155103272],[-99.10937866742296,19.271220097876625],[-99.10821328641576,19.27574135449683],[-99.11305703109409,19.277494118571763],[-99.11855972274972,19.27525104803024],[-99.12142226424908,19.2762632173383],[-99.12496756545865,19.28264734242177],[-99.1242178543199,19.28360478215615]]]},"properties":{"_id":24,"id":23,"g_pnt_2":"19.273632925,-99.1215705483","geo_shp":"{\"type\": \"Polygon\", \"coordinates\": [[[-99.1242178543199, 19.28360478215615], [-99.1244319231949, 19.283134215952064], [-99.12465887849808, 19.28284150575173], [-99.12496756545863, 19.28264734242177], [-99.1248101401031, 19.28225656261772], [-99.124687624","deleg":"XOCHIMILCO","zona":"ORIENTE","sctr_18":"LA NORIA","cv_sctr":5,"zp":4,"are_km2":3.347079375253104,"x":-99.126837,"y":19.274878,"fech_cr":"2018-08-17T00:00:00","anio":2018,"mes":8,"dia":17}},
{"type":"Feature","geometry":{"type":"Polygon","coordinates":[[[-99.13319178428804,19.49008498230729],[-99.13249356129305,19.4935832447297],[-99.13937463022944,19.49516481700464],[-99.14088559628968,19.495775586070547],[-99.14222630804365,19.49194664434451],[-99.13319178428804,19.49008498230729]]]},"properties":{"_id":29,"id":28,"g_pnt_2":"19.4927958264,-99.1372972541","geo_shp":"{\"type\": \"Polygon\", \"coordinates\": [[[-99.13250646107878, 19.493509126596937], [-99.13319178428804, 19.49008498230729], [-99.14222630804363, 19.49194664434451], [-99.14198500228356, 19.49279610111994], [-99.14088559628968, 19.495775586070547], [-99.14032","deleg":"GUSTAVO A MADERO","zona":"NORTE","sctr_18":"LINDAVISTA","cv_sctr":2,"zp":8,"are_km2":0.386562789723282,"x":-99.13736,"y":19.49293,"fech_cr":"2018-08-17T00:00:00","anio":2018,"mes":8,"dia":17}},
{"type":"Feature","geometry":{"type":"Polygon","coordinates":[[[-99.09943268028032,19.38900860758217],[-99.09190292122211,19.388342870529463],[-99.09217832815416,19.38714314906448],[-99.09023681531468,19.38662363793987],[-99.088268752641,19.38965288658267],[-99.09041032142687,19.390405493277388],[-99.09914383933786,19.391216960612528],[-99.09924914457712,19.390390129160306],[-99.09943268028032,19.38900860758217]]]},"properties":{"_id":25,"id":24,"g_pnt_2":"19.3893768428,-99.0937029283","geo_shp":"{\"type\": \"Polygon\", \"coordinates\": [[[-99.09943268028032, 19.38900860758217], [-99.09924914457713, 19.390390129160302], [-99.09914383933786, 19.391216960612528], [-99.09499850070523, 19.390827748173386], [-99.09041032142687, 19.390405493277388], [-99.090","deleg":"IZTACALCO","zona":"NORTE","sctr_18":"TLACOTAL","cv_sctr":3,"zp":14,"are_km2":0.303136395130408,"x":-99.093637,"y":19.390119,"fech_cr":"2018-08-17T00:00:00","anio":2018,"mes":8,"dia":17}},
{"type":"Feature","geometry":{"type":"Polygon","coordinates":[[[-99.1134845174305,19.439357078300745],[-99.1139890156265,19.43715038695279],[-99.10653263491466,19.43636113511701],[-99.10471397968492,19.4406420000946],[-99.10646321590716,19.44122490833802],[-99.10714683945685,19.439347555267084],[-99.11184152338984,19.439790010282135],[-99.11297106322203,19.441030729611995],[-99.1134845174305,19.439357078300745]]]},"properties":{"_id":26,"id":25,"g_pnt_2":"19.438526829,-99.1094208059","geo_shp":"{\"type\": \"Polygon\", \"coordinates\": [[[-99.1134845174305, 19.439357078300745], [-99.11327738792407, 19.440141861228707], [-99.11297106322205, 19.441030729611995], [-99.1115624495968, 19.440557844697], [-99.11184152338984, 19.439790010282135], [-99.1071468","deleg":"VENUSTIANO CARRANZA","zona":"NORTE","sctr_18":"CONSULADO","cv_sctr":5,"zp":9,"are_km2":0.31625072018386,"x":-99.109351,"y":19.438791,"fech_cr":"2018-08-17T00:00:00","anio":2018,"mes":8,"dia":17}},
{"type":"Feature","geometry":{"type":"Polygon","coordinates":[[[-99.12895729194202,19.558851465397577],[-99.13147993063689,19.554180921308493],[-99.12979803711497,19.553133597458977],[-99.1257092191186,19.55088097926927],[-99.12410403479554,19.550948425378422],[-99.12210765168211,19.549916518488875],[-99.12069099089788,19.548387496723436],[-99.1185857226236,19.551949973594116],[-99.11920633514258,19.555611324583953],[-99.1192368659878,19.56018558717988],[-99.122539218677,19.559408674301032],[-99.12434292021682,19.557657042104115],[-99.12895729194202,19.558851465397577]]]},"properties":{"_id":27,"id":26,"g_pnt_2":"19.5546998159,-99.1240685992","geo_shp":"{\"type\": \"Polygon\", \"coordinates\": [[[-99.12895729194202, 19.558851465397577], [-99.12627767603861, 19.55837147574108], [-99.12503873359069, 19.558004689226525], [-99.1250800323438, 19.55790660285035], [-99.12434292021682, 19.557657042104115], [-99.12393","deleg":"GUSTAVO A MADERO","zona":"NORTE","sctr_18":"CUAUTEPEC","cv_sctr":1,"zp":6,"are_km2":1.057549912301625,"x":-99.125034,"y":19.554283,"fech_cr":"2018-08-17T00:00:00","anio":2018,"mes":8,"dia":17}},
{"type":"Feature","geometry":{"type":"Polygon","coordinates":[[[-99.1514055769516,19.488147909649022],[-99.14896112781648,19.48175923461519],[-99.1427236754434,19.48404048008307],[-99.1433489187745,19.485614254705997],[-99.14356314910376,19.486175413435586],[-99.1514055769516,19.488147909649022]]]},"properties":{"_id":28,"id":27,"g_pnt_2":"19.4850138167,-99.1472496378","geo_shp":"{\"type\": \"Polygon\", \"coordinates\": [[[-99.14926982815426, 19.482556010987082], [-99.1514055769516, 19.488147909649026], [-99.14852519769023, 19.487416528547097], [-99.14356314910377, 19.486175413435586], [-99.1433489187745, 19.485614254705997], [-99.1427","deleg":"GUSTAVO A MADERO","zona":"NORTE","sctr_18":"LINDAVISTA","cv_sctr":2,"zp":12,"are_km2":0.352414476338438,"x":-99.147785,"y":19.486875,"fech_cr":"2018-08-17T00:00:00","anio":2018,"mes":8,"dia":17}},
{"type":"Feature","geometry":{"type":"Polygon","coordinates":[[[-99.17240651914004,19.473932981072792],[-99.17314478711045,19.473945833584818],[-99.1734787083523,19.470678673686223],[-99.17830415703756,19.46991527912077],[-99.17577023153112,19.467592365609892],[-99.16574879285416,19.47074510519664],[-99.16317786249536,19.471553778266617],[-99.1641486698188,19.473994785790683],[-99.16741202655398,19.472974069794834],[-99.17240651914004,19.473932981072792]]]},"properties":{"_id":30,"id":29,"g_pnt_2":"19.4710816179,-99.1705215947","geo_shp":"{\"type\": \"Polygon\", \"coordinates\": [[[-99.17314478711045, 19.473945833584818], [-99.17242734510685, 19.473804084337736], [-99.17240651914003, 19.473932981072792], [-99.17202106240225, 19.473898733216963], [-99.17179606780276, 19.473778926658056], [-99.17","deleg":"AZCAPOTZALCO","zona":"PONIENTE","sctr_18":"CUITLAHUAC","cv_sctr":2,"zp":3,"are_km2":0.523227322183646,"x":-99.169475,"y":19.470774,"fech_cr":"2018-08-17T00:00:00","anio":2018,"mes":8,"dia":17}},
{"type":"Feature","geometry":{"type":"Polygon","coordinates":[[[-99.25971732970936,19.37611531090647],[-99.26245481206873,19.374526530470803],[-99.26627486171198,19.37365363206199],[-99.26732222809984,19.372715789992064],[-99.2691916941415,19.37291005636707],[-99.26933373271687,19.37085982286502],[-99.26783903434703,19.371216849110468],[-99.268654518215,19.36830812527921],[-99.26825979214507,19.3681707919472],[-99.2671281421675,19.368320222810627],[-99.26618335151184,19.364034114546115],[-99.26641061030602,19.363020111655818],[-99.2642828197923,19.361868734323775],[-99.26236511743568,19.361557175797692],[-99.26057606992308,19.360112624536008],[-99.25978001680122,19.35641706039166],[-99.25730732518808,19.357283041325385],[-99.25483002524771,19.359490194367567],[-99.25344146319888,19.362432376368375],[-99.25195656902488,19.362946876410973],[-99.25078301152686,19.364508046813576],[-99.24376036194094,19.3709442221525],[-99.23942065328389,19.374580978559496],[-99.23670947920616,19.375422412695677],[-99.23431685810016,19.375632834739463],[-99.23335840294772,19.37810109358806],[-99.23436754404923,19.378780788753257],[-99.23522892183632,19.38239458360461],[-99.235165646768,19.385085012397237],[-99.23709968101062,19.385798649943496],[-99.23401518389151,19.390168130296516],[-99.22917997621408,19.39201861378437],[-99.22419905270336,19.393250969632],[-99.21886935591502,19.393387967789987],[-99.21780082456316,19.396264599047942],[-99.21893378779166,19.396560940401784],[-99.22402094668416,19.394980374223316],[-99.22795781801658,19.394956682371628],[-99.2321608014076,19.394209820357386],[-99.23525516578316,19.392976172769092],[-99.23766835205517,19.392785231019513],[-99.23894298680314,19.391807307664077],[-99.23939619935923,19.38847713016167],[-99.24204624830864,19.386478096637266],[-99.2454462854922,19.386650679150353],[-99.24711941386896,19.385575999332183],[-99.25009976137235,19.38313490814757],[-99.25611720714464,19.37927349001671],[-99.2581114483385,19.37769142265891],[-99.25971732970936,19.37611531090647]]]},"properties":{"_id":337,"id":336,"g_pnt_2":"19.3755065196,-99.2489593246","geo_shp":"{\"type\": \"Polygon\", \"coordinates\": [[[-99.26627486171198, 19.37365363206199], [-99.26592201000084, 19.37374289830701], [-99.26535106290903, 19.37387179604531], [-99.26418829624129, 19.374119946124832], [-99.26324360595062, 19.374318337199636], [-99.26245","deleg":"ALVARO OBREGON","zona":"PONIENTE","sctr_18":"SANTA FE","cv_sctr":5,"zp":1,"are_km2":6.766253126624881,"x":-99.247676,"y":19.376017,"fech_cr":"2018-08-17T00:00:00","anio":2018,"mes":8,"dia":17}},
{"type":"Feature","geometry":{"type":"Polygon","coordinates":[[[-99.2004959702921,19.406325045049343],[-99.20250238761062,19.405182351888502],[-99.2108867240907,19.399936910342507],[-99.21167262544007,19.399186318797447],[-99.2070840337739,19.400201026115173],[-99.20211404941678,19.40068299810551],[-99.20015395471547,19.401266924680225],[-99.20036760095604,19.40182892544783],[-99.2004959702921,19.406325045049343]]]},"properties":{"_id":32,"id":31,"g_pnt_2":"19.4023054133,-99.2041549067","geo_shp":"{\"type\": \"Polygon\", \"coordinates\": [[[-99.2004959702921, 19.406325045049346], [-99.20037222416998, 19.405527151825048], [-99.20033473830087, 19.405015206895353], [-99.20030001205888, 19.40450108983502], [-99.20042302738675, 19.40377007453856], [-99.20046","deleg":"MIGUEL HIDALGO","zona":"PONIENTE","sctr_18":"TACUBAYA","cv_sctr":5,"zp":3,"are_km2":0.360100059558911,"x":-99.205989,"y":19.402683,"fech_cr":"2018-08-17T00:00:00","anio":2018,"mes":8,"dia":17}},
{"type":"Feature","geometry":{"type":"Polygon","coordinates":[[[-99.2037219854218,19.369432714418675],[-99.20458332752136,19.36726540086705],[-99.20408405423936,19.364639772633492],[-99.19528206314008,19.364077969869395],[-99.1908794498153,19.3629614150818],[-99.19058115342128,19.36519387234074],[-99.19045635391714,19.366288746032794],[-99.19154206410796,19.368984833358738],[-99.19142976932082,19.371162868199537],[-99.19508197360436,19.371172908294938],[-99.19795217382274,19.369501260560025],[-99.20111828226813,19.368388767903532],[-99.2037219854218,19.369432714418675]]]},"properties":{"_id":33,"id":32,"g_pnt_2":"19.3670009289,-99.1966317615","geo_shp":"{\"type\": \"MultiPolygon\", \"coordinates\": [[[[-99.20372198542181, 19.369432714418675], [-99.203422127899, 19.369123416663136], [-99.20292215749782, 19.368925234728543], [-99.20276674774573, 19.36884207990833], [-99.20266528902411, 19.3688036921081], [-99.2","deleg":"ALVARO OBREGON","zona":"PONIENTE","sctr_18":"PLATEROS","cv_sctr":2,"zp":12,"are_km2":0.905710682310796,"x":-99.197692,"y":19.36717,"fech_cr":"2018-08-17T00:00:00","anio":2018,"mes":8,"dia":17}},
{"type":"Feature","geometry":{"type":"Polygon","coordinates":[[[-99.19934099049132,19.393219368489355],[-99.1984372094826,19.396448631025173],[-99.19949515199951,19.40046690743505],[-99.20117276129284,19.39903321332621],[-99.20211404941678,19.40068299810551],[-99.2070840337739,19.400201026115173],[-99.21167262544007,19.399186318797447],[-99.21683680570362,19.39725420582165],[-99.2163619842256,19.395768610295864],[-99.21459862965784,19.395234583098738],[-99.21176358271688,19.39698037852569],[-99.20576710482132,19.395088892123265],[-99.20302283686934,19.39584816313939],[-99.20028361235046,19.395690872238813],[-99.19934099049132,19.393219368489355]]]},"properties":{"_id":34,"id":33,"g_pnt_2":"19.3975905157,-99.2062437031","geo_shp":"{\"type\": \"Polygon\", \"coordinates\": [[[-99.1988016872121, 19.398097435690946], [-99.1984372094826, 19.396448631025173], [-99.19839608090803, 19.39591020857281], [-99.19842261361309, 19.395564034936168], [-99.19846958906447, 19.39526908284451], [-99.198536","deleg":"ALVARO OBREGON","zona":"PONIENTE","sctr_18":"PLATEROS","cv_sctr":2,"zp":1,"are_km2":0.807254427867809,"x":-99.207703,"y":19.396943,"fech_cr":"2018-08-17T00:00:00","anio":2018,"mes":8,"dia":17}},
{"type":"Feature","geometry":{"type":"Polygon","coordinates":[[[-99.12676208719002,19.338054335675277],[-99.130398242797,19.339037433161856],[-99.13340923183968,19.339908395876353],[-99.13707698757656,19.340443423109782],[-99.13653613081776,19.332662462487917],[-99.12956793151125,19.331394934240883],[-99.12676208719002,19.338054335675277]]]},"properties":{"_id":35,"id":34,"g_pnt_2":"19.3359782976,-99.1324836064","geo_shp":"{\"type\": \"Polygon\", \"coordinates\": [[[-99.12676208719002, 19.338054335675277], [-99.12784591911077, 19.335641840659562], [-99.12809992986496, 19.335165641119712], [-99.12955646557057, 19.331462545200203], [-99.12956793151123, 19.331394934240883], [-99.13","deleg":"COYOACAN","zona":"SUR","sctr_18":"TAXQUEA","cv_sctr":3,"zp":9,"are_km2":0.759506770733074,"x":-99.131917,"y":19.33592,"fech_cr":"2018-08-17T00:00:00","anio":2018,"mes":8,"dia":17}},
{"type":"Feature","geometry":{"type":"Polygon","coordinates":[[[-99.16171206897278,19.28968222271732],[-99.15695515726944,19.285680167193707],[-99.15115475573128,19.289381989694476],[-99.1493987454342,19.290522383609815],[-99.1502972488732,19.292959785175498],[-99.15268726102522,19.293570206620977],[-99.1513044706762,19.29725762067497],[-99.16171206897278,19.28968222271732]]]},"properties":{"_id":36,"id":35,"g_pnt_2":"19.2906845475,-99.1552335119","geo_shp":"{\"type\": \"Polygon\", \"coordinates\": [[[-99.16171206897278, 19.28968222271732], [-99.15963225942468, 19.291134625686624], [-99.15522541549151, 19.294410754891906], [-99.1513044706762, 19.29725762067497], [-99.1511784881709, 19.297090163536748], [-99.151272","deleg":"TLALPAN","zona":"SUR","sctr_18":"HUIPULCO-HOSPITALES","cv_sctr":5,"zp":6,"are_km2":0.72920561156734,"x":-99.155557,"y":19.291468,"fech_cr":"2018-08-17T00:00:00","anio":2018,"mes":8,"dia":17}},
{"type":"Feature","geometry":{"type":"Polygon","coordinates":[[[-99.10724422572402,19.37268657420526],[-99.10726758780528,19.373463266645736],[-99.1100881277204,19.380520892770843],[-99.1173685873855,19.381339862494027],[-99.12210956962842,19.38183164981078],[-99.12221475324904,19.37500318703831],[-99.11165901942212,19.37296499380069],[-99.10724422572402,19.37268657420526]]]},"properties":{"_id":37,"id":36,"g_pnt_2":"19.3772467652,-99.1152019","geo_shp":"{\"type\": \"Polygon\", \"coordinates\": [[[-99.10724216504181, 19.372884502654067], [-99.10724422572402, 19.37268657420526], [-99.10782302171839, 19.372719943103178], [-99.10831105622542, 19.372733932986325], [-99.10882207378998, 19.37279897123585], [-99.1097","deleg":"IZTAPALAPA","zona":"ORIENTE","sctr_18":"CHURUBUSCO","cv_sctr":3,"zp":1,"are_km2":1.183073108244794,"x":-99.114757,"y":19.377259,"fech_cr":"2018-08-17T00:00:00","anio":2018,"mes":8,"dia":17}},
{"type":"Feature","geometry":{"type":"Polygon","coordinates":[[[-99.02543200532818,19.3634969466686],[-99.02129600433368,19.366707068834543],[-99.02633180355588,19.371060816732793],[-99.025258703058,19.373984150090873],[-99.02580020644228,19.375526552549974],[-99.02433357755702,19.376471202785943],[-99.02390477816398,19.37782258859487],[-99.03037009514948,19.38160420542953],[-99.03570290232784,19.377406996868302],[-99.0338890717009,19.3744668112157],[-99.03376016374976,19.373213113861983],[-99.0321043677536,19.37210619449007],[-99.03455210478138,19.368937640501525],[-99.02543200532818,19.3634969466686]]]},"properties":{"_id":38,"id":37,"g_pnt_2":"19.3726066881,-99.0289009764","geo_shp":"{\"type\": \"Polygon\", \"coordinates\": [[[-99.02129600433369, 19.366707068834543], [-99.02516255059065, 19.363598840050212], [-99.02543200532818, 19.3634969466686], [-99.02574816183365, 19.363679917563545], [-99.02801555272814, 19.364961774518846], [-99.0286","deleg":"IZTAPALAPA","zona":"ORIENTE","sctr_18":"OASIS","cv_sctr":1,"zp":5,"are_km2":1.59253359338,"x":-99.028499,"y":19.37255,"fech_cr":"2018-08-17T00:00:00","anio":2018,"mes":8,"dia":17}},
{"type":"Feature","geometry":{"type":"Polygon","coordinates":[[[-99.30028267994452,19.368464484772332],[-99.29905088375062,19.370335055606255],[-99.3004817418332,19.37119353896751],[-99.30137006062928,19.37501925958856],[-99.30088737697672,19.376581589525617],[-99.30322338111507,19.377210349450547],[-99.30475791879635,19.37591313780864],[-99.30751458871568,19.371238277446302],[-99.31053860579856,19.3696967365898],[-99.31289116188228,19.369850867048473],[-99.31416579360771,19.367262809470756],[-99.31951361655166,19.362896163059684],[-99.31995734395684,19.360461986816404],[-99.31766339129662,19.357510678498652],[-99.31149442526424,19.359460733903457],[-99.31003369063664,19.35727854451803],[-99.31184499651415,19.355245675469934],[-99.31442065637874,19.3504979916794],[-99.31607147966872,19.34904729518056],[-99.31678236062886,19.346159779795727],[-99.31283535317192,19.33933002389245],[-99.31079651836644,19.338554641840982],[-99.3075231171788,19.34195385674709],[-99.30731676306652,19.34289719993321],[-99.30553635812905,19.348345053769428],[-99.30493505943042,19.348881093607275],[-99.3059853162725,19.350770292148724],[-99.30472435431524,19.353390719682544],[-99.3032452820656,19.35676723420856],[-99.3038883729169,19.362428913338167],[-99.30386895532143,19.362638168411976],[-99.30337090953968,19.364048608350817],[-99.30028267994452,19.368464484772332]]]},"properties":{"_id":39,"id":38,"g_pnt_2":"19.3585055031,-99.3092961825","geo_shp":"{\"type\": \"Polygon\", \"coordinates\": [[[-99.29905088375062, 19.370335055606255], [-99.29958222645243, 19.36945074744732], [-99.30028267994452, 19.368464484772332], [-99.30106214366555, 19.367314777620017], [-99.30191917296317, 19.366098330681215], [-99.302","deleg":"CUAJIMALPA","zona":"PONIENTE","sctr_18":"CUAJIMALPA","cv_sctr":6,"zp":4,"are_km2":4.231585526589424,"x":-99.30949,"y":19.357878,"fech_cr":"2018-08-17T00:00:00","anio":2018,"mes":8,"dia":17}},
{"type":"Feature","geometry":{"type":"Polygon","coordinates":[[[-99.31766339129662,19.357510678498652],[-99.31844749516456,19.357222362346103],[-99.32196684434577,19.358113164858302],[-99.32316124072264,19.35768853730344],[-99.3248130907202,19.355365172129236],[-99.32600729916386,19.354572240642646],[-99.32630776177017,19.352881654618606],[-99.32836600922714,19.353003398825702],[-99.32959285728828,19.350417036449233],[-99.32784671422124,19.34799365718499],[-99.32778369738904,19.34299212840067],[-99.32401282045126,19.341520033136895],[-99.32271760322244,19.339995411138787],[-99.31972922478168,19.34136094367567],[-99.3200644643266,19.33761051967719],[-99.3191727085178,19.334529319790203],[-99.3196396502542,19.33065294850404],[-99.31938269036456,19.32912539178551],[-99.3180016239198,19.326503793678327],[-99.31587990040173,19.32849478625696],[-99.31335816719935,19.333017184789387],[-99.31079651836644,19.338554641840982],[-99.31283535317192,19.33933002389245],[-99.31678236062886,19.346159779795727],[-99.31607147966872,19.34904729518056],[-99.31442065637874,19.3504979916794],[-99.31184499651415,19.355245675469934],[-99.31003369063664,19.35727854451803],[-99.31149442526424,19.359460733903457],[-99.31766339129662,19.357510678498652]]]},"properties":{"_id":40,"id":39,"g_pnt_2":"19.3458382086,-99.3193060067","geo_shp":"{\"type\": \"Polygon\", \"coordinates\": [[[-99.31766339129662, 19.357510678498652], [-99.31363649573682, 19.35886382284774], [-99.31149442526424, 19.359460733903457], [-99.31144983008963, 19.359292257186183], [-99.31140211828631, 19.359187320775806], [-99.311","deleg":"CUAJIMALPA","zona":"PONIENTE","sctr_18":"CUAJIMALPA","cv_sctr":6,"zp":5,"are_km2":3.551900264355528,"x":-99.316729,"y":19.350153,"fech_cr":"2018-08-17T00:00:00","anio":2018,"mes":8,"dia":17}},
{"type":"Feature","geometry":{"type":"Polygon","coordinates":[[[-99.12551709722504,19.290650980371844],[-99.12536516481796,19.292111691688746],[-99.13117479775896,19.294485287998825],[-99.13177681847311,19.2914095464176],[-99.13079648562882,19.29032218446095],[-99.12957800637317,19.289077004506627],[-99.12687739228734,19.290810371935528],[-99.12551709722504,19.290650980371844]]]},"properties":{"_id":45,"id":44,"g_pnt_2":"19.2917751538,-99.1289898956","geo_shp":"{\"type\": \"Polygon\", \"coordinates\": [[[-99.12551709722504, 19.290650980371844], [-99.12664704657726, 19.29078757566767], [-99.12687739228734, 19.290810371935528], [-99.12708337031364, 19.29070665496498], [-99.12907014597867, 19.2894392396504], [-99.129578","deleg":"TLALPAN","zona":"SUR","sctr_18":"COAPA","cv_sctr":3,"zp":4,"are_km2":0.226053246687628,"x":-99.128571,"y":19.291782,"fech_cr":"2018-08-17T00:00:00","anio":2018,"mes":8,"dia":17}},
{"type":"Feature","geometry":{"type":"Polygon","coordinates":[[[-99.25357891546282,19.303992067918458],[-99.25120786624696,19.303296002479815],[-99.25040411939904,19.302409415290235],[-99.2503963718588,19.30013226449884],[-99.24960569076563,19.299312354271933],[-99.24774159560508,19.300661072416172],[-99.24455243493668,19.301629704836845],[-99.24083960097904,19.303291901029745],[-99.23519298732968,19.304468483228145],[-99.23244465225946,19.305627485890444],[-99.23334500824348,19.306701744093303],[-99.23580038405744,19.30661164479569],[-99.23685012867048,19.30815863980975],[-99.2407205391402,19.30596859994228],[-99.24204139821802,19.307115556039083],[-99.2406554284898,19.308503966270756],[-99.240815432634,19.31025654350393],[-99.24290930231776,19.30937159014023],[-99.24544394319588,19.307200124494777],[-99.24755038409678,19.306045956022615],[-99.24873728231782,19.30518665647899],[-99.25357891546282,19.303992067918458]]]},"properties":{"_id":46,"id":45,"g_pnt_2":"19.3047323405,-99.2433848692","geo_shp":"{\"type\": \"Polygon\", \"coordinates\": [[[-99.25357891546282, 19.303992067918454], [-99.2525169151572, 19.3042191232956], [-99.25143409300537, 19.30452582409165], [-99.24873728231782, 19.30518665647899], [-99.24846486419463, 19.30531310463681], [-99.24812976","deleg":"MAGDALENA CONTRERAS","zona":"SUR","sctr_18":"DINAMO","cv_sctr":1,"zp":6,"are_km2":0.916050190359143,"x":-99.24744,"y":19.302531,"fech_cr":"2018-08-17T00:00:00","anio":2018,"mes":8,"dia":17}},
{"type":"Feature","geometry":{"type":"Polygon","coordinates":[[[-99.18889405675048,19.341955918259178],[-99.19002338612742,19.338081694137927],[-99.18991795283456,19.337880351878436],[-99.18908246428138,19.338973978684727],[-99.18426578805942,19.342801170409633],[-99.18363785275376,19.34293005037675],[-99.18202677570522,19.346807427464903],[-99.18025522542835,19.34629313171018],[-99.17975454649762,19.34848935408781],[-99.17720987251428,19.351142174537205],[-99.1771570078328,19.3512980371704],[-99.18350989286527,19.350424031544787],[-99.18609722680485,19.349724323474145],[-99.18889405675048,19.341955918259178]]]},"properties":{"_id":47,"id":46,"g_pnt_2":"19.3459756777,-99.184490274","geo_shp":"{\"type\": \"Polygon\", \"coordinates\": [[[-99.19007500112609, 19.338916821657683], [-99.18999920001214, 19.33914790636315], [-99.18889405675047, 19.341955918259178], [-99.18609722680485, 19.349724323474145], [-99.18522324622245, 19.350026081606202], [-99.183","deleg":"ALVARO OBREGON","zona":"PONIENTE","sctr_18":"SAN ANGEL","cv_sctr":4,"zp":4,"are_km2":0.685321588899858,"x":-99.184012,"y":19.344724,"fech_cr":"2018-08-17T00:00:00","anio":2018,"mes":8,"dia":17}},
{"type":"Feature","geometry":{"type":"Polygon","coordinates":[[[-99.16051193430332,19.436839282171455],[-99.16358097149106,19.437119060116657],[-99.16392801105891,19.435886005694012],[-99.16448696435062,19.433860966110753],[-99.1633860260927,19.433555040320993],[-99.16170301670228,19.432824042144595],[-99.16051193430332,19.436839282171455]]]},"properties":{"_id":48,"id":47,"g_pnt_2":"19.4351030095,-99.1625316544","geo_shp":"{\"type\": \"Polygon\", \"coordinates\": [[[-99.16051193430332, 19.436839282171455], [-99.1605301305092, 19.43664667282557], [-99.16170301670229, 19.432824042144595], [-99.1633860260927, 19.433555040320993], [-99.16448696435062, 19.433860966110753], [-99.16392","deleg":"CUAUHTEMOC","zona":"CENTRO","sctr_18":"REVOLUCION","cv_sctr":3,"zp":2,"are_km2":0.125611761958178,"x":-99.162499,"y":19.434972,"fech_cr":"2018-08-17T00:00:00","anio":2018,"mes":8,"dia":17}},
{"type":"Feature","geometry":{"type":"Polygon","coordinates":[[[-99.17208049220622,19.41077117795275],[-99.17260117994908,19.409574723099876],[-99.17155944235309,19.405362234670697],[-99.168244426255,19.40510342068634],[-99.1667820840877,19.409795074590875],[-99.17024917458464,19.410847645098897],[-99.17208049220622,19.41077117795275]]]},"properties":{"_id":49,"id":48,"g_pnt_2":"19.4080476647,-99.1698586802","geo_shp":"{\"type\": \"Polygon\", \"coordinates\": [[[-99.17208049220622, 19.41077117795275], [-99.17024917458463, 19.410847645098894], [-99.1667820840877, 19.409795074590875], [-99.16824442625501, 19.40510342068634], [-99.17147383722673, 19.40501635148799], [-99.171559","deleg":"CUAUHTEMOC","zona":"CENTRO","sctr_18":"ROMA","cv_sctr":4,"zp":2,"are_km2":0.296431782905488,"x":-99.16969,"y":19.407933,"fech_cr":"2018-08-17T00:00:00","anio":2018,"mes":8,"dia":17}},
{"type":"Feature","geometry":{"type":"Polygon","coordinates":[[[-99.17627705028822,19.34543662744838],[-99.1773083019628,19.338340244427883],[-99.17543320443032,19.33624375568383],[-99.17466908542332,19.33694193567856],[-99.1713545138826,19.340532179913488],[-99.17072681909404,19.34474021916062],[-99.17627705028822,19.34543662744838]]]},"properties":{"_id":56,"id":55,"g_pnt_2":"19.3413633043,-99.1742906368","geo_shp":"{\"type\": \"Polygon\", \"coordinates\": [[[-99.17627705028822, 19.34543662744838], [-99.17357570064347, 19.34507454642393], [-99.17072681909403, 19.34474021916062], [-99.17127049097702, 19.340756576749055], [-99.1713545138826, 19.340532179913488], [-99.174669","deleg":"COYOACAN","zona":"SUR","sctr_18":"UNIVERSIDAD","cv_sctr":4,"zp":3,"are_km2":0.477593980581166,"x":-99.174322,"y":19.340842,"fech_cr":"2018-08-17T00:00:00","anio":2018,"mes":8,"dia":17}},
{"type":"Feature","geometry":{"type":"Polygon","coordinates":[[[-99.11866092203933,19.43331404864812],[-99.11812754697576,19.437507441052876],[-99.12274003825844,19.441937192287146],[-99.1231131861472,19.439530922701795],[-99.12370754186472,19.435768031927456],[-99.12397730022872,19.433982900775295],[-99.11866092203933,19.43331404864812]]]},"properties":{"_id":50,"id":49,"g_pnt_2":"19.4368430107,-99.1211700886","geo_shp":"{\"type\": \"Polygon\", \"coordinates\": [[[-99.11866092203933, 19.43331404864812], [-99.12397730022872, 19.433982900775298], [-99.12384394641698, 19.434876098040906], [-99.12370754186472, 19.435768031927456], [-99.12354161442448, 19.436798714501116], [-99.123","deleg":"VENUSTIANO CARRANZA","zona":"NORTE","sctr_18":"CONGRESO","cv_sctr":4,"zp":3,"are_km2":0.378299855607293,"x":-99.121054,"y":19.437625,"fech_cr":"2018-08-17T00:00:00","anio":2018,"mes":8,"dia":17}},
{"type":"Feature","geometry":{"type":"Polygon","coordinates":[[[-99.07237627204536,19.396629193549003],[-99.06473984895776,19.39538413966697],[-99.06365400445937,19.40042632569755],[-99.06543065777755,19.401465669070532],[-99.07054210458844,19.404431573557908],[-99.07176286645196,19.399293405339005],[-99.07237627204536,19.396629193549003]]]},"properties":{"_id":51,"id":50,"g_pnt_2":"19.3993078118,-99.0680977915","geo_shp":"{\"type\": \"Polygon\", \"coordinates\": [[[-99.06730953242591, 19.39579849146446], [-99.06931823545736, 19.396117221418976], [-99.07237627204537, 19.396629193549003], [-99.07176286645195, 19.399293405339005], [-99.07054210458844, 19.404431573557908], [-99.069","deleg":"IZTACALCO","zona":"NORTE","sctr_18":"PANTITLAN","cv_sctr":2,"zp":9,"are_km2":0.590544466576996,"x":-99.067305,"y":19.396613,"fech_cr":"2018-08-17T00:00:00","anio":2018,"mes":8,"dia":17}},
{"type":"Feature","geometry":{"type":"Polygon","coordinates":[[[-99.06414713722224,19.41300027963588],[-99.06023680207252,19.41267237333451],[-99.05652164962731,19.41235878258878],[-99.05557395198294,19.421374670599192],[-99.05759355247524,19.42016379839554],[-99.0633483002034,19.420150675506996],[-99.06414713722224,19.41300027963588]]]},"properties":{"_id":52,"id":51,"g_pnt_2":"19.4164953284,-99.0597832526","geo_shp":"{\"type\": \"Polygon\", \"coordinates\": [[[-99.06414713722224, 19.41300027963588], [-99.06346449460419, 19.41962590410182], [-99.0633483002034, 19.420150675506996], [-99.0633501100985, 19.420150946007702], [-99.06244922114367, 19.420165628011638], [-99.059473","deleg":"IZTACALCO","zona":"NORTE","sctr_18":"PANTITLAN","cv_sctr":2,"zp":2,"are_km2":0.691000483435383,"x":-99.059673,"y":19.4168,"fech_cr":"2018-08-17T00:00:00","anio":2018,"mes":8,"dia":17}},
{"type":"Feature","geometry":{"type":"Polygon","coordinates":[[[-99.07793053602316,19.416742929827095],[-99.07940865407588,19.41444417416792],[-99.08089716123544,19.410510293488187],[-99.07682391891736,19.408019723107284],[-99.07316781866444,19.41392811918809],[-99.07793053602316,19.416742929827095]]]},"properties":{"_id":53,"id":52,"g_pnt_2":"19.4124068301,-99.0771924793","geo_shp":"{\"type\": \"Polygon\", \"coordinates\": [[[-99.07793053602317, 19.416742929827095], [-99.07316781866444, 19.41392811918809], [-99.07501537907942, 19.410868723368893], [-99.0753267837995, 19.410342146081877], [-99.07592255875002, 19.409334912863564], [-99.0768","deleg":"VENUSTIANO CARRANZA","zona":"NORTE","sctr_18":"ARENAL","cv_sctr":2,"zp":5,"are_km2":0.427321303935513,"x":-99.077691,"y":19.412863,"fech_cr":"2018-08-17T00:00:00","anio":2018,"mes":8,"dia":17}},
{"type":"Feature","geometry":{"type":"Polygon","coordinates":[[[-99.13455086426382,19.413829129370317],[-99.14355951940934,19.414456410692015],[-99.14398130168864,19.410152403265624],[-99.13518745158385,19.409616985666982],[-99.13455086426382,19.413829129370317]]]},"properties":{"_id":54,"id":53,"g_pnt_2":"19.4120173273,-99.1393315763","geo_shp":"{\"type\": \"Polygon\", \"coordinates\": [[[-99.13837272739217, 19.41408527966649], [-99.13455086426382, 19.413829129370317], [-99.13475678595907, 19.41243563058473], [-99.13518745158383, 19.409616985666986], [-99.13886478410313, 19.409825785659496], [-99.1439","deleg":"CUAUHTEMOC","zona":"CENTRO","sctr_18":"ASTURIAS","cv_sctr":1,"zp":6,"are_km2":0.445945019750367,"x":-99.136774,"y":19.410789,"fech_cr":"2018-08-17T00:00:00","anio":2018,"mes":8,"dia":17}},
{"type":"Feature","geometry":{"type":"Polygon","coordinates":[[[-99.0335203068108,19.30984894122206],[-99.03679222348998,19.302256425612217],[-99.03338718736404,19.3025831659361],[-99.03457201774984,19.300680476772165],[-99.03485346635912,19.29750081436892],[-99.0359479331985,19.295669531611026],[-99.03511418625826,19.29580589441622],[-99.02608439810024,19.29721586789169],[-99.02191395714016,19.29794251775693],[-99.02417323933136,19.300298492794496],[-99.0251166117139,19.30228560935906],[-99.02438230994824,19.303846094558725],[-99.0335203068108,19.30984894122206]]]},"properties":{"_id":55,"id":54,"g_pnt_2":"19.3018625674,-99.0302414401","geo_shp":"{\"type\": \"Polygon\", \"coordinates\": [[[-99.0335203068108, 19.30984894122206], [-99.03335018255473, 19.3097350051337], [-99.02438230994824, 19.303846094558725], [-99.0251166117139, 19.30228560935906], [-99.02448544706246, 19.300997619828735], [-99.02417323","deleg":"TLAHUAC","zona":"ORIENTE","sctr_18":"ZAPOTITLA","cv_sctr":4,"zp":3,"are_km2":1.34214991222041,"x":-99.029353,"y":19.302803,"fech_cr":"2018-08-17T00:00:00","anio":2018,"mes":8,"dia":17}},
{"type":"Feature","geometry":{"type":"Polygon","coordinates":[[[-99.12536516481796,19.292111691688746],[-99.12551709722504,19.290650980371844],[-99.12588040720016,19.285446553606292],[-99.1242993109064,19.284472812996857],[-99.11479330533729,19.288567217966342],[-99.1163228365586,19.28864966971962],[-99.12536516481796,19.292111691688746]]]},"properties":{"_id":57,"id":56,"g_pnt_2":"19.288188032,-99.1221284712","geo_shp":"{\"type\": \"Polygon\", \"coordinates\": [[[-99.12536516481796, 19.292111691688742], [-99.11632283655861, 19.28864966971962], [-99.11479330533727, 19.288567217966342], [-99.12429931090641, 19.284472812996857], [-99.12448734112358, 19.28480807984699], [-99.1246","deleg":"TLALPAN","zona":"SUR","sctr_18":"COAPA","cv_sctr":3,"zp":16,"are_km2":0.487741543707707,"x":-99.120338,"y":19.288295,"fech_cr":"2018-08-17T00:00:00","anio":2018,"mes":8,"dia":17}},
{"type":"Feature","geometry":{"type":"Polygon","coordinates":[[[-99.11754674552624,19.30097750612792],[-99.11810059392664,19.2972342158047],[-99.11905209940704,19.296817676199524],[-99.11518160227376,19.28908330620324],[-99.11340626615376,19.29997312855562],[-99.11754674552624,19.30097750612792]]]},"properties":{"_id":58,"id":57,"g_pnt_2":"19.2960872002,-99.1159549148","geo_shp":"{\"type\": \"Polygon\", \"coordinates\": [[[-99.11754674552625, 19.30097750612792], [-99.11397736589322, 19.30011945712558], [-99.11340626615375, 19.29997312855562], [-99.11391204633779, 19.296782905876267], [-99.11423643473839, 19.294333175029898], [-99.11509","deleg":"TLALPAN","zona":"SUR","sctr_18":"COAPA","cv_sctr":3,"zp":12,"are_km2":0.42581815303015,"x":-99.116227,"y":19.29503,"fech_cr":"2018-08-17T00:00:00","anio":2018,"mes":8,"dia":17}},
{"type":"Feature","geometry":{"type":"Polygon","coordinates":[[[-99.12441672958758,19.303208372685067],[-99.12398422220298,19.306505308416167],[-99.12365550763312,19.310508478264858],[-99.1236650074344,19.31060978591807],[-99.13427398118812,19.3076249557149],[-99.13439485318332,19.30749002230114],[-99.13231312696313,19.306547812888827],[-99.12441672958758,19.303208372685067]]]},"properties":{"_id":59,"id":58,"g_pnt_2":"19.3070836489,-99.1275131697","geo_shp":"{\"type\": \"Polygon\", \"coordinates\": [[[-99.12441672958758, 19.303208372685067], [-99.13074922412129, 19.305833414621542], [-99.13231312696311, 19.306547812888827], [-99.13439485318332, 19.30749002230114], [-99.13427398118812, 19.3076249557149], [-99.13321","deleg":"COYOACAN","zona":"SUR","sctr_18":"CULHUACAN","cv_sctr":2,"zp":10,"are_km2":0.463929314991211,"x":-99.129014,"y":19.306906,"fech_cr":"2018-08-17T00:00:00","anio":2018,"mes":8,"dia":17}},
{"type":"Feature","geometry":{"type":"Polygon","coordinates":[[[-99.14425674013576,19.345007931962986],[-99.14331591596996,19.341217229759177],[-99.13707698757656,19.340443423109782],[-99.13340923183968,19.339908395876353],[-99.13138307908945,19.339322320387964],[-99.1306928948974,19.341062683474995],[-99.1356145809194,19.34361316869747],[-99.13675546816587,19.344661332810094],[-99.14425674013576,19.345007931962986]]]},"properties":{"_id":60,"id":59,"g_pnt_2":"19.3423489192,-99.1380332057","geo_shp":"{\"type\": \"Polygon\", \"coordinates\": [[[-99.14425674013576, 19.345007931962982], [-99.13675546816587, 19.344661332810098], [-99.13683966403732, 19.343442974935346], [-99.13583990540212, 19.344150388137454], [-99.13561458091941, 19.34361316869747], [-99.130","deleg":"COYOACAN","zona":"SUR","sctr_18":"TAXQUEA","cv_sctr":3,"zp":5,"are_km2":0.51098025679265,"x":-99.13679,"y":19.341886,"fech_cr":"2018-08-17T00:00:00","anio":2018,"mes":8,"dia":17}},
{"type":"Feature","geometry":{"type":"Polygon","coordinates":[[[-99.2005742699308,19.43762131416661],[-99.19516436786672,19.437400095789823],[-99.19337697960108,19.4373269964007],[-99.19319893812178,19.44143652807357],[-99.19167944885228,19.441576687187737],[-99.19273981285632,19.442203592050607],[-99.1959688167364,19.44260926878563],[-99.19878413972006,19.443595289045955],[-99.19883512853296,19.443613218140428],[-99.20041073084384,19.440514725986375],[-99.2005742699308,19.43762131416661]]]},"properties":{"_id":78,"id":77,"g_pnt_2":"19.4401048669,-99.1967634898","geo_shp":"{\"type\": \"Polygon\", \"coordinates\": [[[-99.2005742699308, 19.437621314166606], [-99.20050476981368, 19.439905211702257], [-99.20047355936249, 19.440244882002155], [-99.20041073084384, 19.440514725986375], [-99.20029529200272, 19.440764564386637], [-99.198","deleg":"MIGUEL HIDALGO","zona":"PONIENTE","sctr_18":"SOTELO","cv_sctr":3,"zp":9,"are_km2":0.438797924188091,"x":-99.196244,"y":19.44047,"fech_cr":"2018-08-17T00:00:00","anio":2018,"mes":8,"dia":17}},
{"type":"Feature","geometry":{"type":"Polygon","coordinates":[[[-99.1797477719652,19.42822676741485],[-99.1776354557664,19.422877263569248],[-99.17739457992197,19.42280790873257],[-99.17343799684856,19.42878095078311],[-99.17821136141316,19.42882142600329],[-99.1797477719652,19.42822676741485]]]},"properties":{"_id":61,"id":60,"g_pnt_2":"19.4266903289,-99.1769186632","geo_shp":"{\"type\": \"Polygon\", \"coordinates\": [[[-99.17974777196521, 19.42822676741485], [-99.17821136141315, 19.42882142600329], [-99.17792176925286, 19.428898530451676], [-99.17766613359727, 19.428929689720132], [-99.17733612561854, 19.428894674984754], [-99.1772","deleg":"MIGUEL HIDALGO","zona":"PONIENTE","sctr_18":"POLANCO-CASTILLO","cv_sctr":1,"zp":8,"are_km2":0.229750005626668,"x":-99.176591,"y":19.426325,"fech_cr":"2018-08-17T00:00:00","anio":2018,"mes":8,"dia":17}},
{"type":"Feature","geometry":{"type":"Polygon","coordinates":[[[-99.19695589939636,19.51085213791614],[-99.19820164945648,19.50562866721237],[-99.19735936620953,19.50279367572717],[-99.19768704813168,19.50125782752005],[-99.19507128088962,19.500464632629996],[-99.19084852870805,19.4992677640743],[-99.18416387787234,19.4972684272143],[-99.18205907130483,19.5071639484483],[-99.19169498636772,19.5107739200645],[-99.19615464888606,19.512097034766924],[-99.19695589939636,19.51085213791614]]]},"properties":{"_id":62,"id":61,"g_pnt_2":"19.5046799337,-99.1903645345","geo_shp":"{\"type\": \"Polygon\", \"coordinates\": [[[-99.19695589939636, 19.51085213791614], [-99.19650610005024, 19.51088434905487], [-99.19615464888606, 19.512097034766924], [-99.19283890728703, 19.511157977484242], [-99.19169498636771, 19.5107739200645], [-99.182059","deleg":"AZCAPOTZALCO","zona":"PONIENTE","sctr_18":"HORMIGA","cv_sctr":3,"zp":5,"are_km2":1.863218709619844,"x":-99.189846,"y":19.504843,"fech_cr":"2018-08-17T00:00:00","anio":2018,"mes":8,"dia":17}},
{"type":"Feature","geometry":{"type":"Polygon","coordinates":[[[-99.0673156004426,19.383451728816993],[-99.06588903090724,19.382709617520188],[-99.06048888706609,19.381901799309983],[-99.05992671598474,19.38546702446875],[-99.05940373012425,19.388957943307336],[-99.065882164306,19.390025150434425],[-99.0673156004426,19.383451728816993]]]},"properties":{"_id":63,"id":62,"g_pnt_2":"19.3859469138,-99.0632812322","geo_shp":"{\"type\": \"Polygon\", \"coordinates\": [[[-99.0673156004426, 19.383451728816993], [-99.065882164306, 19.390025150434422], [-99.06217474017586, 19.38942607707592], [-99.05940373012423, 19.388957943307336], [-99.05992671598474, 19.38546702446875], [-99.0604888","deleg":"IZTACALCO","zona":"NORTE","sctr_18":"PANTITLAN","cv_sctr":2,"zp":16,"are_km2":0.565349681463487,"x":-99.06403,"y":19.386074,"fech_cr":"2018-08-17T00:00:00","anio":2018,"mes":8,"dia":17}},
{"type":"Feature","geometry":{"type":"Polygon","coordinates":[[[-99.21948814251262,19.383751297541608],[-99.22281015500435,19.382976793027854],[-99.22579972936369,19.380849242150113],[-99.22946794366888,19.379900391190365],[-99.23106846831166,19.378770186676626],[-99.23335840294772,19.37810109358806],[-99.23431685810016,19.375632834739463],[-99.23670947920616,19.375422412695677],[-99.23942065328389,19.374580978559496],[-99.24376036194094,19.3709442221525],[-99.25078301152686,19.364508046813576],[-99.25195656902488,19.362946876410973],[-99.25187110004453,19.35987028075407],[-99.24729863629958,19.362724698626828],[-99.24802172121068,19.363857407731835],[-99.24438439701652,19.36624295473353],[-99.23829446207986,19.36916750371619],[-99.23455843639393,19.372232440950683],[-99.23179758907084,19.37517613152171],[-99.22892109468884,19.376524857689],[-99.226103273544,19.37715858160085],[-99.22498123718496,19.378906151412465],[-99.22365778820502,19.37962158265985],[-99.2229094417088,19.38091878190722],[-99.21900432277953,19.382930893905662],[-99.21948814251262,19.383751297541608]]]},"properties":{"_id":64,"id":63,"g_pnt_2":"19.3723931495,-99.2374367795","geo_shp":"{\"type\": \"Polygon\", \"coordinates\": [[[-99.2329810415671, 19.378988448772983], [-99.2322829000249, 19.378699953594836], [-99.23185388048759, 19.378685859702987], [-99.23138875760111, 19.378730555909836], [-99.23106846831166, 19.378770186676622], [-99.2307","deleg":"ALVARO OBREGON","zona":"PONIENTE","sctr_18":"SANTA FE","cv_sctr":5,"zp":3,"are_km2":1.446087507474528,"x":-99.245911,"y":19.366012,"fech_cr":"2018-08-17T00:00:00","anio":2018,"mes":8,"dia":17}},
{"type":"Feature","geometry":{"type":"Polygon","coordinates":[[[-99.1116002167952,19.305217274688495],[-99.12398422220298,19.306505308416167],[-99.12441672958758,19.303208372685067],[-99.11754674552624,19.30097750612792],[-99.11340626615376,19.29997312855562],[-99.1116002167952,19.305217274688495]]]},"properties":{"_id":65,"id":64,"g_pnt_2":"19.3035776127,-99.1178622555","geo_shp":"{\"type\": \"Polygon\", \"coordinates\": [[[-99.11776500849166, 19.305911303143223], [-99.11608116338527, 19.30576190181525], [-99.11400128444748, 19.30551864882037], [-99.11160021679521, 19.305217274688495], [-99.11340626615375, 19.29997312855562], [-99.11397","deleg":"COYOACAN","zona":"SUR","sctr_18":"CULHUACAN","cv_sctr":2,"zp":8,"are_km2":0.630771797753561,"x":-99.117898,"y":19.305774,"fech_cr":"2018-08-17T00:00:00","anio":2018,"mes":8,"dia":17}},
{"type":"Feature","geometry":{"type":"Polygon","coordinates":[[[-99.12917265872876,19.376151238284812],[-99.12221475324904,19.37500318703831],[-99.12210956962842,19.38183164981078],[-99.12903768523248,19.38299671490376],[-99.12917265872876,19.376151238284812]]]},"properties":{"_id":99,"id":98,"g_pnt_2":"19.379001374,-99.1256662424","geo_shp":"{\"type\": \"Polygon\", \"coordinates\": [[[-99.12917265872875, 19.376151238284812], [-99.12903768523249, 19.382996714903758], [-99.12510959799398, 19.38234006400779], [-99.12210956962842, 19.38183164981078], [-99.12220671566376, 19.380442842194633], [-99.1222","deleg":"IZTACALCO","zona":"NORTE","sctr_18":"IZTACCIHUATL","cv_sctr":1,"zp":8,"are_km2":0.549615765023639,"x":-99.125594,"y":19.37901,"fech_cr":"2018-08-17T00:00:00","anio":2018,"mes":8,"dia":17}},
{"type":"Feature","geometry":{"type":"Polygon","coordinates":[[[-99.17864739658798,19.37301585974454],[-99.18729290775656,19.375179118779872],[-99.18772473940092,19.371838593691688],[-99.18051403159372,19.36726347623783],[-99.17932748201316,19.37092005925883],[-99.17864739658798,19.37301585974454]]]},"properties":{"_id":66,"id":65,"g_pnt_2":"19.3717017889,-99.183142967","geo_shp":"{\"type\": \"Polygon\", \"coordinates\": [[[-99.17864739658798, 19.37301585974454], [-99.17932748201316, 19.37092005925883], [-99.18051403159372, 19.36726347623783], [-99.1839217120658, 19.369390805883114], [-99.18570009436729, 19.37049395566399], [-99.1873844","deleg":"BENITO JUAREZ","zona":"SUR","sctr_18":"NAPOLES","cv_sctr":3,"zp":6,"are_km2":0.47008373322014,"x":-99.183188,"y":19.371222,"fech_cr":"2018-08-17T00:00:00","anio":2018,"mes":8,"dia":17}},
{"type":"Feature","geometry":{"type":"Polygon","coordinates":[[[-99.10882391621736,19.228885027888023],[-99.11023830820533,19.227776946755764],[-99.11069582923837,19.225346735998567],[-99.11296325952716,19.22252904518099],[-99.11152811515,19.219435520140884],[-99.10657672123368,19.218915171360937],[-99.10249331204352,19.21829840307104],[-99.10243705328554,19.219318726252148],[-99.104727476696,19.224321911006765],[-99.10144214076446,19.224773848456667],[-99.09826881591988,19.221789719226177],[-99.09682848883558,19.23113235332442],[-99.09723044504273,19.23319820794984],[-99.09945956563963,19.234615963150617],[-99.09944748460248,19.23193261290369],[-99.10139865737442,19.228332734588168],[-99.10564775713172,19.229835778599497],[-99.10831500978612,19.229762368994223],[-99.10882391621736,19.228885027888023]]]},"properties":{"_id":67,"id":66,"g_pnt_2":"19.2252803322,-99.104542396","geo_shp":"{\"type\": \"Polygon\", \"coordinates\": [[[-99.10882391621735, 19.228885027888026], [-99.10860865040921, 19.2289441732739], [-99.10873417021831, 19.229131997077626], [-99.10879211570948, 19.22928316700565], [-99.10873917918789, 19.229370233579594], [-99.10859","deleg":"XOCHIMILCO","zona":"ORIENTE","sctr_18":"LA NORIA","cv_sctr":5,"zp":8,"are_km2":1.484182640432948,"x":-99.106962,"y":19.223205,"fech_cr":"2018-08-17T00:00:00","anio":2018,"mes":8,"dia":17}},
{"type":"Feature","geometry":{"type":"Polygon","coordinates":[[[-99.0836159879064,19.344093356495325],[-99.08192290549148,19.344282925344565],[-99.08129564796852,19.342304830080725],[-99.07960770851444,19.34325129160056],[-99.07583841618566,19.34277145519879],[-99.076985206525,19.346267159825437],[-99.07449324396543,19.35034596261104],[-99.07585629355852,19.350967110499216],[-99.08163191216724,19.35358864842536],[-99.08399421177674,19.350161977408103],[-99.08407455322724,19.348827599347693],[-99.08627652202796,19.34744053247647],[-99.08585346376924,19.3457234591886],[-99.0836159879064,19.344093356495325]]]},"properties":{"_id":68,"id":67,"g_pnt_2":"19.3478032596,-99.0803038144","geo_shp":"{\"type\": \"Polygon\", \"coordinates\": [[[-99.08304290030576, 19.34421960560222], [-99.08325963066105, 19.344104907309447], [-99.0835123510079, 19.343993626634045], [-99.0836159879064, 19.344093356495325], [-99.08389279825802, 19.344360025316], [-99.08427498","deleg":"IZTAPALAPA","zona":"ORIENTE","sctr_18":"ESTRELLA","cv_sctr":4,"zp":2,"are_km2":0.918833956647597,"x":-99.080376,"y":19.348864,"fech_cr":"2018-08-17T00:00:00","anio":2018,"mes":8,"dia":17}},
{"type":"Feature","geometry":{"type":"Polygon","coordinates":[[[-99.10462887225522,19.383254242322057],[-99.1096998382848,19.384015668827363],[-99.11091892436843,19.383784647385767],[-99.1100881277204,19.380520892770843],[-99.10528485598644,19.380049072426026],[-99.10483840299506,19.38299329183086],[-99.10462887225522,19.383254242322057]]]},"properties":{"_id":69,"id":68,"g_pnt_2":"19.3820509282,-99.1076938275","geo_shp":"{\"type\": \"Polygon\", \"coordinates\": [[[-99.10462887225522, 19.383254242322057], [-99.10480962282755, 19.383109985942376], [-99.10483840299506, 19.38299329183086], [-99.1048528635248, 19.382821837119714], [-99.10484553817395, 19.38268455770951], [-99.10477","deleg":"IZTACALCO","zona":"NORTE","sctr_18":"TLACOTAL","cv_sctr":3,"zp":12,"are_km2":0.220050228006775,"x":-99.105704,"y":19.38189,"fech_cr":"2018-08-17T00:00:00","anio":2018,"mes":8,"dia":17}},
{"type":"Feature","geometry":{"type":"Polygon","coordinates":[[[-99.14896449396976,19.37226442587659],[-99.15729643351692,19.37328419512964],[-99.15388528354464,19.36109335804763],[-99.15272017357748,19.356971848651696],[-99.15141041750653,19.35844212316602],[-99.1502986797524,19.364890229466113],[-99.14896449396976,19.37226442587659]]]},"properties":{"_id":70,"id":69,"g_pnt_2":"19.3670218832,-99.1528181251","geo_shp":"{\"type\": \"Polygon\", \"coordinates\": [[[-99.14896449396977, 19.37226442587659], [-99.14963792921544, 19.36862445629371], [-99.14988722638763, 19.367276900985857], [-99.15029867975241, 19.364890229466113], [-99.15055242248326, 19.363418399740098], [-99.1510","deleg":"BENITO JUAREZ","zona":"SUR","sctr_18":"PORTALES","cv_sctr":5,"zp":3,"are_km2":0.847519101528101,"x":-99.153123,"y":19.36513,"fech_cr":"2018-08-17T00:00:00","anio":2018,"mes":8,"dia":17}},
{"type":"Feature","geometry":{"type":"Polygon","coordinates":[[[-99.02608439810024,19.29721586789169],[-99.03511418625826,19.29580589441622],[-99.03497649969032,19.293300534919148],[-99.03510116513944,19.28249510553646],[-99.0350782739848,19.270187504478592],[-99.03494675670927,19.26929431524596],[-99.0288172898269,19.261640651035915],[-99.02546991283162,19.26151452695352],[-99.02447813776796,19.279998858840724],[-99.02451539330758,19.28221186836558],[-99.02608439810024,19.29721586789169]]]},"properties":{"_id":71,"id":70,"g_pnt_2":"19.2800013932,-99.0298057897","geo_shp":"{\"type\": \"Polygon\", \"coordinates\": [[[-99.0323527199351, 19.296243294787477], [-99.02608439810024, 19.29721586789169], [-99.02490406710317, 19.285928460661193], [-99.02451539330758, 19.28221186836558], [-99.02447813776796, 19.279998858840724], [-99.02546","deleg":"TLAHUAC","zona":"ORIENTE","sctr_18":"ZAPOTITLA","cv_sctr":4,"zp":7,"are_km2":3.805725582560959,"x":-99.029356,"y":19.279294,"fech_cr":"2018-08-17T00:00:00","anio":2018,"mes":8,"dia":17}},
{"type":"Feature","geometry":{"type":"Polygon","coordinates":[[[-99.1992255140935,19.38190299433635],[-99.19875089729874,19.383321714576564],[-99.19908418809996,19.386365438593856],[-99.20160261339284,19.390013182958302],[-99.20337444857846,19.38917250926712],[-99.20776323082195,19.389800279255653],[-99.2149592598989,19.38701091879616],[-99.21919457342784,19.385763900283372],[-99.21948814251262,19.383751297541608],[-99.21900432277953,19.382930893905662],[-99.21617042778306,19.382033222395528],[-99.21252323634904,19.3825485128906],[-99.2095045417011,19.381352255978086],[-99.20925427068936,19.38119610091956],[-99.20791901559544,19.380106596984103],[-99.20136052245508,19.382261158816817],[-99.19939599217756,19.38183900115903],[-99.1992255140935,19.38190299433635]]]},"properties":{"_id":109,"id":108,"g_pnt_2":"19.3851086588,-99.2081238696","geo_shp":"{\"type\": \"Polygon\", \"coordinates\": [[[-99.19882905060766, 19.383139428482178], [-99.1992255140935, 19.38190299433635], [-99.19939599217757, 19.38183900115903], [-99.19995402577801, 19.381674082659696], [-99.20018160092349, 19.38181120592851], [-99.200533","deleg":"ALVARO OBREGON","zona":"PONIENTE","sctr_18":"PLATEROS","cv_sctr":2,"zp":4,"are_km2":1.557743019467674,"x":-99.211949,"y":19.383112,"fech_cr":"2018-08-17T00:00:00","anio":2018,"mes":8,"dia":17}},
{"type":"Feature","geometry":{"type":"Polygon","coordinates":[[[-99.11715666109755,19.488348637146977],[-99.11901534412424,19.48250105502972],[-99.11763742850532,19.48204229976454],[-99.11201134417789,19.48039839068233],[-99.10812998163718,19.478630903063745],[-99.10581997750606,19.48159400056746],[-99.10595703842247,19.481650767351585],[-99.1134748976904,19.48346260287034],[-99.11247304224612,19.48665578088011],[-99.1138289071953,19.48716050024863],[-99.11715666109755,19.488348637146977]]]},"properties":{"_id":285,"id":284,"g_pnt_2":"19.4832155472,-99.1133829372","geo_shp":"{\"type\": \"Polygon\", \"coordinates\": [[[-99.11715666109757, 19.488348637146974], [-99.11691616494457, 19.488244317293855], [-99.11543514504334, 19.487713130300552], [-99.1138289071953, 19.48716050024863], [-99.11247304224611, 19.48665578088011], [-99.11320","deleg":"GUSTAVO A MADERO","zona":"NORTE","sctr_18":"QUIROGA","cv_sctr":4,"zp":7,"are_km2":0.596167767755518,"x":-99.112354,"y":19.483211,"fech_cr":"2018-08-17T00:00:00","anio":2018,"mes":8,"dia":17}},
{"type":"Feature","geometry":{"type":"Polygon","coordinates":[[[-99.12954939376826,19.50503715029839],[-99.12425819953484,19.51058562980895],[-99.12388513011533,19.5122768261816],[-99.12569125188249,19.51558262861013],[-99.12951565441143,19.518560357638197],[-99.13696213666286,19.518278681815257],[-99.14260800499947,19.517663374957433],[-99.14312828692684,19.515486795684364],[-99.14128116693848,19.512238138214137],[-99.13992446307029,19.51132078929237],[-99.13914760673369,19.50884182523816],[-99.13336963636004,19.50257622866745],[-99.13098766244394,19.502167569333405],[-99.12954939376826,19.50503715029839]]]},"properties":{"_id":72,"id":71,"g_pnt_2":"19.5118858196,-99.1331733879","geo_shp":"{\"type\": \"Polygon\", \"coordinates\": [[[-99.12385076995453, 19.511960713447365], [-99.12392734811237, 19.511522968612823], [-99.1240637589063, 19.511060871478808], [-99.12425819953484, 19.51058562980895], [-99.12954939376826, 19.50503715029839], [-99.13033","deleg":"GUSTAVO A MADERO","zona":"NORTE","sctr_18":"TICOMAN","cv_sctr":3,"zp":9,"are_km2":2.309431628880786,"x":-99.133486,"y":19.509903,"fech_cr":"2018-08-17T00:00:00","anio":2018,"mes":8,"dia":17}},
{"type":"Feature","geometry":{"type":"Polygon","coordinates":[[[-99.12653840761551,19.38995645716029],[-99.12162858341188,19.38942486267006],[-99.1222840883316,19.39198716791219],[-99.12299765079028,19.394852827876974],[-99.12354415248883,19.39729093155329],[-99.12357004279218,19.39739774009767],[-99.1240859448512,19.3973895258588],[-99.12641950398088,19.397291575743125],[-99.12643587564372,19.393579581445515],[-99.12653840761551,19.38995645716029]]]},"properties":{"_id":73,"id":72,"g_pnt_2":"19.3931815729,-99.1244674773","geo_shp":"{\"type\": \"Polygon\", \"coordinates\": [[[-99.12653840761553, 19.38995645716029], [-99.12650168120639, 19.39135679177005], [-99.12643587564371, 19.393579581445515], [-99.12641950398088, 19.397291575743125], [-99.1240859448512, 19.3973895258588], [-99.1235700","deleg":"IZTACALCO","zona":"NORTE","sctr_18":"IZTACCIHUATL","cv_sctr":1,"zp":4,"are_km2":0.341070167976571,"x":-99.125241,"y":19.393409,"fech_cr":"2018-08-17T00:00:00","anio":2018,"mes":8,"dia":17}},
{"type":"Feature","geometry":{"type":"Polygon","coordinates":[[[-99.19085670828788,19.43078104831181],[-99.19547403266134,19.430924985789837],[-99.20158629076552,19.43141157791692],[-99.20793316713112,19.43216765080659],[-99.2084580079456,19.430721923827925],[-99.20838434355488,19.43054893681745],[-99.20668018188783,19.43017175428856],[-99.2024356432518,19.42674483750027],[-99.20191512657117,19.426326610658204],[-99.19966526912124,19.4262303167729],[-99.19163699399152,19.42503704496163],[-99.19085670828788,19.43078104831181]]]},"properties":{"_id":74,"id":73,"g_pnt_2":"19.4288126883,-99.1984116578","geo_shp":"{\"type\": \"Polygon\", \"coordinates\": [[[-99.19085670828787, 19.43078104831181], [-99.19094673358556, 19.430460567591265], [-99.19129402325079, 19.427757932762972], [-99.19163699399152, 19.42503704496163], [-99.19707805502716, 19.425846962920318], [-99.1980","deleg":"MIGUEL HIDALGO","zona":"PONIENTE","sctr_18":"POLANCO-CASTILLO","cv_sctr":1,"zp":9,"are_km2":0.871292634325723,"x":-99.199655,"y":19.428603,"fech_cr":"2018-08-17T00:00:00","anio":2018,"mes":8,"dia":17}},
{"type":"Feature","geometry":{"type":"Polygon","coordinates":[[[-99.14119094882788,19.465009992180445],[-99.1407340395342,19.464619920077737],[-99.13341004985158,19.46418098555065],[-99.13207703832197,19.463615028333617],[-99.13023792338788,19.46889372764509],[-99.13154238663962,19.469222208622817],[-99.13651026481702,19.470525833403418],[-99.1367073099863,19.47030254485791],[-99.13691510460038,19.470059274728985],[-99.14119094882788,19.465009992180445]]]},"properties":{"_id":75,"id":74,"g_pnt_2":"19.4669194101,-99.1352612533","geo_shp":"{\"type\": \"Polygon\", \"coordinates\": [[[-99.14119094882788, 19.465009992180445], [-99.13691510460038, 19.470059274728982], [-99.1367073099863, 19.47030254485791], [-99.13651026481702, 19.470525833403418], [-99.1356002998165, 19.470262887807824], [-99.13440","deleg":"GUSTAVO A MADERO","zona":"NORTE","sctr_18":"TEPEYAC","cv_sctr":4,"zp":8,"are_km2":0.535702304511771,"x":-99.135715,"y":19.467069,"fech_cr":"2018-08-17T00:00:00","anio":2018,"mes":8,"dia":17}},
{"type":"Feature","geometry":{"type":"Polygon","coordinates":[[[-99.16574879285416,19.47074510519664],[-99.16594205087875,19.468712358923025],[-99.16355593950708,19.465282837279027],[-99.1618897122451,19.46355280678292],[-99.16407846570144,19.460662219792635],[-99.16585932989076,19.45651375491725],[-99.16650562790124,19.45619991690571],[-99.16314970454084,19.45559681060126],[-99.16242191194956,19.458653824018462],[-99.16081271622836,19.45989784777212],[-99.15823260494456,19.463172838791856],[-99.15893949711572,19.46418371609187],[-99.1589824695884,19.46838872293114],[-99.1610017248097,19.468084811351805],[-99.16210675498785,19.46873019988128],[-99.16317786249536,19.471553778266617],[-99.16574879285416,19.47074510519664]]]},"properties":{"_id":76,"id":75,"g_pnt_2":"19.4639867328,-99.1623211587","geo_shp":"{\"type\": \"Polygon\", \"coordinates\": [[[-99.16574879285416, 19.47074510519664], [-99.16317786249537, 19.471553778266617], [-99.16268466158002, 19.470385833223453], [-99.16210675498783, 19.46873019988128], [-99.16120764609974, 19.46714281351344], [-99.16120","deleg":"AZCAPOTZALCO","zona":"PONIENTE","sctr_18":"CUITLAHUAC","cv_sctr":2,"zp":6,"are_km2":0.664546479920295,"x":-99.160299,"y":19.463578,"fech_cr":"2018-08-17T00:00:00","anio":2018,"mes":8,"dia":17}},
{"type":"Feature","geometry":{"type":"Polygon","coordinates":[[[-99.16355593950708,19.465282837279027],[-99.1725257168116,19.466727777478283],[-99.17279046692371,19.464540953774808],[-99.17120621468536,19.461842364746072],[-99.16407846570144,19.460662219792635],[-99.1618897122451,19.46355280678292],[-99.16355593950708,19.465282837279027]]]},"properties":{"_id":77,"id":76,"g_pnt_2":"19.4637242633,-99.1675534828","geo_shp":"{\"type\": \"Polygon\", \"coordinates\": [[[-99.16355593950708, 19.465282837279027], [-99.16300048129132, 19.465582484303262], [-99.16242087157028, 19.464689902599506], [-99.1619461225413, 19.46384693242622], [-99.1618897122451, 19.46355280678292], [-99.162225","deleg":"AZCAPOTZALCO","zona":"PONIENTE","sctr_18":"CUITLAHUAC","cv_sctr":2,"zp":7,"are_km2":0.512201399575236,"x":-99.168172,"y":19.463695,"fech_cr":"2018-08-17T00:00:00","anio":2018,"mes":8,"dia":17}},
{"type":"Feature","geometry":{"type":"Polygon","coordinates":[[[-99.18939691636064,19.45890004818835],[-99.19031837016428,19.46392908199923],[-99.19029472992092,19.465552450270295],[-99.1920628738492,19.46399005374575],[-99.2076672594526,19.469126836999138],[-99.20862901099149,19.469419003885783],[-99.21184893106768,19.466496110300852],[-99.21311941110176,19.462147152285507],[-99.21228943127984,19.461758603499156],[-99.20998136043808,19.459973282948557],[-99.20117588770997,19.45744404766402],[-99.20054300139267,19.457378954593796],[-99.19289804918444,19.45889238056235],[-99.18939691636064,19.45890004818835]]]},"properties":{"_id":79,"id":78,"g_pnt_2":"19.4627972051,-99.2019812953","geo_shp":"{\"type\": \"Polygon\", \"coordinates\": [[[-99.18939691636064, 19.45890004818835], [-99.19059808886082, 19.458941718360084], [-99.19187722850418, 19.458929704755164], [-99.19240674144669, 19.458911068294555], [-99.19289804918445, 19.45889238056235], [-99.1932","deleg":"MIGUEL HIDALGO","zona":"PONIENTE","sctr_18":"TACUBA","cv_sctr":4,"zp":2,"are_km2":2.079318805662832,"x":-99.201262,"y":19.463403,"fech_cr":"2018-08-17T00:00:00","anio":2018,"mes":8,"dia":17}},
{"type":"Feature","geometry":{"type":"Polygon","coordinates":[[[-99.17639542522518,19.4407694890366],[-99.17515513353436,19.4490689076529],[-99.17120815973904,19.4482589235232],[-99.1725183145016,19.45017674250733],[-99.1744960067534,19.451599007390016],[-99.18015601579192,19.455663949505173],[-99.1808708941318,19.454504518497306],[-99.18197594824308,19.447579562578664],[-99.17639542522518,19.4407694890366]]]},"properties":{"_id":80,"id":79,"g_pnt_2":"19.44898836,-99.1778458877","geo_shp":"{\"type\": \"Polygon\", \"coordinates\": [[[-99.1711257966894, 19.448119097981177], [-99.17515513353436, 19.4490689076529], [-99.17563178048724, 19.4458974872782], [-99.17639542522518, 19.4407694890366], [-99.17820406755678, 19.44300563262356], [-99.1809976481","deleg":"MIGUEL HIDALGO","zona":"PONIENTE","sctr_18":"TACUBA","cv_sctr":4,"zp":11,"are_km2":0.826584399961253,"x":-99.176551,"y":19.448218,"fech_cr":"2018-08-17T00:00:00","anio":2018,"mes":8,"dia":17}},
{"type":"Feature","geometry":{"type":"Polygon","coordinates":[[[-99.19303309950185,19.406684059907427],[-99.19449938211412,19.406606308537693],[-99.1967906479557,19.4050096799323],[-99.20036760095604,19.40182892544783],[-99.20015395471547,19.401266924680225],[-99.19778698701568,19.402253993933485],[-99.19187498929196,19.402995007132464],[-99.19176315091016,19.40524985418577],[-99.19303309950185,19.406684059907427]]]},"properties":{"_id":81,"id":80,"g_pnt_2":"19.4040919082,-99.1952022628","geo_shp":"{\"type\": \"Polygon\", \"coordinates\": [[[-99.19303309950183, 19.406684059907427], [-99.192561540195, 19.40635459334983], [-99.19213194882964, 19.40599417219951], [-99.19192301102716, 19.40569190073472], [-99.19176315091016, 19.40524985418577], [-99.19177472","deleg":"MIGUEL HIDALGO","zona":"PONIENTE","sctr_18":"TACUBAYA","cv_sctr":5,"zp":5,"are_km2":0.262642927963008,"x":-99.192397,"y":19.404849,"fech_cr":"2018-08-17T00:00:00","anio":2018,"mes":8,"dia":17}},
{"type":"Feature","geometry":{"type":"Polygon","coordinates":[[[-99.19303309950185,19.406684059907427],[-99.19176315091016,19.40524985418577],[-99.19187498929196,19.402995007132464],[-99.1860637281109,19.403171952442147],[-99.1839269891058,19.40716599640962],[-99.19303309950185,19.406684059907427]]]},"properties":{"_id":82,"id":81,"g_pnt_2":"19.4052371069,-99.1884873824","geo_shp":"{\"type\": \"Polygon\", \"coordinates\": [[[-99.19303309950183, 19.406684059907427], [-99.19222734037604, 19.406930920545584], [-99.19109204078573, 19.407265248002098], [-99.19076152478145, 19.40716771684972], [-99.19027612349477, 19.406972197782395], [-99.189","deleg":"MIGUEL HIDALGO","zona":"PONIENTE","sctr_18":"TACUBAYA","cv_sctr":5,"zp":8,"are_km2":0.321987794082423,"x":-99.187138,"y":19.405711,"fech_cr":"2018-08-17T00:00:00","anio":2018,"mes":8,"dia":17}},
{"type":"Feature","geometry":{"type":"Polygon","coordinates":[[[-99.14243299628576,19.46457593525571],[-99.14321039135176,19.46655529555909],[-99.1523256009485,19.46763862018137],[-99.15323126594946,19.462602520266664],[-99.14959605530544,19.462264022907934],[-99.14243299628576,19.46457593525571]]]},"properties":{"_id":83,"id":82,"g_pnt_2":"19.4649350073,-99.1484824611","geo_shp":"{\"type\": \"Polygon\", \"coordinates\": [[[-99.14243299628575, 19.46457593525571], [-99.14273398337066, 19.464472036409898], [-99.14293803482622, 19.464325013458218], [-99.14695604706772, 19.46301296504998], [-99.14854694604507, 19.462555989000514], [-99.1495","deleg":"AZCAPOTZALCO","zona":"PONIENTE","sctr_18":"LA RAZA","cv_sctr":4,"zp":9,"are_km2":0.480097485484829,"x":-99.147834,"y":19.465455,"fech_cr":"2018-08-17T00:00:00","anio":2018,"mes":8,"dia":17}},
{"type":"Feature","geometry":{"type":"Polygon","coordinates":[[[-99.21436323399053,19.37407899464679],[-99.21484351922452,19.375655332035983],[-99.21776290995604,19.37454989108202],[-99.21977586061408,19.375392770131747],[-99.2224146552572,19.374549778067976],[-99.22596240248154,19.37126434969685],[-99.22565263947484,19.369740701112665],[-99.22437661373134,19.36935817489027],[-99.2229396590928,19.37050908857808],[-99.22228226964688,19.36807151151036],[-99.21722178694458,19.3693346798891],[-99.216724300291,19.367570383196657],[-99.2125142917956,19.369774681198493],[-99.21436323399053,19.37407899464679]]]},"properties":{"_id":84,"id":83,"g_pnt_2":"19.3716456601,-99.2188513052","geo_shp":"{\"type\": \"Polygon\", \"coordinates\": [[[-99.21867693035352, 19.37501559386953], [-99.21853203842828, 19.3750464058409], [-99.21841530389021, 19.37512671067311], [-99.21831286999783, 19.375291229933993], [-99.21823049273758, 19.375428883020838], [-99.218170","deleg":"ALVARO OBREGON","zona":"PONIENTE","sctr_18":"PLATEROS","cv_sctr":2,"zp":8,"are_km2":0.791825612745162,"x":-99.213793,"y":19.372296,"fech_cr":"2018-08-17T00:00:00","anio":2018,"mes":8,"dia":17}},
{"type":"Feature","geometry":{"type":"Polygon","coordinates":[[[-99.24054200488273,19.338196633128906],[-99.24680041981388,19.336928312671105],[-99.24952645014471,19.335351308794092],[-99.25186446556236,19.334756662660332],[-99.25443340889038,19.33298521994118],[-99.25630579224332,19.331443105892912],[-99.25704177983948,19.329615629514347],[-99.25647840273952,19.327425760499395],[-99.25798338315764,19.32694210566701],[-99.25864800858965,19.323285660961105],[-99.25859430478222,19.321279805415212],[-99.25780472707534,19.32180140802649],[-99.25487300135532,19.325959013715543],[-99.25347162715192,19.32646364731401],[-99.2496347240476,19.326409471692664],[-99.24834902724083,19.32693595984663],[-99.24375100104872,19.327901974863888],[-99.24235196537298,19.327316023282997],[-99.2408720010052,19.32476698334661],[-99.24054696536004,19.32441701796622],[-99.23898805236286,19.324100034124935],[-99.23629304666044,19.324421042808257],[-99.23278451713784,19.32731972131998],[-99.2296237865961,19.32971955211513],[-99.23171401023698,19.33109381200572],[-99.23132269416858,19.332617263340417],[-99.23402113479014,19.334071520689395],[-99.2366275831404,19.333292986994348],[-99.24018288687417,19.334413990833667],[-99.24082200222304,19.33618545247145],[-99.24054200488273,19.338196633128906]]]},"properties":{"_id":85,"id":84,"g_pnt_2":"19.330445091,-99.2443238825","geo_shp":"{\"type\": \"Polygon\", \"coordinates\": [[[-99.24054200488271, 19.338196633128906], [-99.24004623913594, 19.337713857054652], [-99.24010235528517, 19.337351278641222], [-99.24027142985335, 19.336891124287778], [-99.24051135533023, 19.336575299686356], [-99.24","deleg":"ALVARO OBREGON","zona":"PONIENTE","sctr_18":"ALPES","cv_sctr":1,"zp":5,"are_km2":2.717965637403192,"x":-99.256143,"y":19.32516,"fech_cr":"2018-08-17T00:00:00","anio":2018,"mes":8,"dia":17}},
{"type":"Feature","geometry":{"type":"Polygon","coordinates":[[[-99.25601048303852,19.336514423632917],[-99.25443340889038,19.33298521994118],[-99.25186446556236,19.334756662660332],[-99.24952645014471,19.335351308794092],[-99.24680041981388,19.336928312671105],[-99.24054200488273,19.338196633128906],[-99.2391564843012,19.337922443261785],[-99.2275942970707,19.337321504784377],[-99.22467144028826,19.339258941741605],[-99.21908966041612,19.340307339752556],[-99.21378066638717,19.34193981029738],[-99.21032693358472,19.343698240697268],[-99.21108456490526,19.345305906190163],[-99.21427626752838,19.346649530371774],[-99.22098793880193,19.3461654041518],[-99.22238101707303,19.344749209423117],[-99.2251823894372,19.34542802932367],[-99.22621641886654,19.344303264725816],[-99.23041131778665,19.34393676938736],[-99.23161157346792,19.343111004289018],[-99.23274419897646,19.342135652440756],[-99.23679118502096,19.341844484137575],[-99.23947071175829,19.34050682926801],[-99.24205747696077,19.340791897001537],[-99.24314467684692,19.33992517512819],[-99.24459325348816,19.340459808208017],[-99.2481692866942,19.339787987594324],[-99.25198179755894,19.338260437481324],[-99.25319988587692,19.33674899295464],[-99.25601048303852,19.336514423632917]]]},"properties":{"_id":86,"id":85,"g_pnt_2":"19.340816816,-99.2306697358","geo_shp":"{\"type\": \"Polygon\", \"coordinates\": [[[-99.25601048303851, 19.336514423632917], [-99.25578346069253, 19.33666006938838], [-99.25561971051327, 19.336720490525824], [-99.2554295906505, 19.33672075704899], [-99.25520759514092, 19.336670908486465], [-99.25504","deleg":"ALVARO OBREGON","zona":"PONIENTE","sctr_18":"ALPES","cv_sctr":1,"zp":7,"are_km2":2.301934036543285,"x":-99.247325,"y":19.339809,"fech_cr":"2018-08-17T00:00:00","anio":2018,"mes":8,"dia":17}},
{"type":"Feature","geometry":{"type":"Polygon","coordinates":[[[-99.1634294286462,19.32121456661077],[-99.16266726746063,19.32319976973904],[-99.15884865057674,19.327790816182876],[-99.15922692914263,19.328143412470975],[-99.16532567865468,19.32999434899188],[-99.16652933669126,19.326286761275423],[-99.16800891058314,19.323323083363096],[-99.1728016738605,19.326083359190417],[-99.17303244372754,19.32799355035],[-99.17373561603826,19.321814640965332],[-99.17426792210792,19.32188300121496],[-99.1746300530863,19.315170004431355],[-99.17242297973053,19.311922015724065],[-99.17018286592756,19.31124772859832],[-99.16974977550468,19.311449404158225],[-99.1695888424022,19.312864423780187],[-99.16698076463746,19.315885097548957],[-99.1648193733767,19.316952349973334],[-99.16616907041806,19.318053828931284],[-99.1634294286462,19.32121456661077]]]},"properties":{"_id":87,"id":86,"g_pnt_2":"19.3208741679,-99.1682628353","geo_shp":"{\"type\": \"Polygon\", \"coordinates\": [[[-99.15884865057674, 19.327790816182876], [-99.16137914039507, 19.324811541549227], [-99.16177780070608, 19.32440168536462], [-99.16266726746063, 19.323199769739038], [-99.16210181509499, 19.32272642096072], [-99.1634","deleg":"COYOACAN","zona":"SUR","sctr_18":"UNIVERSIDAD","cv_sctr":4,"zp":7,"are_km2":1.662648190643351,"x":-99.166739,"y":19.320622,"fech_cr":"2018-08-17T00:00:00","anio":2018,"mes":8,"dia":17}},
{"type":"Feature","geometry":{"type":"Polygon","coordinates":[[[-99.16350214833432,19.34999734484362],[-99.1689829222156,19.351242177441996],[-99.16939465448304,19.35035500837779],[-99.17420237601928,19.350382468020097],[-99.17720987251428,19.351142174537205],[-99.17975454649762,19.34848935408781],[-99.18025522542835,19.34629313171018],[-99.17627705028822,19.34543662744838],[-99.17072681909404,19.34474021916062],[-99.1674350521762,19.34432247450997],[-99.16463465700464,19.343989001394345],[-99.16350214833432,19.34999734484362]]]},"properties":{"_id":88,"id":87,"g_pnt_2":"19.3477131863,-99.1714084867","geo_shp":"{\"type\": \"Polygon\", \"coordinates\": [[[-99.16350214833433, 19.34999734484362], [-99.16413082726021, 19.34714075038136], [-99.16463465700465, 19.343989001394345], [-99.1674350521762, 19.344322474509966], [-99.16931089752602, 19.344567111127745], [-99.16932","deleg":"COYOACAN","zona":"SUR","sctr_18":"COYOACAN","cv_sctr":1,"zp":1,"are_km2":1.024545373920188,"x":-99.171881,"y":19.350197,"fech_cr":"2018-08-17T00:00:00","anio":2018,"mes":8,"dia":17}},
{"type":"Feature","geometry":{"type":"Polygon","coordinates":[[[-99.13134733223416,19.31568060382746],[-99.13427398118812,19.3076249557149],[-99.1236650074344,19.31060978591807],[-99.12408500489708,19.314430152809667],[-99.12477768764158,19.31515758698576],[-99.12653591805164,19.316091610231695],[-99.12999005759538,19.317801487825456],[-99.13134733223416,19.31568060382746]]]},"properties":{"_id":89,"id":88,"g_pnt_2":"19.3124674034,-99.1288336928","geo_shp":"{\"type\": \"Polygon\", \"coordinates\": [[[-99.13395855998844, 19.309295197860724], [-99.13382359987226, 19.30943176810837], [-99.13367306326299, 19.309610827465], [-99.13352882310126, 19.309807596234364], [-99.13280184745629, 19.3116624180466], [-99.13277048","deleg":"COYOACAN","zona":"SUR","sctr_18":"CULHUACAN","cv_sctr":2,"zp":12,"are_km2":0.73159805538605,"x":-99.129486,"y":19.313143,"fech_cr":"2018-08-17T00:00:00","anio":2018,"mes":8,"dia":17}},
{"type":"Feature","geometry":{"type":"Polygon","coordinates":[[[-99.20603580457372,19.335619036050787],[-99.2082030379522,19.335351947447],[-99.20889895685598,19.336766014974117],[-99.21075497874848,19.33553202975094],[-99.21320698218952,19.33580094413365],[-99.21330799306573,19.331035387475687],[-99.21155320373984,19.330836883755104],[-99.20997497544256,19.331651294957076],[-99.20900871918398,19.3323455125434],[-99.20603580457372,19.335619036050787]]]},"properties":{"_id":90,"id":89,"g_pnt_2":"19.3339117917,-99.2102355243","geo_shp":"{\"type\": \"Polygon\", \"coordinates\": [[[-99.20603580457373, 19.335619036050787], [-99.20652776805228, 19.3352059047984], [-99.20702496049091, 19.334789060792332], [-99.20761502083856, 19.334260041244963], [-99.20831090703449, 19.333478654507964], [-99.2084","deleg":"MAGDALENA CONTRERAS","zona":"SUR","sctr_18":"SAN JERONIMO","cv_sctr":2,"zp":1,"are_km2":0.264843112175481,"x":-99.212909,"y":19.332345,"fech_cr":"2018-08-17T00:00:00","anio":2018,"mes":8,"dia":17}},
{"type":"Feature","geometry":{"type":"Polygon","coordinates":[[[-99.17343799684856,19.42878095078311],[-99.17739457992197,19.42280790873257],[-99.17740855900404,19.42278656610076],[-99.175437050766,19.42247396940961],[-99.17134195709944,19.42441194787571],[-99.17343799684856,19.42878095078311]]]},"properties":{"_id":98,"id":97,"g_pnt_2":"19.4250280695,-99.1741709753","geo_shp":"{\"type\": \"Polygon\", \"coordinates\": [[[-99.17343799684856, 19.428780950783114], [-99.17309391500879, 19.428587782070462], [-99.1730247710317, 19.42841956605475], [-99.17298521254156, 19.428214086507037], [-99.17298768677023, 19.42803179378444], [-99.17306","deleg":"CUAUHTEMOC","zona":"CENTRO","sctr_18":"ANGEL-ZONA ROSA","cv_sctr":3,"zp":1,"are_km2":0.203459674616509,"x":-99.174377,"y":19.425627,"fech_cr":"2018-08-17T00:00:00","anio":2018,"mes":8,"dia":17}},
{"type":"Feature","geometry":{"type":"Polygon","coordinates":[[[-99.00755413045594,19.376092182415427],[-99.01764284879724,19.381758442603008],[-99.02733152298,19.386278662363075],[-99.03037009514948,19.38160420542953],[-99.02390477816398,19.37782258859487],[-99.01102786865444,19.36856090832996],[-99.00755413045594,19.376092182415427]]]},"properties":{"_id":91,"id":90,"g_pnt_2":"19.377876007,-99.018268093","geo_shp":"{\"type\": \"Polygon\", \"coordinates\": [[[-99.00755413045594, 19.376092182415427], [-99.0075554634191, 19.376087663468926], [-99.01096502123274, 19.36854898224417], [-99.01102786865444, 19.36856090832996], [-99.01537286064315, 19.371660554557028], [-99.01855","deleg":"IZTAPALAPA","zona":"ORIENTE","sctr_18":"OASIS","cv_sctr":1,"zp":2,"are_km2":1.819673607936505,"x":-99.018962,"y":19.377414,"fech_cr":"2018-08-17T00:00:00","anio":2018,"mes":8,"dia":17}},
{"type":"Feature","geometry":{"type":"Polygon","coordinates":[[[-99.0770030259287,19.378144792917197],[-99.08110337305264,19.379177113334592],[-99.0862655920322,19.37934085316268],[-99.08645024006074,19.37843879592316],[-99.09419510799424,19.37858814135945],[-99.0943140503578,19.37395920375843],[-99.08656036033022,19.373820531306116],[-99.08700903925045,19.366242861598895],[-99.08646942671592,19.36624917402923],[-99.08211108376793,19.371203896861655],[-99.08009303086244,19.370857564598985],[-99.080027022494,19.371014670261957],[-99.07838524877532,19.373352012297733],[-99.0770030259287,19.378144792917197]]]},"properties":{"_id":92,"id":91,"g_pnt_2":"19.3748930981,-99.085238972","geo_shp":"{\"type\": \"Polygon\", \"coordinates\": [[[-99.0770030259287, 19.378144792917197], [-99.07742472141801, 19.376590207103202], [-99.078024889683, 19.374493186625322], [-99.07838524877533, 19.373352012297733], [-99.07945995389197, 19.37236398813479], [-99.079957","deleg":"IZTAPALAPA","zona":"ORIENTE","sctr_18":"ABASTO-REFORMA","cv_sctr":1,"zp":7,"are_km2":1.336029317942179,"x":-99.085657,"y":19.372792,"fech_cr":"2018-08-17T00:00:00","anio":2018,"mes":8,"dia":17}},
{"type":"Feature","geometry":{"type":"Polygon","coordinates":[[[-99.31079651836644,19.338554641840982],[-99.30909289899805,19.33772118863284],[-99.3109527678693,19.324882561061948],[-99.3142390796026,19.30952154600257],[-99.31451497982484,19.30616110876092],[-99.31104392069015,19.307394835064347],[-99.30820395158511,19.30977703247312],[-99.30252401807344,19.31152124243595],[-99.30059038619238,19.3130939333564],[-99.29749645520198,19.314144581319336],[-99.29833288315812,19.31618945188652],[-99.29792672823598,19.317306186826546],[-99.29951722848772,19.32103951394656],[-99.30352890390732,19.333683537278908],[-99.2988427185952,19.33618650566485],[-99.29794757444589,19.33752275274609],[-99.29741350374888,19.338637343817393],[-99.29734327424325,19.346330908285015],[-99.2946845774497,19.34924464963016],[-99.29472708203411,19.35160053219636],[-99.29648746776633,19.350454043266023],[-99.30240270181169,19.34900054557122],[-99.30493505943042,19.348881093607275],[-99.30553635812905,19.348345053769428],[-99.30731676306652,19.34289719993321],[-99.3075231171788,19.34195385674709],[-99.31079651836644,19.338554641840982]]]},"properties":{"_id":93,"id":92,"g_pnt_2":"19.3279829166,-99.305049485","geo_shp":"{\"type\": \"Polygon\", \"coordinates\": [[[-99.31079651836643, 19.338554641840982], [-99.31025001366818, 19.339342125322737], [-99.3097050984794, 19.340066521211483], [-99.30911633877517, 19.34046328231605], [-99.30844124403119, 19.340819337206707], [-99.3079","deleg":"CUAJIMALPA","zona":"PONIENTE","sctr_18":"EL YAQUI","cv_sctr":7,"zp":7,"are_km2":5.108748458133988,"x":-99.306028,"y":19.321951,"fech_cr":"2018-08-17T00:00:00","anio":2018,"mes":8,"dia":17}},
{"type":"Feature","geometry":{"type":"Polygon","coordinates":[[[-99.1513044706762,19.29725762067497],[-99.15268726102522,19.293570206620977],[-99.1502972488732,19.292959785175498],[-99.1493987454342,19.290522383609815],[-99.14653813746196,19.293115218222265],[-99.14416900983284,19.299583316680767],[-99.14738206711722,19.300327818627025],[-99.1513044706762,19.29725762067497]]]},"properties":{"_id":94,"id":93,"g_pnt_2":"19.2958152459,-99.1483673168","geo_shp":"{\"type\": \"Polygon\", \"coordinates\": [[[-99.1513044706762, 19.29725762067497], [-99.1509746208801, 19.29751547205153], [-99.15028847776112, 19.298052975966574], [-99.14738206711722, 19.300327818627025], [-99.14557105172472, 19.300134777437044], [-99.144329","deleg":"TLALPAN","zona":"SUR","sctr_18":"COAPA","cv_sctr":3,"zp":8,"are_km2":0.538423522903536,"x":-99.147169,"y":19.294989,"fech_cr":"2018-08-17T00:00:00","anio":2018,"mes":8,"dia":17}},
{"type":"Feature","geometry":{"type":"Polygon","coordinates":[[[-99.23159296173704,19.30436056583734],[-99.22825092935511,19.30579103031006],[-99.22457419984885,19.30996716675401],[-99.22538206987473,19.31074070965625],[-99.22589077486474,19.311240503208285],[-99.22825884761532,19.31341909808535],[-99.2307233839389,19.316799383788663],[-99.23097271612878,19.316614245601716],[-99.23207674749256,19.315940523739588],[-99.23454094202702,19.315529045409416],[-99.23719057454647,19.314207007400007],[-99.23756715131768,19.31401283776144],[-99.24003859736877,19.312012072212468],[-99.240815432634,19.31025654350393],[-99.2406554284898,19.308503966270756],[-99.24204139821802,19.307115556039083],[-99.2407205391402,19.30596859994228],[-99.23685012867048,19.30815863980975],[-99.23580038405744,19.30661164479569],[-99.23334500824348,19.306701744093303],[-99.23244465225946,19.305627485890444],[-99.23159296173704,19.30436056583734]]]},"properties":{"_id":95,"id":94,"g_pnt_2":"19.31030027,-99.2331533196","geo_shp":"{\"type\": \"Polygon\", \"coordinates\": [[[-99.2245627335768, 19.30979564353241], [-99.22459629096338, 19.30955438350547], [-99.22466374938891, 19.309393427728654], [-99.22479903948476, 19.309205636509073], [-99.22502461764135, 19.30898555933161], [-99.225503","deleg":"MAGDALENA CONTRERAS","zona":"SUR","sctr_18":"DINAMO","cv_sctr":1,"zp":2,"are_km2":1.411211535856481,"x":-198.471757,"y":38.62077,"fech_cr":"2018-08-17T00:00:00","anio":2018,"mes":8,"dia":17}},
{"type":"Feature","geometry":{"type":"Polygon","coordinates":[[[-99.12910621511362,19.43641742673066],[-99.12922608134905,19.435609009160643],[-99.12944894346666,19.433864573203913],[-99.12409398297493,19.43321615226925],[-99.12397730022872,19.433982900775295],[-99.12370754186472,19.435768031927456],[-99.12910621511362,19.43641742673066]]]},"properties":{"_id":96,"id":95,"g_pnt_2":"19.4348186245,-99.1265917708","geo_shp":"{\"type\": \"Polygon\", \"coordinates\": [[[-99.12910621511362, 19.43641742673066], [-99.12370754186472, 19.435768031927456], [-99.12384394641698, 19.434876098040906], [-99.12397730022872, 19.433982900775298], [-99.12409398297491, 19.43321615226925], [-99.1273","deleg":"CUAUHTEMOC","zona":"CENTRO","sctr_18":"CENTRO","cv_sctr":2,"zp":7,"are_km2":0.162971461194856,"x":-99.126578,"y":19.434817,"fech_cr":"2018-08-17T00:00:00","anio":2018,"mes":8,"dia":17}},
{"type":"Feature","geometry":{"type":"Polygon","coordinates":[[[-99.16740004728558,19.42627196881805],[-99.17134195709944,19.42441194787571],[-99.1699539460557,19.42114702596449],[-99.16536226231686,19.42223705506879],[-99.16740004728558,19.42627196881805]]]},"properties":{"_id":97,"id":96,"g_pnt_2":"19.4235362031,-99.1683868181","geo_shp":"{\"type\": \"Polygon\", \"coordinates\": [[[-99.16740004728558, 19.42627196881805], [-99.16710032650985, 19.425573540147337], [-99.16660766193603, 19.42453998924566], [-99.16552500769588, 19.422759918859853], [-99.16536226231686, 19.42223705506879], [-99.16700","deleg":"CUAUHTEMOC","zona":"CENTRO","sctr_18":"ANGEL-ZONA ROSA","cv_sctr":3,"zp":11,"are_km2":0.206836974206448,"x":-99.168352,"y":19.42371,"fech_cr":"2018-08-17T00:00:00","anio":2018,"mes":8,"dia":17}},
{"type":"Feature","geometry":{"type":"Polygon","coordinates":[[[-99.1277473981944,19.412762166491135],[-99.12648629843412,19.4081777562638],[-99.12540634993871,19.40362484177644],[-99.1213289911076,19.40435117079178],[-99.12139683958053,19.40850721876491],[-99.1213825935853,19.412926588709293],[-99.1277473981944,19.412762166491135]]]},"properties":{"_id":100,"id":99,"g_pnt_2":"19.4087440801,-99.1240727193","geo_shp":"{\"type\": \"Polygon\", \"coordinates\": [[[-99.12774739819439, 19.412762166491135], [-99.1213825935853, 19.412926588709293], [-99.12144996258436, 19.41206741708061], [-99.12147206309945, 19.411430332672126], [-99.12146410267216, 19.41084324697129], [-99.12142","deleg":"VENUSTIANO CARRANZA","zona":"NORTE","sctr_18":"MERCED-BALBUENA","cv_sctr":3,"zp":2,"are_km2":0.540682142711742,"x":-99.124601,"y":19.408121,"fech_cr":"2018-08-17T00:00:00","anio":2018,"mes":8,"dia":17}},
{"type":"Feature","geometry":{"type":"Polygon","coordinates":[[[-99.07338134427604,19.4244924202352],[-99.07425730169722,19.417981915291303],[-99.07477829027378,19.41645052847607],[-99.07732476217748,19.41798723286395],[-99.07790981683522,19.417038020758273],[-99.07793053602316,19.416742929827095],[-99.07316781866444,19.41392811918809],[-99.06927978411518,19.41979404983713],[-99.06714877242712,19.42341690199882],[-99.07338134427604,19.4244924202352]]]},"properties":{"_id":101,"id":100,"g_pnt_2":"19.4196225744,-99.0721804359","geo_shp":"{\"type\": \"Polygon\", \"coordinates\": [[[-99.07338134427603, 19.4244924202352], [-99.06714877242712, 19.42341690199882], [-99.06915205886743, 19.42026234346559], [-99.06927978411518, 19.41979404983713], [-99.06973092835104, 19.41919720601636], [-99.07100968","deleg":"VENUSTIANO CARRANZA","zona":"NORTE","sctr_18":"ARENAL","cv_sctr":2,"zp":4,"are_km2":0.542487255748346,"x":-99.070854,"y":19.417692,"fech_cr":"2018-08-17T00:00:00","anio":2018,"mes":8,"dia":17}},
{"type":"Feature","geometry":{"type":"Polygon","coordinates":[[[-99.08550083667603,19.49150503982919],[-99.08130066388549,19.490921243845655],[-99.07312169262124,19.502518778095578],[-99.07705322694702,19.50417022304589],[-99.0820514287481,19.497059010377168],[-99.08550083667603,19.49150503982919]]]},"properties":{"_id":102,"id":101,"g_pnt_2":"19.4974225946,-99.0792270757","geo_shp":"{\"type\": \"Polygon\", \"coordinates\": [[[-99.08550083667605, 19.49150503982919], [-99.0820514287481, 19.497059010377168], [-99.07705322694702, 19.50417022304589], [-99.07312169262124, 19.502518778095574], [-99.07651026889793, 19.49762448314798], [-99.081300","deleg":"GUSTAVO A MADERO","zona":"NORTE","sctr_18":"PRADERA","cv_sctr":3,"zp":4,"are_km2":0.702055245257787,"x":-99.078672,"y":19.497062,"fech_cr":"2018-08-17T00:00:00","anio":2018,"mes":8,"dia":17}},
{"type":"Feature","geometry":{"type":"Polygon","coordinates":[[[-99.18344787978842,19.33667636747477],[-99.18089922854904,19.335757964216057],[-99.1756686151098,19.3355067683785],[-99.17543320443032,19.33624375568383],[-99.1773083019628,19.338340244427883],[-99.17627705028822,19.34543662744838],[-99.18025522542835,19.34629313171018],[-99.181712634571,19.338936467346507],[-99.18344787978842,19.33667636747477]]]},"properties":{"_id":103,"id":102,"g_pnt_2":"19.340302941,-99.179090303","geo_shp":"{\"type\": \"Polygon\", \"coordinates\": [[[-99.18344787978842, 19.336676367474766], [-99.18293367240003, 19.337005317390524], [-99.18238591445295, 19.337558346126638], [-99.18193961867264, 19.338263649003363], [-99.181712634571, 19.338936467346507], [-99.1811","deleg":"COYOACAN","zona":"SUR","sctr_18":"UNIVERSIDAD","cv_sctr":4,"zp":2,"are_km2":0.56652345344702,"x":-99.179446,"y":19.341309,"fech_cr":"2018-08-17T00:00:00","anio":2018,"mes":8,"dia":17}},
{"type":"Feature","geometry":{"type":"Polygon","coordinates":[[[-99.14810302550616,19.376927890189517],[-99.1556262957719,19.378205876066865],[-99.1588897250378,19.378679977668632],[-99.15879427199688,19.37834918887606],[-99.15828618247636,19.3764235054731],[-99.160114464326,19.37586879529724],[-99.16058389939684,19.373797289515053],[-99.15729643351692,19.37328419512964],[-99.14896449396976,19.37226442587659],[-99.1487124359018,19.373629062888373],[-99.14810302550616,19.376927890189517]]]},"properties":{"_id":131,"id":130,"g_pnt_2":"19.3753303674,-99.1540106074","geo_shp":"{\"type\": \"Polygon\", \"coordinates\": [[[-99.14810302550615, 19.376927890189517], [-99.14846397452702, 19.374974084496113], [-99.1487124359018, 19.373629062888373], [-99.14896449396977, 19.37226442587659], [-99.15253340953333, 19.372688142361792], [-99.1539","deleg":"BENITO JUAREZ","zona":"SUR","sctr_18":"PORTALES","cv_sctr":5,"zp":4,"are_km2":0.633864927642715,"x":-99.154344,"y":19.375472,"fech_cr":"2018-08-17T00:00:00","anio":2018,"mes":8,"dia":17}},
{"type":"Feature","geometry":{"type":"Polygon","coordinates":[[[-99.17303244372754,19.32799355035],[-99.17346303331723,19.331969048469055],[-99.17247472761632,19.335297430276967],[-99.1756686151098,19.3355067683785],[-99.18089922854904,19.335757964216057],[-99.18344787978842,19.33667636747477],[-99.18586746358343,19.3360808568264],[-99.17861072924012,19.33302927208447],[-99.17843953186107,19.330375763125776],[-99.17681272602871,19.329990078506793],[-99.1746932451966,19.32760912568486],[-99.17445645095393,19.324883913602477],[-99.17491373492048,19.3226097454299],[-99.17426792210792,19.32188300121496],[-99.17373561603826,19.321814640965332],[-99.17303244372754,19.32799355035]]]},"properties":{"_id":104,"id":103,"g_pnt_2":"19.3318697546,-99.1766301277","geo_shp":"{\"type\": \"Polygon\", \"coordinates\": [[[-99.17247472761633, 19.335297430276967], [-99.17235286159277, 19.335109469107618], [-99.17310185500027, 19.33342691670648], [-99.17334594793395, 19.332882157745455], [-99.17347201350341, 19.3324495794206], [-99.17346","deleg":"COYOACAN","zona":"SUR","sctr_18":"UNIVERSIDAD","cv_sctr":4,"zp":4,"are_km2":0.630563466365633,"x":-99.175375,"y":19.332705,"fech_cr":"2018-08-17T00:00:00","anio":2018,"mes":8,"dia":17}},
{"type":"Feature","geometry":{"type":"Polygon","coordinates":[[[-99.16298501470446,19.308103896184335],[-99.1578897209324,19.30647686739941],[-99.15436425906306,19.31574346960251],[-99.1577232439265,19.314025670905902],[-99.16131328380284,19.312702197489667],[-99.16298501470446,19.308103896184335]]]},"properties":{"_id":105,"id":104,"g_pnt_2":"19.3107240549,-99.1587974441","geo_shp":"{\"type\": \"Polygon\", \"coordinates\": [[[-99.16298501470446, 19.308103896184335], [-99.16221350974538, 19.310308275418258], [-99.16174460981443, 19.311757002158938], [-99.16131328380285, 19.312702197489667], [-99.16075847887973, 19.312563233603374], [-99.16","deleg":"COYOACAN","zona":"SUR","sctr_18":"XOTEPINGO","cv_sctr":5,"zp":11,"are_km2":0.457332323478605,"x":-99.159305,"y":19.310636,"fech_cr":"2018-08-17T00:00:00","anio":2018,"mes":8,"dia":17}},
{"type":"Feature","geometry":{"type":"Polygon","coordinates":[[[-99.16530505858516,19.19795812034184],[-99.16498335294996,19.195668559605515],[-99.16564962763984,19.19028876056337],[-99.16405065442125,19.18623026405349],[-99.16901067551018,19.18229263018816],[-99.1701829884786,19.18083951048418],[-99.18183296717244,19.176341540780793],[-99.1759097379081,19.16880089393981],[-99.17320949174058,19.172915188069464],[-99.170646411477,19.173016644344724],[-99.16751509847975,19.169681810959975],[-99.16051948927408,19.180378514887256],[-99.1464504730756,19.18483577853625],[-99.1486623918438,19.186637974325624],[-99.15148873506917,19.187307001161344],[-99.15228690276226,19.19097032287985],[-99.15431858363088,19.191611945648187],[-99.15646747305972,19.19155418042608],[-99.15918369860128,19.19391752372434],[-99.16092609445371,19.193788206845767],[-99.16293944773786,19.19535921077474],[-99.16400264239128,19.197202091822003],[-99.16530505858516,19.19795812034184]]]},"properties":{"_id":106,"id":105,"g_pnt_2":"19.1822442362,-99.1642793236","geo_shp":"{\"type\": \"Polygon\", \"coordinates\": [[[-99.16438729215842, 19.18596307230227], [-99.16405065442125, 19.18623026405349], [-99.16421725039466, 19.187237032170515], [-99.1646835605552, 19.188526961034427], [-99.16564962763984, 19.190288760563366], [-99.16498","deleg":"TLALPAN","zona":"SUR","sctr_18":"HUIPULCO-HOSPITALES","cv_sctr":5,"zp":16,"are_km2":3.802194837330498,"x":-99.172306,"y":19.175144,"fech_cr":"2018-08-17T00:00:00","anio":2018,"mes":8,"dia":17}},
{"type":"Feature","geometry":{"type":"Polygon","coordinates":[[[-99.0745814277822,19.387231381212803],[-99.0673156004426,19.383451728816993],[-99.065882164306,19.390025150434425],[-99.07359694018454,19.39132625053813],[-99.0745814277822,19.387231381212803]]]},"properties":{"_id":107,"id":106,"g_pnt_2":"19.3879038012,-99.0700594711","geo_shp":"{\"type\": \"Polygon\", \"coordinates\": [[[-99.0745814277822, 19.387231381212803], [-99.07359694018454, 19.39132625053813], [-99.07115635317, 19.39090805053799], [-99.065882164306, 19.390025150434422], [-99.0673156004426, 19.383451728816993], [-99.06876885348","deleg":"IZTACALCO","zona":"NORTE","sctr_18":"PANTITLAN","cv_sctr":2,"zp":15,"are_km2":0.501510129587971,"x":-99.070936,"y":19.387749,"fech_cr":"2018-08-17T00:00:00","anio":2018,"mes":8,"dia":17}},
{"type":"Feature","geometry":{"type":"Polygon","coordinates":[[[-99.09845729689548,19.3961406502598],[-99.10318959308226,19.396461215840795],[-99.11313816691414,19.39768280378588],[-99.11313172114096,19.3975890863616],[-99.11302765706668,19.394738464480763],[-99.11262984923978,19.39515101348991],[-99.09877736362355,19.39388338824797],[-99.09845729689548,19.3961406502598]]]},"properties":{"_id":108,"id":107,"g_pnt_2":"19.3956853579,-99.1060415676","geo_shp":"{\"type\": \"Polygon\", \"coordinates\": [[[-99.09845729689548, 19.3961406502598], [-99.09877736362355, 19.39388338824797], [-99.09966902195218, 19.393968398809214], [-99.1040193228709, 19.394384771529204], [-99.11002679282535, 19.39497085824311], [-99.1126298","deleg":"IZTACALCO","zona":"NORTE","sctr_18":"TLACOTAL","cv_sctr":3,"zp":5,"are_km2":0.37657899623067,"x":-99.105796,"y":19.395113,"fech_cr":"2018-08-17T00:00:00","anio":2018,"mes":8,"dia":17}},
{"type":"Feature","geometry":{"type":"Polygon","coordinates":[[[-99.07042725570288,19.470968271041443],[-99.07882910061628,19.472534655976656],[-99.08048416820378,19.46309108588818],[-99.08010076377197,19.46268428860512],[-99.07676917876536,19.4634146196562],[-99.07309242631776,19.46532833344166],[-99.07185986555976,19.465240799197435],[-99.07042725570288,19.470968271041443]]]},"properties":{"_id":110,"id":109,"g_pnt_2":"19.4677836157,-99.0758698238","geo_shp":"{\"type\": \"Polygon\", \"coordinates\": [[[-99.07042725570287, 19.470968271041443], [-99.07185986555977, 19.465240799197435], [-99.07236775426526, 19.465364232697578], [-99.07267599415916, 19.46539565089999], [-99.0728675039123, 19.465395574013943], [-99.0730","deleg":"GUSTAVO A MADERO","zona":"NORTE","sctr_18":"ARAGON","cv_sctr":1,"zp":2,"are_km2":0.765126065315388,"x":-99.075194,"y":19.46899,"fech_cr":"2018-08-17T00:00:00","anio":2018,"mes":8,"dia":17}},
{"type":"Feature","geometry":{"type":"Polygon","coordinates":[[[-99.15263216509116,19.22446277979316],[-99.1508045467595,19.223621870016043],[-99.15037567711374,19.221439657369956],[-99.15144091726478,19.20886043773655],[-99.14937712304416,19.207011254320825],[-99.1482983443292,19.20783711220441],[-99.1431074826126,19.20810903204417],[-99.14035870776172,19.20786568728888],[-99.1364151479856,19.206962611931825],[-99.13302426848126,19.207527715212027],[-99.1328219080114,19.20904171538562],[-99.13018431864906,19.209015047825797],[-99.12789192212593,19.212267243548876],[-99.12802372889382,19.214174786858667],[-99.12423100553264,19.2181396237954],[-99.12146183828348,19.223481265306457],[-99.12183607392558,19.22549538791023],[-99.12199742728684,19.230904743247375],[-99.12105597018191,19.23398982601079],[-99.11953213042462,19.235947534263005],[-99.11933765098338,19.238841508145267],[-99.11869211944276,19.240884042104007],[-99.11614918603578,19.243313524956775],[-99.11739052954592,19.246557067433635],[-99.11987025441464,19.24692791159708],[-99.12132552133764,19.24630496452606],[-99.1249363871958,19.246266292960012],[-99.12965103921611,19.24251481723386],[-99.13058244042588,19.239129100324615],[-99.13313004651044,19.235758296965894],[-99.13483188694386,19.234683529355163],[-99.13783708273505,19.236461125690564],[-99.14126386544132,19.23081054713571],[-99.14272015671986,19.227886558795944],[-99.1453985693001,19.22725450980004],[-99.15263216509116,19.22446277979316]]]},"properties":{"_id":111,"id":110,"g_pnt_2":"19.2244378544,-99.1342281691","geo_shp":"{\"type\": \"Polygon\", \"coordinates\": [[[-99.15263216509116, 19.22446277979316], [-99.1453985693001, 19.22725450980004], [-99.14412535977819, 19.227205084619566], [-99.14272015671986, 19.227886558795944], [-99.14126386544133, 19.230810547135714], [-99.14007","deleg":"XOCHIMILCO","zona":"ORIENTE","sctr_18":"LA NORIA","cv_sctr":5,"zp":2,"are_km2":9.107935527336323,"x":-99.124672,"y":19.228383,"fech_cr":"2018-08-17T00:00:00","anio":2018,"mes":8,"dia":17}},
{"type":"Feature","geometry":{"type":"Polygon","coordinates":[[[-99.13543698158072,19.436388953238097],[-99.13494703653237,19.442942011385536],[-99.13896703836376,19.44316500964122],[-99.1396568638052,19.43905368393788],[-99.13997100705106,19.43701300059595],[-99.13543698158072,19.436388953238097]]]},"properties":{"_id":112,"id":111,"g_pnt_2":"19.4398223231,-99.1372749648","geo_shp":"{\"type\": \"Polygon\", \"coordinates\": [[[-99.1351530867156, 19.438096838523503], [-99.13528584319135, 19.437244213291265], [-99.13543698158072, 19.436388953238097], [-99.13749999127347, 19.436649043432038], [-99.13875368456692, 19.436821341986548], [-99.139","deleg":"CUAUHTEMOC","zona":"CENTRO","sctr_18":"CENTRO","cv_sctr":2,"zp":1,"are_km2":0.333821429240242,"x":-99.136382,"y":19.439703,"fech_cr":"2018-08-17T00:00:00","anio":2018,"mes":8,"dia":17}},
{"type":"Feature","geometry":{"type":"Polygon","coordinates":[[[-98.9931509016328,19.2257272948929],[-98.99258116055672,19.222496301573873],[-98.99345858069762,19.220977690508672],[-98.99372248528302,19.2135916231312],[-98.99515483429442,19.212477830212517],[-98.99770346940286,19.20887752301494],[-98.9996755138498,19.20791192253584],[-98.99897146218728,19.20782813813607],[-98.99862938114796,19.207361687256704],[-98.99565783214597,19.207512393974696],[-98.990288964658,19.20864364916249],[-98.99000671691807,19.21018162175327],[-98.99076385326612,19.212035615581467],[-98.98925686059174,19.21221095997466],[-98.9885739372398,19.210430352741636],[-98.98646954758398,19.2092881743192],[-98.98649505594284,19.2067919847458],[-98.9857348518435,19.206045482729404],[-98.98259227333996,19.20529876676486],[-98.97884688740984,19.214330265542447],[-98.97822378316016,19.214201040343035],[-98.9781325051309,19.214545465501654],[-98.9834324777317,19.219192517290164],[-98.99010676357211,19.225007826678155],[-98.9931509016328,19.2257272948929]]]},"properties":{"_id":113,"id":112,"g_pnt_2":"19.2145970027,-98.9879496878","geo_shp":"{\"type\": \"Polygon\", \"coordinates\": [[[-98.99365154545806, 19.21531217407296], [-98.99364113954522, 19.216257632887505], [-98.99355764134695, 19.217940675397735], [-98.99352636493782, 19.219782244854578], [-98.99345858069762, 19.220977690508672], [-98.992","deleg":"MILPA ALTA","zona":"ORIENTE","sctr_18":"TECOMITL","cv_sctr":2,"zp":2,"are_km2":2.351563924516186,"x":-98.990159,"y":19.216356,"fech_cr":"2018-08-17T00:00:00","anio":2018,"mes":8,"dia":17}},
{"type":"Feature","geometry":{"type":"Polygon","coordinates":[[[-99.13509220509184,19.376600725854015],[-99.14022577907814,19.376381020389555],[-99.14071298113168,19.373080414984784],[-99.13607879227416,19.37217455915071],[-99.13509220509184,19.376600725854015]]]},"properties":{"_id":114,"id":113,"g_pnt_2":"19.3744822443,-99.1379200577","geo_shp":"{\"type\": \"Polygon\", \"coordinates\": [[[-99.13509220509185, 19.376600725854015], [-99.13586125213608, 19.373150258125037], [-99.13607879227415, 19.372174559150714], [-99.13864130781536, 19.37266816576527], [-99.14071298113167, 19.373080414984784], [-99.140","deleg":"BENITO JUAREZ","zona":"SUR","sctr_18":"NATIVITAS","cv_sctr":4,"zp":4,"are_km2":0.213253752587983,"x":-99.138075,"y":19.373363,"fech_cr":"2018-08-17T00:00:00","anio":2018,"mes":8,"dia":17}},
{"type":"Feature","geometry":{"type":"Polygon","coordinates":[[[-99.24054200488273,19.338196633128906],[-99.24082200222304,19.33618545247145],[-99.24018288687417,19.334413990833667],[-99.2366275831404,19.333292986994348],[-99.23402113479014,19.334071520689395],[-99.23132269416858,19.332617263340417],[-99.23171401023698,19.33109381200572],[-99.2296237865961,19.32971955211513],[-99.2244320256977,19.33203001614222],[-99.21946958845304,19.333368586895077],[-99.21704103077305,19.333964010880415],[-99.21493639795484,19.335482952567997],[-99.21387055489922,19.337198219813377],[-99.21378066638717,19.34193981029738],[-99.21908966041612,19.340307339752556],[-99.22467144028826,19.339258941741605],[-99.2275942970707,19.337321504784377],[-99.2391564843012,19.337922443261785],[-99.24054200488273,19.338196633128906]]]},"properties":{"_id":115,"id":114,"g_pnt_2":"19.3358797579,-99.2258035347","geo_shp":"{\"type\": \"Polygon\", \"coordinates\": [[[-99.24054200488271, 19.338196633128906], [-99.24004287763269, 19.33821491479905], [-99.2391564843012, 19.337922443261782], [-99.2296323653347, 19.33749220245816], [-99.22951941373108, 19.33746342388115], [-99.2294236","deleg":"ALVARO OBREGON","zona":"PONIENTE","sctr_18":"ALPES","cv_sctr":1,"zp":6,"are_km2":1.827509165656585,"x":-99.234186,"y":19.334579,"fech_cr":"2018-08-17T00:00:00","anio":2018,"mes":8,"dia":17}},
{"type":"Feature","geometry":{"type":"Polygon","coordinates":[[[-99.28341412324626,19.33585695884695],[-99.2846993705669,19.335537008463017],[-99.2870062639428,19.330661960585285],[-99.28780763865107,19.332665809711045],[-99.28941603958056,19.330984865454504],[-99.2909289026218,19.32832409758777],[-99.29425335717754,19.326597706698884],[-99.29626207063072,19.326842449802427],[-99.29656907196916,19.325043712151732],[-99.29401756897182,19.32261416067836],[-99.29427482597232,19.32035042371479],[-99.29634870970976,19.320564152686572],[-99.29708542059836,19.321570481739496],[-99.29951722848772,19.32103951394656],[-99.29792672823598,19.317306186826546],[-99.29833288315812,19.31618945188652],[-99.29749645520198,19.314144581319336],[-99.29519727834992,19.315807013843347],[-99.29364392244612,19.314507361610467],[-99.29094989435023,19.31452713216875],[-99.2903725054678,19.31114874524005],[-99.28869111080358,19.31125995652924],[-99.28746840354196,19.31228487059929],[-99.28536074593714,19.311466646673765],[-99.28312626229445,19.31277228777495],[-99.28235197099158,19.316916395586272],[-99.2815865862664,19.317556276760453],[-99.28162227939347,19.320110742797805],[-99.27973976448266,19.32253123836328],[-99.2737502318154,19.325741950711024],[-99.27187429353276,19.32424765323376],[-99.2732732831239,19.32687844027793],[-99.27475172669656,19.327239355474557],[-99.27669683751029,19.326414340700033],[-99.27774890854256,19.324923320208075],[-99.28004043841511,19.32496310659146],[-99.28030993888224,19.326470640773827],[-99.27963215325428,19.329836976402124],[-99.28090999083788,19.330941412613193],[-99.2820438546337,19.333404073109826],[-99.2834539818406,19.33379737740943],[-99.28341412324626,19.33585695884695]]]},"properties":{"_id":116,"id":115,"g_pnt_2":"19.322322641,-99.2874414073","geo_shp":"{\"type\": \"Polygon\", \"coordinates\": [[[-99.2877869011753, 19.329739874857], [-99.2875674858182, 19.329532353041092], [-99.28654976623638, 19.329014194868346], [-99.28637762221908, 19.328999553048643], [-99.28623690195629, 19.329044330073557], [-99.2865502","deleg":"ALVARO OBREGON","zona":"PONIENTE","sctr_18":"ALPES","cv_sctr":1,"zp":1,"are_km2":3.317689223093869,"x":-99.281172,"y":19.321465,"fech_cr":"2018-08-17T00:00:00","anio":2018,"mes":8,"dia":17}},
{"type":"Feature","geometry":{"type":"Polygon","coordinates":[[[-99.21886935591502,19.393387967789987],[-99.22419905270336,19.393250969632],[-99.22917997621408,19.39201861378437],[-99.23401518389151,19.390168130296516],[-99.23709968101062,19.385798649943496],[-99.235165646768,19.385085012397237],[-99.23522892183632,19.38239458360461],[-99.23436754404923,19.378780788753257],[-99.23335840294772,19.37810109358806],[-99.23106846831166,19.378770186676626],[-99.22946794366888,19.379900391190365],[-99.22579972936369,19.380849242150113],[-99.22281015500435,19.382976793027854],[-99.21948814251262,19.383751297541608],[-99.21919457342784,19.385763900283372],[-99.2149592598989,19.38701091879616],[-99.21522842227289,19.38856011767037],[-99.21545121203827,19.391340850175418],[-99.21873556733958,19.392189456787143],[-99.21886935591502,19.393387967789987]]]},"properties":{"_id":117,"id":116,"g_pnt_2":"19.3868264717,-99.2263762553","geo_shp":"{\"type\": \"Polygon\", \"coordinates\": [[[-99.22200584635681, 19.39337829074566], [-99.21886935591502, 19.393387967789987], [-99.21873556733958, 19.392189456787143], [-99.21850748093628, 19.391834277692116], [-99.21808847527085, 19.391569975651116], [-99.217","deleg":"ALVARO OBREGON","zona":"PONIENTE","sctr_18":"SANTA FE","cv_sctr":5,"zp":2,"are_km2":2.409537356392672,"x":-99.228057,"y":19.386342,"fech_cr":"2018-08-17T00:00:00","anio":2018,"mes":8,"dia":17}},
{"type":"Feature","geometry":{"type":"Polygon","coordinates":[[[-99.14107518098272,19.25028311145251],[-99.14173741379174,19.248246996242436],[-99.1438194646623,19.247399606051214],[-99.14522723851486,19.2446982439196],[-99.14735520219834,19.24355144213069],[-99.1489247292356,19.24358966729721],[-99.14714115732316,19.23954023570166],[-99.14439748048012,19.234087054332974],[-99.1461137411669,19.233391039644037],[-99.14786779024638,19.23389909799772],[-99.15019225972404,19.232649343052863],[-99.15193519851182,19.22820911981723],[-99.15263216509116,19.22446277979316],[-99.1453985693001,19.22725450980004],[-99.14272015671986,19.227886558795944],[-99.14126386544132,19.23081054713571],[-99.13783708273505,19.236461125690564],[-99.13483188694386,19.234683529355163],[-99.13313004651044,19.235758296965894],[-99.13058244042588,19.239129100324615],[-99.12965103921611,19.24251481723386],[-99.13215683561502,19.24411797466171],[-99.13657391876944,19.24392593011238],[-99.1371925962933,19.2462321184403],[-99.14107518098272,19.25028311145251]]]},"properties":{"_id":118,"id":117,"g_pnt_2":"19.2377414708,-99.1415431711","geo_shp":"{\"type\": \"Polygon\", \"coordinates\": [[[-99.14107518098271, 19.250283111452514], [-99.14088462159371, 19.250098885393573], [-99.1371925962933, 19.2462321184403], [-99.13669379236292, 19.24528676664283], [-99.13655985067345, 19.244748298580472], [-99.136573","deleg":"XOCHIMILCO","zona":"ORIENTE","sctr_18":"LA NORIA","cv_sctr":5,"zp":6,"are_km2":2.939905587183222,"x":-99.142925,"y":19.242655,"fech_cr":"2018-08-17T00:00:00","anio":2018,"mes":8,"dia":17}},
{"type":"Feature","geometry":{"type":"Polygon","coordinates":[[[-99.12060803731714,19.418091261830824],[-99.11846880485592,19.418098634629963],[-99.1168637809019,19.417098836634537],[-99.11658111351204,19.41915238951054],[-99.11471787882029,19.419121853513925],[-99.1146322602652,19.419954824268267],[-99.1140638211033,19.4240852404588],[-99.11250833286508,19.426044052067123],[-99.11930187320488,19.426980993576127],[-99.120111016385,19.421459498637137],[-99.12060803731714,19.418091261830824]]]},"properties":{"_id":119,"id":118,"g_pnt_2":"19.4224173426,-99.1171422128","geo_shp":"{\"type\": \"Polygon\", \"coordinates\": [[[-99.12060803731714, 19.418091261830824], [-99.120111016385, 19.421459498637137], [-99.11930187320488, 19.426980993576127], [-99.11715274411834, 19.426766120457362], [-99.11661564892788, 19.426572878322684], [-99.1125","deleg":"VENUSTIANO CARRANZA","zona":"NORTE","sctr_18":"CONGRESO","cv_sctr":4,"zp":4,"are_km2":0.580777162087189,"x":-99.116319,"y":19.42338,"fech_cr":"2018-08-17T00:00:00","anio":2018,"mes":8,"dia":17}},
{"type":"Feature","geometry":{"type":"Polygon","coordinates":[[[-99.15922203252096,19.440686950543483],[-99.16219502960824,19.44184105121291],[-99.16291696634964,19.43947596427086],[-99.16358097149106,19.437119060116657],[-99.16051193430332,19.436839282171455],[-99.15922203252096,19.440686950543483]]]},"properties":{"_id":141,"id":140,"g_pnt_2":"19.4390800392,-99.161465418","geo_shp":"{\"type\": \"Polygon\", \"coordinates\": [[[-99.15922203252096, 19.440686950543483], [-99.16000612985168, 19.43872237060211], [-99.16051193430332, 19.436839282171455], [-99.16115776465328, 19.436602283765907], [-99.16141622609078, 19.436619587197132], [-99.163","deleg":"CUAUHTEMOC","zona":"CENTRO","sctr_18":"REVOLUCION","cv_sctr":3,"zp":1,"are_km2":0.165890021788763,"x":-99.161402,"y":19.439222,"fech_cr":"2018-08-17T00:00:00","anio":2018,"mes":8,"dia":17}},
{"type":"Feature","geometry":{"type":"Polygon","coordinates":[[[-99.13620320065482,19.40269440878165],[-99.13682634194356,19.398334136102],[-99.13059408695386,19.398110155615623],[-99.13059722378352,19.396072955739957],[-99.12863732908885,19.397173071560168],[-99.1285186310686,19.402835119202095],[-99.13072456557664,19.402404524592143],[-99.13620320065482,19.40269440878165]]]},"properties":{"_id":120,"id":119,"g_pnt_2":"19.4001416844,-99.1323317847","geo_shp":"{\"type\": \"Polygon\", \"coordinates\": [[[-99.13620320065482, 19.40269440878165], [-99.13072456557663, 19.402404524592143], [-99.12999514401098, 19.402447525118692], [-99.12928388584906, 19.402576458687125], [-99.1285186310686, 19.402835119202095], [-99.1286","deleg":"IZTACALCO","zona":"NORTE","sctr_18":"IZTACCIHUATL","cv_sctr":1,"zp":1,"are_km2":0.434996712829387,"x":-99.130504,"y":19.400453,"fech_cr":"2018-08-17T00:00:00","anio":2018,"mes":8,"dia":17}},
{"type":"Feature","geometry":{"type":"Polygon","coordinates":[[[-99.086865071659,19.445019165580295],[-99.09100856785642,19.44924099478311],[-99.09256586971767,19.450645388176586],[-99.09478812165176,19.450951883663027],[-99.09939187601746,19.44910916331992],[-99.10135939015534,19.44929488376736],[-99.10249423688003,19.446566578170614],[-99.0953600068229,19.444881864299017],[-99.08958496369377,19.44299249309856],[-99.086865071659,19.445019165580295]]]},"properties":{"_id":121,"id":120,"g_pnt_2":"19.447101017,-99.0943151074","geo_shp":"{\"type\": \"Polygon\", \"coordinates\": [[[-99.08686507165899, 19.445019165580295], [-99.08958496369377, 19.442992493098558], [-99.0953600068229, 19.444881864299017], [-99.09647849610141, 19.445145987269285], [-99.10249423688003, 19.446566578170618], [-99.101","deleg":"VENUSTIANO CARRANZA","zona":"NORTE","sctr_18":"MOCTEZUMA","cv_sctr":6,"zp":10,"are_km2":0.798378864954828,"x":-99.09468,"y":19.447047,"fech_cr":"2018-08-17T00:00:00","anio":2018,"mes":8,"dia":17}},
{"type":"Feature","geometry":{"type":"Polygon","coordinates":[[[-99.1839269891058,19.40716599640962],[-99.18459608550836,19.399233906689187],[-99.17977735289251,19.398983510853476],[-99.17765963271265,19.404885056517266],[-99.1839269891058,19.40716599640962]]]},"properties":{"_id":122,"id":121,"g_pnt_2":"19.4027632013,-99.1815251073","geo_shp":"{\"type\": \"Polygon\", \"coordinates\": [[[-99.1839269891058, 19.40716599640962], [-99.1795037128644, 19.405567670854175], [-99.17765963271265, 19.404885056517262], [-99.17865528626865, 19.401904163266227], [-99.17977735289251, 19.398983510853476], [-99.18459","deleg":"MIGUEL HIDALGO","zona":"PONIENTE","sctr_18":"TACUBAYA","cv_sctr":5,"zp":10,"are_km2":0.467128834372149,"x":-99.181129,"y":19.403075,"fech_cr":"2018-08-17T00:00:00","anio":2018,"mes":8,"dia":17}},
{"type":"Feature","geometry":{"type":"Polygon","coordinates":[[[-99.21897195389012,19.310698987075057],[-99.21604994548528,19.307566986424664],[-99.21381102614872,19.3066549975519],[-99.20547389903184,19.305058013336943],[-99.2002706329196,19.309997535781708],[-99.20114323503032,19.31055556426595],[-99.2004519043137,19.311587719175275],[-99.20032065811394,19.311525140947857],[-99.19426093528656,19.321023011009046],[-99.19434451007106,19.321581909687065],[-99.19446593021809,19.32443835602156],[-99.19663945181586,19.324679955426163],[-99.19951432384008,19.32596779090566],[-99.20286550016742,19.32616391919201],[-99.20588711980734,19.32173057021237],[-99.2068720186124,19.319700833105244],[-99.20963651013,19.31699863053324],[-99.21051118969434,19.31518455136232],[-99.21222008186324,19.31446903767508],[-99.20987051939076,19.310082548563635],[-99.20955355093936,19.30904166771382],[-99.21497565003668,19.30886057007613],[-99.21897195389012,19.310698987075057]]]},"properties":{"_id":123,"id":122,"g_pnt_2":"19.3154905935,-99.2040223237","geo_shp":"{\"type\": \"Polygon\", \"coordinates\": [[[-99.21897195389013, 19.310698987075057], [-99.21851468418005, 19.310566046960844], [-99.21838180439352, 19.310496343863857], [-99.2182322222594, 19.31039304004035], [-99.21756250520045, 19.309980089372054], [-99.2168","deleg":"ALVARO OBREGON","zona":"PONIENTE","sctr_18":"SAN ANGEL","cv_sctr":4,"zp":9,"are_km2":2.665706304409125,"x":-99.206617,"y":19.315643,"fech_cr":"2018-08-17T00:00:00","anio":2018,"mes":8,"dia":17}},
{"type":"Feature","geometry":{"type":"Polygon","coordinates":[[[-99.30472435431524,19.353390719682544],[-99.3021626115342,19.355428832700714],[-99.29984814148384,19.355574098005167],[-99.29718902201284,19.35410540049376],[-99.29441850738849,19.355955309989177],[-99.29358567186468,19.357924253940485],[-99.2912636772401,19.359809181490206],[-99.28739246032345,19.36115942058802],[-99.28662095543925,19.361562543572873],[-99.2870166596185,19.36492575447922],[-99.28779663735844,19.366629485816116],[-99.29210045848929,19.366023883068852],[-99.29216480283591,19.367774020660036],[-99.2938823928764,19.369313990535343],[-99.29517261026768,19.36844798947352],[-99.29752229990464,19.368665587496693],[-99.29860873658764,19.366919533417917],[-99.30028267994452,19.368464484772332],[-99.30337090953968,19.364048608350817],[-99.30386895532143,19.362638168411976],[-99.3038883729169,19.362428913338167],[-99.3032452820656,19.35676723420856],[-99.30472435431524,19.353390719682544]]]},"properties":{"_id":124,"id":123,"g_pnt_2":"19.3619447447,-99.2963546487","geo_shp":"{\"type\": \"Polygon\", \"coordinates\": [[[-99.30472435431524, 19.353390719682544], [-99.30346488509984, 19.35622198532834], [-99.30332405734946, 19.35652760390737], [-99.3032452820656, 19.35676723420856], [-99.3031738625347, 19.357123167452123], [-99.3031527","deleg":"CUAJIMALPA","zona":"PONIENTE","sctr_18":"CUAJIMALPA","cv_sctr":6,"zp":2,"are_km2":1.980083457534467,"x":-99.293083,"y":19.362125,"fech_cr":"2018-08-17T00:00:00","anio":2018,"mes":8,"dia":17}},
{"type":"Feature","geometry":{"type":"Polygon","coordinates":[[[-99.13058102339308,19.45234295989457],[-99.1380076741669,19.45404621566483],[-99.14826882039873,19.456356371714502],[-99.1509857072748,19.454487758961235],[-99.15153103720512,19.453351990823727],[-99.15152254464336,19.453337537631484],[-99.14539794877136,19.45174794256255],[-99.14087856203489,19.45047963583078],[-99.13808687191064,19.4492359374368],[-99.13452698482486,19.44753392344295],[-99.13058102339308,19.45234295989457]]]},"properties":{"_id":125,"id":124,"g_pnt_2":"19.4524253663,-99.140656242","geo_shp":"{\"type\": \"Polygon\", \"coordinates\": [[[-99.13058102339309, 19.45234295989457], [-99.13343696322356, 19.448741079492155], [-99.13452698482486, 19.447533923442954], [-99.13808687191064, 19.4492359374368], [-99.13961433164197, 19.45003125957799], [-99.140878","deleg":"CUAUHTEMOC","zona":"CENTRO","sctr_18":"TLATELOLCO","cv_sctr":5,"zp":7,"are_km2":0.930737593905038,"x":-99.141055,"y":19.451992,"fech_cr":"2018-08-17T00:00:00","anio":2018,"mes":8,"dia":17}},
{"type":"Feature","geometry":{"type":"Polygon","coordinates":[[[-99.12197803284984,19.459042983481755],[-99.12609416571274,19.46037440048628],[-99.12774720871523,19.456255133017223],[-99.13012598318991,19.45230894373807],[-99.1293619255647,19.452205918426746],[-99.12466798059276,19.451262055860973],[-99.12452020806104,19.45112595938257],[-99.12446276993916,19.4512636428289],[-99.12341611823804,19.45565450547354],[-99.12197803284984,19.459042983481755]]]},"properties":{"_id":126,"id":125,"g_pnt_2":"19.4555268059,-99.1258058095","geo_shp":"{\"type\": \"Polygon\", \"coordinates\": [[[-99.12197803284984, 19.459042983481755], [-99.12302777702827, 19.457284354390314], [-99.12341611823803, 19.45565450547354], [-99.12351607300468, 19.455295008639894], [-99.12446276993917, 19.4512636428289], [-99.12452","deleg":"CUAUHTEMOC","zona":"CENTRO","sctr_18":"TLATELOLCO","cv_sctr":5,"zp":5,"are_km2":0.456704396552311,"x":-99.126052,"y":19.45575,"fech_cr":"2018-08-17T00:00:00","anio":2018,"mes":8,"dia":17}},
{"type":"Feature","geometry":{"type":"Polygon","coordinates":[[[-99.09329892457538,19.4883634047544],[-99.09997197931357,19.489531756774852],[-99.10595703842247,19.481650767351585],[-99.10581997750606,19.48159400056746],[-99.09751389351682,19.47820438570212],[-99.09329892457538,19.4883634047544]]]},"properties":{"_id":157,"id":156,"g_pnt_2":"19.4841384729,-99.0992793466","geo_shp":"{\"type\": \"Polygon\", \"coordinates\": [[[-99.09329892457538, 19.488363404754402], [-99.09376487701314, 19.48732690592718], [-99.09554352886538, 19.48300832318972], [-99.09751389351682, 19.47820438570212], [-99.10315080585968, 19.480442153384516], [-99.10581","deleg":"GUSTAVO A MADERO","zona":"NORTE","sctr_18":"QUIROGA","cv_sctr":4,"zp":5,"are_km2":0.938367597199497,"x":-99.099627,"y":19.483868,"fech_cr":"2018-08-17T00:00:00","anio":2018,"mes":8,"dia":17}},
{"type":"Feature","geometry":{"type":"Polygon","coordinates":[[[-99.13763065207029,19.393253323706432],[-99.14570497741572,19.394433959356657],[-99.1468164010918,19.385094453378933],[-99.1390631671488,19.38390900888669],[-99.13877581279095,19.385769559375564],[-99.1379734768387,19.39107496718005],[-99.13763065207029,19.393253323706432]]]},"properties":{"_id":127,"id":126,"g_pnt_2":"19.3892134139,-99.1423015588","geo_shp":"{\"type\": \"Polygon\", \"coordinates\": [[[-99.13763065207027, 19.393253323706432], [-99.1379734768387, 19.39107496718005], [-99.13836533234031, 19.388438900619583], [-99.13851478259471, 19.387459546669618], [-99.13877581279097, 19.385769559375564], [-99.1390","deleg":"BENITO JUAREZ","zona":"SUR","sctr_18":"NARVARTE-ALAMOS","cv_sctr":1,"zp":4,"are_km2":0.877250337497557,"x":-99.142224,"y":19.389172,"fech_cr":"2018-08-17T00:00:00","anio":2018,"mes":8,"dia":17}},
{"type":"Feature","geometry":{"type":"Polygon","coordinates":[[[-99.15416509546576,19.38617001092438],[-99.1556262957719,19.378205876066865],[-99.14810302550616,19.376927890189517],[-99.14725941945726,19.380963752217845],[-99.14683178935212,19.38494441430542],[-99.15416509546576,19.38617001092438]]]},"properties":{"_id":128,"id":127,"g_pnt_2":"19.3815356101,-99.1511282279","geo_shp":"{\"type\": \"Polygon\", \"coordinates\": [[[-99.15416509546577, 19.38617001092438], [-99.15162260684905, 19.385675704694158], [-99.1485387502305, 19.385190572327375], [-99.14683178935212, 19.38494441430542], [-99.14703002388653, 19.383205029370355], [-99.14725","deleg":"BENITO JUAREZ","zona":"SUR","sctr_18":"NARVARTE-ALAMOS","cv_sctr":1,"zp":6,"are_km2":0.714773094798967,"x":-99.152376,"y":19.383473,"fech_cr":"2018-08-17T00:00:00","anio":2018,"mes":8,"dia":17}},
{"type":"Feature","geometry":{"type":"Polygon","coordinates":[[[-99.1617703565216,19.38793109785833],[-99.1541928193516,19.386283230387313],[-99.15338321910764,19.394994581396695],[-99.1605916497749,19.395499531584875],[-99.16076444275916,19.392234225390418],[-99.1617703565216,19.38793109785833]]]},"properties":{"_id":129,"id":128,"g_pnt_2":"19.3910895026,-99.1573160854","geo_shp":"{\"type\": \"Polygon\", \"coordinates\": [[[-99.16177035652161, 19.38793109785833], [-99.16105860251919, 19.390855077264707], [-99.16076444275917, 19.392234225390418], [-99.16075456989405, 19.393333584533746], [-99.1605916497749, 19.395499531584875], [-99.1571","deleg":"BENITO JUAREZ","zona":"SUR","sctr_18":"NARVARTE-ALAMOS","cv_sctr":1,"zp":8,"are_km2":0.704338234408157,"x":-99.155877,"y":19.392382,"fech_cr":"2018-08-17T00:00:00","anio":2018,"mes":8,"dia":17}},
{"type":"Feature","geometry":{"type":"Polygon","coordinates":[[[-99.1541928193516,19.386283230387313],[-99.15416509546576,19.38617001092438],[-99.14683178935212,19.38494441430542],[-99.1468164010918,19.385094453378933],[-99.14570497741572,19.394433959356657],[-99.15338321910764,19.394994581396695],[-99.1541928193516,19.386283230387313]]]},"properties":{"_id":130,"id":129,"g_pnt_2":"19.390133578,-99.1499740677","geo_shp":"{\"type\": \"Polygon\", \"coordinates\": [[[-99.15419281935161, 19.386283230387313], [-99.15382363939752, 19.389667184296673], [-99.1535002011311, 19.393198683959593], [-99.15338321910765, 19.394994581396695], [-99.1526979458696, 19.394950421415633], [-99.1506","deleg":"BENITO JUAREZ","zona":"SUR","sctr_18":"NARVARTE-ALAMOS","cv_sctr":1,"zp":9,"are_km2":0.81093382304806,"x":-99.149413,"y":19.391786,"fech_cr":"2018-08-17T00:00:00","anio":2018,"mes":8,"dia":17}},
{"type":"Feature","geometry":{"type":"Polygon","coordinates":[[[-99.1332313156958,19.3850695737982],[-99.13877581279095,19.385769559375564],[-99.1390631671488,19.38390900888669],[-99.14022577907814,19.376381020389555],[-99.13509220509184,19.376600725854015],[-99.1334988867236,19.383864554531584],[-99.1332313156958,19.3850695737982]]]},"properties":{"_id":132,"id":131,"g_pnt_2":"19.3809583608,-99.1368689268","geo_shp":"{\"type\": \"Polygon\", \"coordinates\": [[[-99.1332313156958, 19.3850695737982], [-99.13349888672361, 19.383864554531584], [-99.13406910258001, 19.38138824178799], [-99.13462739507166, 19.37867659221779], [-99.13509220509185, 19.376600725854015], [-99.1361576","deleg":"BENITO JUAREZ","zona":"SUR","sctr_18":"NATIVITAS","cv_sctr":4,"zp":3,"are_km2":0.568373483941911,"x":-99.136729,"y":19.380995,"fech_cr":"2018-08-17T00:00:00","anio":2018,"mes":8,"dia":17}},
{"type":"Feature","geometry":{"type":"Polygon","coordinates":[[[-99.02733152298,19.386278662363075],[-99.0344332917202,19.389448719401656],[-99.03979161488016,19.392053846479524],[-99.0579127870173,19.400110749212025],[-99.05821881619104,19.397493498093745],[-99.0451443674689,19.390071427850707],[-99.0450118738188,19.38999039193062],[-99.0420913624874,19.38832371365506],[-99.03037009514948,19.38160420542953],[-99.02733152298,19.386278662363075]]]},"properties":{"_id":133,"id":132,"g_pnt_2":"19.3904751249,-99.0416062832","geo_shp":"{\"type\": \"Polygon\", \"coordinates\": [[[-99.02733152297999, 19.386278662363075], [-99.03037009514948, 19.38160420542953], [-99.03670492264335, 19.385232607453112], [-99.04209136248741, 19.38832371365506], [-99.04500949399741, 19.38999418838147], [-99.04501","deleg":"IZTAPALAPA","zona":"ORIENTE","sctr_18":"OASIS","cv_sctr":1,"zp":1,"are_km2":1.537515373549478,"x":-99.042774,"y":19.390858,"fech_cr":"2018-08-17T00:00:00","anio":2018,"mes":8,"dia":17}},
{"type":"Feature","geometry":{"type":"Polygon","coordinates":[[[-99.08700903925045,19.366242861598895],[-99.08656036033022,19.373820531306116],[-99.0943140503578,19.37395920375843],[-99.09419510799424,19.37858814135945],[-99.09542470819254,19.378291604026018],[-99.09765095217392,19.37415383459748],[-99.09835765272588,19.37357503645947],[-99.10102878176558,19.367969247854532],[-99.09632539557774,19.36650126017217],[-99.08700903925045,19.366242861598895]]]},"properties":{"_id":134,"id":133,"g_pnt_2":"19.3707033446,-99.0933914507","geo_shp":"{\"type\": \"Polygon\", \"coordinates\": [[[-99.08656036033022, 19.373820531306116], [-99.08676220943501, 19.373227557024393], [-99.08700903925045, 19.366242861598895], [-99.0870285593986, 19.36624267151226], [-99.09162445814937, 19.366369023989684], [-99.0945","deleg":"IZTAPALAPA","zona":"ORIENTE","sctr_18":"ABASTO-REFORMA","cv_sctr":1,"zp":8,"are_km2":1.222241346923775,"x":-99.095052,"y":19.372421,"fech_cr":"2018-08-17T00:00:00","anio":2018,"mes":8,"dia":17}},
{"type":"Feature","geometry":{"type":"Polygon","coordinates":[[[-98.98078087149707,19.222300856859707],[-98.9839861743352,19.22600418742837],[-98.98485027799512,19.228631768211248],[-98.98438912214252,19.230711899115427],[-98.98911416304956,19.232436496629905],[-98.9874711743741,19.24189972769228],[-98.99441544870956,19.244041695764157],[-98.99369489828842,19.248462024850408],[-98.99922744851249,19.249940010783433],[-98.99922743147316,19.253580298874287],[-99.00105728459316,19.255208837398392],[-99.00232909523834,19.25826616704823],[-98.99925127323044,19.26290289314014],[-98.99911223819456,19.26379674035408],[-98.99332229453348,19.262221948045163],[-98.99271511135844,19.263546247709712],[-98.99908596537318,19.26528401606446],[-99.01181951050744,19.266092166211727],[-99.01200651023896,19.26746446749261],[-99.0153606061412,19.26701900994408],[-99.02006829970404,19.26826614421915],[-99.0217987380021,19.268072806372192],[-99.02358503421505,19.26389246923901],[-99.02546991283162,19.26151452695352],[-99.02050239677102,19.26027668828348],[-99.01911774338046,19.260382400915667],[-99.01603693485362,19.259215723567262],[-99.01274782037524,19.257425303259293],[-99.01095849939097,19.254967200190073],[-99.00952302513296,19.259227385732792],[-99.00308938834554,19.257094753456155],[-99.00676468466771,19.250675030813373],[-99.00623103582843,19.249999918026784],[-99.00664170396142,19.24963612775661],[-99.00452332188168,19.246783466383764],[-99.00538569758277,19.247267061677732],[-99.00823868063544,19.240461767307316],[-99.0103708698702,19.23769018096336],[-99.00876100649164,19.23258781512341],[-99.00782474047917,19.231454140039528],[-99.00778334705387,19.227280787688983],[-99.0027110968296,19.225687816739583],[-99.00006060370268,19.2251548698824],[-98.99825559890284,19.22732803238845],[-98.9961195530471,19.225254336433107],[-98.99491286634048,19.22638721174746],[-98.9931509016328,19.2257272948929],[-98.99010676357211,19.225007826678155],[-98.9834324777317,19.219192517290164],[-98.98078087149707,19.222300856859707]]]},"properties":{"_id":135,"id":134,"g_pnt_2":"19.2438896643,-99.001366727","geo_shp":"{\"type\": \"Polygon\", \"coordinates\": [[[-98.98078087149707, 19.222300856859707], [-98.9834324777317, 19.219192517290164], [-98.98815776915099, 19.223309754351856], [-98.99010676357211, 19.225007826678155], [-98.99041911126989, 19.224907431842208], [-98.990","deleg":"TLAHUAC","zona":"ORIENTE","sctr_18":"MIXQUIC","cv_sctr":3,"zp":4,"are_km2":8.336002342782988,"x":-99.003123,"y":19.243748,"fech_cr":"2018-08-17T00:00:00","anio":2018,"mes":8,"dia":17}},
{"type":"Feature","geometry":{"type":"Polygon","coordinates":[[[-99.00934139267603,19.192346784431425],[-99.00865150638924,19.194586064422463],[-99.00739512491008,19.196392717765228],[-99.00967554395434,19.1971167331095],[-99.0099122683858,19.196498252766464],[-99.01187692201236,19.19235151828462],[-99.00934139267603,19.192346784431425]]]},"properties":{"_id":136,"id":135,"g_pnt_2":"19.1946627719,-99.0094858917","geo_shp":"{\"type\": \"Polygon\", \"coordinates\": [[[-99.00900397102929, 19.197049524880015], [-99.00877795455347, 19.196973707342465], [-99.00739512491008, 19.196392717765228], [-99.00743173977813, 19.196228406136438], [-99.0074981196303, 19.19588098416646], [-99.0075","deleg":"MILPA ALTA","zona":"ORIENTE","sctr_18":"TECOMITL","cv_sctr":2,"zp":4,"are_km2":0.129311283887581,"x":-99.00825,"y":19.19582,"fech_cr":"2018-08-17T00:00:00","anio":2018,"mes":8,"dia":17}},
{"type":"Feature","geometry":{"type":"Polygon","coordinates":[[[-98.99821677338537,19.18395010669128],[-98.99652417336382,19.18483390590243],[-98.99212591444254,19.184763002542805],[-98.99205448235664,19.188728047934248],[-98.99376873814818,19.19036199815482],[-98.99526069039484,19.190122084714268],[-98.99702938096831,19.192868127339885],[-98.99918396154422,19.192480149713905],[-98.99752672722512,19.189164556480673],[-98.9975002883154,19.188896218814573],[-98.99816510377478,19.185923728422427],[-98.99821677338537,19.18395010669128]]]},"properties":{"_id":137,"id":136,"g_pnt_2":"19.1878856664,-98.9954984834","geo_shp":"{\"type\": \"Polygon\", \"coordinates\": [[[-98.99821677338535, 19.18395010669128], [-98.99818138060819, 19.18484170246805], [-98.99830112470438, 19.185528679951414], [-98.99816510377478, 19.185923728422427], [-98.9981443657449, 19.186154919544112], [-98.99814","deleg":"MILPA ALTA","zona":"ORIENTE","sctr_18":"TECOMITL","cv_sctr":2,"zp":6,"are_km2":0.423025768229494,"x":-98.995314,"y":19.187289,"fech_cr":"2018-08-17T00:00:00","anio":2018,"mes":8,"dia":17}},
{"type":"Feature","geometry":{"type":"Polygon","coordinates":[[[-99.16721245937065,19.27821240296337],[-99.16984659338895,19.277135463736297],[-99.17288344954557,19.277242516305435],[-99.17391482258616,19.27501352699847],[-99.17642705086745,19.27393986277077],[-99.17764229224612,19.27478453807742],[-99.18093489797972,19.274265066246965],[-99.18249057203712,19.26822515043273],[-99.18197586670132,19.26817071332928],[-99.17542248591026,19.267516993857836],[-99.17387599059268,19.26625696684004],[-99.17156999813793,19.26780000996556],[-99.1713240147128,19.269370749253746],[-99.17363334599274,19.270433229884503],[-99.17163898354296,19.271448979979304],[-99.16942399456396,19.270884011265338],[-99.16887502511484,19.272129935819443],[-99.17117101765064,19.272788557715813],[-99.17076296231716,19.274275937414902],[-99.16856718175325,19.2733581029534],[-99.167255561275,19.2746388872845],[-99.1668640048522,19.27629398567787],[-99.16691271943046,19.276846334695467],[-99.1669354270586,19.277654749737284],[-99.16721245937065,19.27821240296337]]]},"properties":{"_id":138,"id":137,"g_pnt_2":"19.2721334537,-99.1748967504","geo_shp":"{\"type\": \"Polygon\", \"coordinates\": [[[-99.17774432877245, 19.27427072749147], [-99.17765409915721, 19.274260421689046], [-99.17690323652039, 19.274000498373606], [-99.17669734235236, 19.27395586979821], [-99.17642705086743, 19.27393986277077], [-99.17609","deleg":"TLALPAN","zona":"SUR","sctr_18":"FUENTE","cv_sctr":4,"zp":9,"are_km2":1.115210297414488,"x":-99.173094,"y":19.272232,"fech_cr":"2018-08-17T00:00:00","anio":2018,"mes":8,"dia":17}},
{"type":"Feature","geometry":{"type":"Polygon","coordinates":[[[-99.13117479775896,19.294485287998825],[-99.1309134824668,19.29909206421923],[-99.13231312696313,19.306547812888827],[-99.13439485318332,19.30749002230114],[-99.14232067463162,19.298926450809528],[-99.1381327504408,19.297303036924166],[-99.13117479775896,19.294485287998825]]]},"properties":{"_id":139,"id":138,"g_pnt_2":"19.3006590553,-99.1352051739","geo_shp":"{\"type\": \"Polygon\", \"coordinates\": [[[-99.13087886369541, 19.297689867907934], [-99.13099990444437, 19.295858714067315], [-99.13117479775896, 19.294485287998825], [-99.1342748476863, 19.295736493408086], [-99.1381327504408, 19.297303036924166], [-99.1397","deleg":"TLALPAN","zona":"SUR","sctr_18":"COAPA","cv_sctr":3,"zp":1,"are_km2":0.957816603029269,"x":-99.136602,"y":19.300985,"fech_cr":"2018-08-17T00:00:00","anio":2018,"mes":8,"dia":17}},
{"type":"Feature","geometry":{"type":"Polygon","coordinates":[[[-99.25490968123064,19.295078773970495],[-99.25389773288693,19.294148477606733],[-99.25095419079533,19.295734431798213],[-99.24629635066384,19.296589874828943],[-99.24557607868422,19.293304068857022],[-99.23978389777746,19.293475802100847],[-99.23552001598944,19.29413984538637],[-99.23561406476222,19.294215099353092],[-99.23558668055826,19.294433668787228],[-99.23498706953008,19.294576877157557],[-99.2335870037858,19.295591992061063],[-99.23332998088873,19.295766027259628],[-99.23203136005569,19.29718878631116],[-99.23240263563656,19.299802317474946],[-99.23261930621308,19.30117551592059],[-99.23159296173704,19.30436056583734],[-99.23244465225946,19.305627485890444],[-99.23519298732968,19.304468483228145],[-99.24083960097904,19.303291901029745],[-99.24455243493668,19.301629704836845],[-99.24774159560508,19.300661072416172],[-99.24960569076563,19.299312354271933],[-99.25061624362569,19.297320125009563],[-99.25490968123064,19.295078773970495]]]},"properties":{"_id":140,"id":139,"g_pnt_2":"19.298663667,-99.2403811836","geo_shp":"{\"type\": \"Polygon\", \"coordinates\": [[[-99.25490968123063, 19.295078773970495], [-99.25454731609497, 19.29525099752889], [-99.25446305030805, 19.295291604288025], [-99.25346021317667, 19.295765765989255], [-99.25323300503085, 19.295879595910694], [-99.253","deleg":"MAGDALENA CONTRERAS","zona":"SUR","sctr_18":"DINAMO","cv_sctr":1,"zp":3,"are_km2":1.813622704286271,"x":-99.237617,"y":19.299544,"fech_cr":"2018-08-17T00:00:00","anio":2018,"mes":8,"dia":17}},
{"type":"Feature","geometry":{"type":"Polygon","coordinates":[[[-99.14549288787843,19.43426878874279],[-99.1463292944828,19.43035831575173],[-99.1411539367599,19.429589689713332],[-99.14102065134216,19.430449279209583],[-99.14053587235564,19.433537206279613],[-99.14549288787843,19.43426878874279]]]},"properties":{"_id":142,"id":141,"g_pnt_2":"19.431924124,-99.1433815943","geo_shp":"{\"type\": \"Polygon\", \"coordinates\": [[[-99.14549288787845, 19.43426878874279], [-99.14053587235563, 19.433537206279613], [-99.14056707321654, 19.433374955342835], [-99.14102065134216, 19.430449279209583], [-99.1411539367599, 19.429589689713332], [-99.1463","deleg":"CUAUHTEMOC","zona":"CENTRO","sctr_18":"REVOLUCION","cv_sctr":1,"zp":12,"are_km2":0.238318527401505,"x":-99.143433,"y":19.431929,"fech_cr":"2018-08-17T00:00:00","anio":2018,"mes":8,"dia":17}},
{"type":"Feature","geometry":{"type":"Polygon","coordinates":[[[-99.10499685644145,19.46069503702609],[-99.1084832644473,19.45193067370831],[-99.10156854797587,19.44936282063282],[-99.09798774535456,19.45821730196886],[-99.10499685644145,19.46069503702609]]]},"properties":{"_id":143,"id":142,"g_pnt_2":"19.4550510081,-99.1032455157","geo_shp":"{\"type\": \"Polygon\", \"coordinates\": [[[-99.10545302102985, 19.459492037021942], [-99.10499685644143, 19.46069503702609], [-99.09798774535457, 19.45821730196886], [-99.10156854797589, 19.44936282063282], [-99.10528150172065, 19.450741753888092], [-99.10848","deleg":"GUSTAVO A MADERO","zona":"NORTE","sctr_18":"CUCHILLA","cv_sctr":2,"zp":8,"are_km2":0.817794108574589,"x":-99.103007,"y":19.454726,"fech_cr":"2018-08-17T00:00:00","anio":2018,"mes":8,"dia":17}},
{"type":"Feature","geometry":{"type":"Polygon","coordinates":[[[-99.11555378831903,19.4494014464029],[-99.1170330542068,19.443320206581856],[-99.1134845174305,19.439357078300745],[-99.11297106322203,19.441030729611995],[-99.11019680797152,19.4481310974684],[-99.11555378831903,19.4494014464029]]]},"properties":{"_id":144,"id":143,"g_pnt_2":"19.4451162153,-99.1138879903","geo_shp":"{\"type\": \"Polygon\", \"coordinates\": [[[-99.11555378831905, 19.4494014464029], [-99.11027193055341, 19.448206787716106], [-99.11019680797153, 19.448131097468398], [-99.11297106322205, 19.441030729611995], [-99.11327738792407, 19.440141861228707], [-99.1134","deleg":"VENUSTIANO CARRANZA","zona":"NORTE","sctr_18":"CONSULADO","cv_sctr":5,"zp":7,"are_km2":0.453985011831533,"x":-99.113652,"y":19.444399,"fech_cr":"2018-08-17T00:00:00","anio":2018,"mes":8,"dia":17}},
{"type":"Feature","geometry":{"type":"Polygon","coordinates":[[[-99.1170330542068,19.443320206581856],[-99.11795354134924,19.444287276961205],[-99.12475847908333,19.445392463909155],[-99.12413801710797,19.44427799926702],[-99.12285149835988,19.442064367669175],[-99.12274003825844,19.441937192287146],[-99.11812754697576,19.437507441052876],[-99.1170330542068,19.443320206581856]]]},"properties":{"_id":145,"id":144,"g_pnt_2":"19.4422069954,-99.1201863025","geo_shp":"{\"type\": \"Polygon\", \"coordinates\": [[[-99.11703305420681, 19.443320206581856], [-99.11794931254795, 19.43843229497715], [-99.11812754697577, 19.437507441052876], [-99.11840363371027, 19.437531030300235], [-99.12101242019877, 19.44040420294455], [-99.1222","deleg":"VENUSTIANO CARRANZA","zona":"NORTE","sctr_18":"CONSULADO","cv_sctr":5,"zp":1,"are_km2":0.34852461295615,"x":-99.11994,"y":19.440412,"fech_cr":"2018-08-17T00:00:00","anio":2018,"mes":8,"dia":17}},
{"type":"Feature","geometry":{"type":"Polygon","coordinates":[[[-99.086865071659,19.445019165580295],[-99.08581997183975,19.442795664201007],[-99.08207962402882,19.442332856613337],[-99.07990113794956,19.44104035202717],[-99.07719422233828,19.442087638757577],[-99.08071331984702,19.44404069257863],[-99.0750816935592,19.448030636822313],[-99.07961724431094,19.449623947686774],[-99.080242227504,19.44946415684606],[-99.086865071659,19.445019165580295]]]},"properties":{"_id":146,"id":145,"g_pnt_2":"19.4454568176,-99.081249263","geo_shp":"{\"type\": \"Polygon\", \"coordinates\": [[[-99.08686507165899, 19.445019165580295], [-99.0803803359285, 19.449399385752393], [-99.080242227504, 19.44946415684606], [-99.07994477019763, 19.449603739929216], [-99.07961724431094, 19.449623947686778], [-99.079173","deleg":"VENUSTIANO CARRANZA","zona":"NORTE","sctr_18":"MOCTEZUMA","cv_sctr":6,"zp":1,"are_km2":0.577115969255627,"x":-99.081408,"y":19.445073,"fech_cr":"2018-08-17T00:00:00","anio":2018,"mes":8,"dia":17}},
{"type":"Feature","geometry":{"type":"Polygon","coordinates":[[[-99.15436425906306,19.31574346960251],[-99.1578897209324,19.30647686739941],[-99.15360650261276,19.30510496514345],[-99.14932352417114,19.317132620172497],[-99.15252419573469,19.31654721386353],[-99.15436425906306,19.31574346960251]]]},"properties":{"_id":344,"id":343,"g_pnt_2":"19.3111544051,-99.1536783176","geo_shp":"{\"type\": \"Polygon\", \"coordinates\": [[[-99.15436425906306, 19.31574346960251], [-99.15389022171584, 19.315963127513168], [-99.15312689895865, 19.316288137042648], [-99.15252419573467, 19.31654721386353], [-99.1519323653484, 19.31672801214884], [-99.151450","deleg":"COYOACAN","zona":"SUR","sctr_18":"XOTEPINGO","cv_sctr":5,"zp":10,"are_km2":0.589058508238034,"x":-99.153223,"y":19.311144,"fech_cr":"2018-08-17T00:00:00","anio":2018,"mes":8,"dia":17}},
{"type":"Feature","geometry":{"type":"Polygon","coordinates":[[[-99.07316781866444,19.41392811918809],[-99.06829849957764,19.4134095316798],[-99.06414713722224,19.41300027963588],[-99.0633483002034,19.420150675506996],[-99.06927978411518,19.41979404983713],[-99.07316781866444,19.41392811918809]]]},"properties":{"_id":147,"id":146,"g_pnt_2":"19.4164949367,-99.0674582159","geo_shp":"{\"type\": \"Polygon\", \"coordinates\": [[[-99.07316781866444, 19.41392811918809], [-99.07100968110873, 19.417005240639902], [-99.06973092835104, 19.41919720601636], [-99.06927978411518, 19.41979404983713], [-99.06846376833225, 19.4200389203416], [-99.0675878","deleg":"IZTACALCO","zona":"NORTE","sctr_18":"PANTITLAN","cv_sctr":2,"zp":1,"are_km2":0.578792031168579,"x":-99.068459,"y":19.416824,"fech_cr":"2018-08-17T00:00:00","anio":2018,"mes":8,"dia":17}},
{"type":"Feature","geometry":{"type":"Polygon","coordinates":[[[-99.08713372016666,19.407310941351128],[-99.07963774331456,19.406259405133156],[-99.0770000575156,19.407679829376292],[-99.07682391891736,19.408019723107284],[-99.08089716123544,19.410510293488187],[-99.08391947069468,19.41226622072693],[-99.08713372016666,19.407310941351128]]]},"properties":{"_id":148,"id":147,"g_pnt_2":"19.4086505471,-99.0821091843","geo_shp":"{\"type\": \"Polygon\", \"coordinates\": [[[-99.08713372016666, 19.407310941351128], [-99.08391947069468, 19.41226622072693], [-99.08089716123544, 19.410510293488187], [-99.07682391891736, 19.408019723107284], [-99.07700005751559, 19.407679829376292], [-99.077","deleg":"VENUSTIANO CARRANZA","zona":"NORTE","sctr_18":"ARENAL","cv_sctr":2,"zp":7,"are_km2":0.39440765727613,"x":-99.082088,"y":19.40911,"fech_cr":"2018-08-17T00:00:00","anio":2018,"mes":8,"dia":17}},
{"type":"Feature","geometry":{"type":"Polygon","coordinates":[[[-99.12221475324904,19.37500318703831],[-99.12206601327252,19.36861204665916],[-99.10794570020816,19.36943816396706],[-99.10724422572402,19.37268657420526],[-99.11165901942212,19.37296499380069],[-99.12221475324904,19.37500318703831]]]},"properties":{"_id":149,"id":148,"g_pnt_2":"19.3714060775,-99.1157192873","geo_shp":"{\"type\": \"Polygon\", \"coordinates\": [[[-99.12221475324903, 19.37500318703831], [-99.11865515099092, 19.374256673388924], [-99.11678396626864, 19.373978978267427], [-99.11607498282373, 19.373799037979694], [-99.11373404646795, 19.37336001510953], [-99.1128","deleg":"IZTAPALAPA","zona":"ORIENTE","sctr_18":"CHURUBUSCO","cv_sctr":3,"zp":2,"are_km2":0.782695229774384,"x":-99.116546,"y":19.371747,"fech_cr":"2018-08-17T00:00:00","anio":2018,"mes":8,"dia":17}},
{"type":"Feature","geometry":{"type":"Polygon","coordinates":[[[-99.13959258460014,19.356317565069496],[-99.13386068832271,19.355896098338533],[-99.13219294855683,19.356299407482243],[-99.13086887949648,19.357956356709277],[-99.12958585596084,19.36001770761639],[-99.12949498041894,19.365516988808885],[-99.13733066308708,19.366556284028732],[-99.13838225188486,19.361781374125396],[-99.13959258460014,19.356317565069496]]]},"properties":{"_id":150,"id":149,"g_pnt_2":"19.3610758611,-99.1343540754","geo_shp":"{\"type\": \"Polygon\", \"coordinates\": [[[-99.13959258460014, 19.356317565069496], [-99.1390224389, 19.358902987025715], [-99.13838225188486, 19.361781374125396], [-99.13810820433952, 19.363013340622903], [-99.13798107655425, 19.3635664584421], [-99.13733066","deleg":"IZTAPALAPA","zona":"ORIENTE","sctr_18":"CHURUBUSCO","cv_sctr":3,"zp":8,"are_km2":0.982839361378609,"x":-99.137115,"y":19.362357,"fech_cr":"2018-08-17T00:00:00","anio":2018,"mes":8,"dia":17}},
{"type":"Feature","geometry":{"type":"Polygon","coordinates":[[[-99.18729290775656,19.375179118779872],[-99.18666082641826,19.380469559218923],[-99.18617959617865,19.384457321813212],[-99.19035067328282,19.384258693408427],[-99.19041315413034,19.38410290783817],[-99.19121098991178,19.38213799016457],[-99.19110191818974,19.377209464018957],[-99.19163082124878,19.37249680882777],[-99.19142976932082,19.371162868199537],[-99.19154206410796,19.368984833358738],[-99.19045635391714,19.366288746032794],[-99.19058115342128,19.36519387234074],[-99.1884462468449,19.36495957673493],[-99.18772473940092,19.371838593691688],[-99.18729290775656,19.375179118779872]]]},"properties":{"_id":151,"id":150,"g_pnt_2":"19.3756824282,-99.189218431","geo_shp":"{\"type\": \"Polygon\", \"coordinates\": [[[-99.18729290775657, 19.375179118779872], [-99.18772473940092, 19.371838593691688], [-99.1884462468449, 19.36495957673493], [-99.19058115342128, 19.36519387234074], [-99.19045635391714, 19.366288746032794], [-99.19124","deleg":"BENITO JUAREZ","zona":"SUR","sctr_18":"NAPOLES","cv_sctr":3,"zp":3,"are_km2":0.872586954131272,"x":-99.188737,"y":19.379896,"fech_cr":"2018-08-17T00:00:00","anio":2018,"mes":8,"dia":17}},
{"type":"Feature","geometry":{"type":"Polygon","coordinates":[[[-99.05810407950406,19.44928994738504],[-99.060602065627,19.45450207665835],[-99.06215844191026,19.460781393117554],[-99.06459660520458,19.460439187130177],[-99.06906227499482,19.45752839773483],[-99.06862639321984,19.457066736979463],[-99.06610863697418,19.44634660839135],[-99.05810407950406,19.44928994738504]]]},"properties":{"_id":158,"id":157,"g_pnt_2":"19.4535467496,-99.0638850344","geo_shp":"{\"type\": \"Polygon\", \"coordinates\": [[[-99.05810407950406, 19.44928994738504], [-99.05968698978143, 19.448806819964368], [-99.06163064238189, 19.447991149697692], [-99.06592613862166, 19.44643072548014], [-99.06610863697418, 19.44634660839135], [-99.06659","deleg":"GUSTAVO A MADERO","zona":"NORTE","sctr_18":"ARAGON","cv_sctr":1,"zp":6,"are_km2":1.082860121891606,"x":-99.062997,"y":19.450988,"fech_cr":"2018-08-17T00:00:00","anio":2018,"mes":8,"dia":17}},
{"type":"Feature","geometry":{"type":"Polygon","coordinates":[[[-99.22616420527196,19.426842273632776],[-99.22685351901616,19.423923509177744],[-99.23068526566476,19.42059688302796],[-99.23297928957147,19.41790831753008],[-99.2320960211536,19.416825468671263],[-99.23186661764088,19.413772289408936],[-99.22925644174602,19.41336176638739],[-99.2278192691842,19.416794099642225],[-99.2263796899506,19.418531225444564],[-99.22299312461732,19.4214470857047],[-99.22153262738702,19.425177730383087],[-99.22413988386144,19.42646068265788],[-99.22616420527196,19.426842273632776]]]},"properties":{"_id":152,"id":151,"g_pnt_2":"19.4203476377,-99.2274067735","geo_shp":"{\"type\": \"Polygon\", \"coordinates\": [[[-99.2331848155613, 19.416822718528493], [-99.23312654602732, 19.417440338168152], [-99.23297928957149, 19.41790831753008], [-99.23275298999482, 19.418320364439627], [-99.23243805308631, 19.41869510851422], [-99.23198","deleg":"MIGUEL HIDALGO","zona":"PONIENTE","sctr_18":"CHAPULTEPEC","cv_sctr":2,"zp":7,"are_km2":0.753818977703068,"x":-99.22604,"y":19.420985,"fech_cr":"2018-08-17T00:00:00","anio":2018,"mes":8,"dia":17}},
{"type":"Feature","geometry":{"type":"Polygon","coordinates":[[[-99.19516436786672,19.437400095789823],[-99.2005742699308,19.43762131416661],[-99.20158629076552,19.43141157791692],[-99.19547403266134,19.430924985789837],[-99.19516436786672,19.437400095789823]]]},"properties":{"_id":153,"id":152,"g_pnt_2":"19.434270893,-99.1981924784","geo_shp":"{\"type\": \"Polygon\", \"coordinates\": [[[-99.19516436786672, 19.437400095789826], [-99.19534623216889, 19.43310618788826], [-99.19547403266134, 19.430924985789837], [-99.20158629076552, 19.431411577916922], [-99.20124552631488, 19.433710961551114], [-99.200","deleg":"MIGUEL HIDALGO","zona":"PONIENTE","sctr_18":"POLANCO-CASTILLO","cv_sctr":1,"zp":3,"are_km2":0.430879343048633,"x":-99.197311,"y":19.435341,"fech_cr":"2018-08-17T00:00:00","anio":2018,"mes":8,"dia":17}},
{"type":"Feature","geometry":{"type":"Polygon","coordinates":[[[-99.1743269491052,19.302398232219268],[-99.1743136204826,19.2970025724611],[-99.1752147955248,19.294326512332905],[-99.16973593296024,19.292489957258542],[-99.16760750906752,19.298042146597787],[-99.16627615926645,19.29855463396127],[-99.16626070606608,19.301348150505795],[-99.1743269491052,19.302398232219268]]]},"properties":{"_id":154,"id":153,"g_pnt_2":"19.2979306377,-99.1709630467","geo_shp":"{\"type\": \"Polygon\", \"coordinates\": [[[-99.1743269491052, 19.302398232219268], [-99.17292214217355, 19.302222698143023], [-99.1711602437977, 19.301987657991322], [-99.1672115199933, 19.30147335977361], [-99.16626070606608, 19.301348150505795], [-99.166254","deleg":"TLALPAN","zona":"SUR","sctr_18":"HUIPULCO-HOSPITALES","cv_sctr":5,"zp":2,"are_km2":0.697274595033797,"x":-99.171085,"y":19.297096,"fech_cr":"2018-08-17T00:00:00","anio":2018,"mes":8,"dia":17}},
{"type":"Feature","geometry":{"type":"Polygon","coordinates":[[[-99.08241419978036,19.398880201235382],[-99.08611500917928,19.393057629639664],[-99.08723775502698,19.391279277057173],[-99.088268752641,19.38965288658267],[-99.08421102091212,19.389307037783304],[-99.08370153828086,19.391954884844992],[-99.08303529513604,19.39557372752669],[-99.08241419978036,19.398880201235382]]]},"properties":{"_id":155,"id":154,"g_pnt_2":"19.3925222702,-99.0849717836","geo_shp":"{\"type\": \"Polygon\", \"coordinates\": [[[-99.08241419978035, 19.398880201235386], [-99.08303529513603, 19.39557372752669], [-99.08370153828086, 19.391954884844992], [-99.08421102091211, 19.389307037783304], [-99.08429071149281, 19.388897319129168], [-99.086","deleg":"IZTACALCO","zona":"NORTE","sctr_18":"PANTITLAN","cv_sctr":2,"zp":7,"are_km2":0.238862999664059,"x":-99.083179,"y":19.395349,"fech_cr":"2018-08-17T00:00:00","anio":2018,"mes":8,"dia":17}},
{"type":"Feature","geometry":{"type":"Polygon","coordinates":[[[-99.10135939015534,19.44929488376736],[-99.10156854797587,19.44936282063282],[-99.1084832644473,19.45193067370831],[-99.108673755723,19.45199888462949],[-99.11019680797152,19.4481310974684],[-99.10904366365952,19.446109880489324],[-99.10343410795302,19.44425157981986],[-99.10249423688003,19.446566578170614],[-99.10135939015534,19.44929488376736]]]},"properties":{"_id":156,"id":155,"g_pnt_2":"19.4481189763,-99.1059907033","geo_shp":"{\"type\": \"Polygon\", \"coordinates\": [[[-99.10135939015534, 19.449294883767358], [-99.10249423688003, 19.446566578170618], [-99.10343410795302, 19.44425157981986], [-99.1088183149763, 19.446047113415133], [-99.10904366365953, 19.446109880489324], [-99.1097","deleg":"VENUSTIANO CARRANZA","zona":"NORTE","sctr_18":"MOCTEZUMA","cv_sctr":6,"zp":11,"are_km2":0.491502628224738,"x":-99.105815,"y":19.448126,"fech_cr":"2018-08-17T00:00:00","anio":2018,"mes":8,"dia":17}},
{"type":"Feature","geometry":{"type":"Polygon","coordinates":[[[-99.18303940416472,19.436769246787925],[-99.18079143756351,19.43066961382685],[-99.18073787707246,19.43056040145991],[-99.17353514884122,19.432449168015346],[-99.17937504628084,19.435701035821673],[-99.18303940416472,19.436769246787925]]]},"properties":{"_id":159,"id":158,"g_pnt_2":"19.4335147235,-99.1791120056","geo_shp":"{\"type\": \"Polygon\", \"coordinates\": [[[-99.18304748003149, 19.436325126777547], [-99.18303940416473, 19.436769246787925], [-99.18180451768599, 19.436672881040124], [-99.18114797243625, 19.436411986909437], [-99.18025032515202, 19.436066375738072], [-99.17","deleg":"MIGUEL HIDALGO","zona":"PONIENTE","sctr_18":"POLANCO-CASTILLO","cv_sctr":1,"zp":6,"are_km2":0.337379753754884,"x":-99.178294,"y":19.43371,"fech_cr":"2018-08-17T00:00:00","anio":2018,"mes":8,"dia":17}},
{"type":"Feature","geometry":{"type":"Polygon","coordinates":[[[-99.13018431864906,19.209015047825797],[-99.12942334836325,19.20679117081971],[-99.13069382574514,19.205150968990065],[-99.13039678454288,19.203634976446693],[-99.12875370034324,19.202095440490737],[-99.12924068097956,19.196653263315223],[-99.13041905232272,19.19555594578311],[-99.12529256116288,19.194697480279977],[-99.12063866692034,19.1880700883319],[-99.11922072543672,19.188173144117837],[-99.11914802786691,19.191572636613113],[-99.11685746278572,19.18903164349841],[-99.11522140061824,19.188035791856557],[-99.11064027672413,19.18765802335981],[-99.1047224875238,19.194799221731877],[-99.10456882131814,19.198342999181975],[-99.10198487384864,19.200030031682836],[-99.10451651790744,19.200023454542514],[-99.10670065010352,19.202050040334605],[-99.10922352270916,19.202832144465173],[-99.11361074587208,19.199644055353925],[-99.11819745827424,19.20191266228924],[-99.11865904289216,19.206206469742433],[-99.11839815096096,19.207731338264495],[-99.1192848036312,19.210966976313816],[-99.11840276101034,19.214172488831164],[-99.11699520844114,19.215293553759043],[-99.1130656987092,19.21678971891009],[-99.11152811515,19.219435520140884],[-99.11296325952716,19.22252904518099],[-99.11069582923837,19.225346735998567],[-99.11023830820533,19.227776946755764],[-99.10882391621736,19.228885027888023],[-99.10996764603208,19.23094182613537],[-99.1100464220789,19.23322466532141],[-99.10929528033924,19.234978108526786],[-99.11175309007488,19.237835496052533],[-99.1123645457356,19.239439892382443],[-99.11384817742392,19.23943897565637],[-99.11584103339064,19.2369901701101],[-99.11674827564104,19.235142155090692],[-99.12105597018191,19.23398982601079],[-99.12199742728684,19.230904743247375],[-99.12183607392558,19.22549538791023],[-99.12146183828348,19.223481265306457],[-99.12423100553264,19.2181396237954],[-99.12802372889382,19.214174786858667],[-99.12789192212593,19.212267243548876],[-99.13018431864906,19.209015047825797]]]},"properties":{"_id":160,"id":159,"g_pnt_2":"19.2097592241,-99.118009976","geo_shp":"{\"type\": \"Polygon\", \"coordinates\": [[[-99.13069972646119, 19.20322733056201], [-99.13039678454288, 19.203634976446693], [-99.13042105751951, 19.20401699273945], [-99.13065878952168, 19.20463194535975], [-99.13069382574514, 19.205150968990065], [-99.13054","deleg":"XOCHIMILCO","zona":"ORIENTE","sctr_18":"LA NORIA","cv_sctr":5,"zp":1,"are_km2":7.580598855895791,"x":-99.123333,"y":19.213732,"fech_cr":"2018-08-17T00:00:00","anio":2018,"mes":8,"dia":17}},
{"type":"Feature","geometry":{"type":"Polygon","coordinates":[[[-99.12895782638677,19.422571849670792],[-99.12808785402876,19.42862005234232],[-99.13013973697204,19.428920904531843],[-99.1321794167127,19.4291998711087],[-99.13311029218256,19.42291038870304],[-99.12895782638677,19.422571849670792]]]},"properties":{"_id":161,"id":160,"g_pnt_2":"19.4258644818,-99.1305777003","geo_shp":"{\"type\": \"Polygon\", \"coordinates\": [[[-99.12819199983412, 19.427808211516748], [-99.1285587327806, 19.425380603028056], [-99.12895782638677, 19.422571849670792], [-99.13218887301439, 19.422989418774925], [-99.13311029218255, 19.422910388703038], [-99.132","deleg":"CUAUHTEMOC","zona":"CENTRO","sctr_18":"CENTRO","cv_sctr":2,"zp":10,"are_km2":0.296654594944062,"x":-99.130651,"y":19.425459,"fech_cr":"2018-08-17T00:00:00","anio":2018,"mes":8,"dia":17}},
{"type":"Feature","geometry":{"type":"Polygon","coordinates":[[[-99.12922608134905,19.435609009160643],[-99.13543698158072,19.436388953238097],[-99.13642858171151,19.429800988849284],[-99.1321794167127,19.4291998711087],[-99.13013973697204,19.428920904531843],[-99.12944894346666,19.433864573203913],[-99.12922608134905,19.435609009160643]]]},"properties":{"_id":162,"id":161,"g_pnt_2":"19.4326684473,-99.1328040576","geo_shp":"{\"type\": \"Polygon\", \"coordinates\": [[[-99.12922608134905, 19.435609009160643], [-99.12934340718492, 19.434721694087038], [-99.12944894346666, 19.433864573203913], [-99.12962298192666, 19.43266198210657], [-99.12970815093779, 19.431951105551715], [-99.129","deleg":"CUAUHTEMOC","zona":"CENTRO","sctr_18":"CENTRO","cv_sctr":1,"zp":4,"are_km2":0.494737642150051,"x":-99.132896,"y":19.432168,"fech_cr":"2018-08-17T00:00:00","anio":2018,"mes":8,"dia":17}},
{"type":"Feature","geometry":{"type":"Polygon","coordinates":[[[-99.09055149645228,19.307797937605372],[-99.08777655411996,19.318218473600215],[-99.0869862668372,19.320025514623737],[-99.09718912293516,19.32174920978314],[-99.09863439501468,19.319724774026852],[-99.09848850460236,19.318681706646213],[-99.09768417713968,19.316690201275108],[-99.09055149645228,19.307797937605372]]]},"properties":{"_id":163,"id":162,"g_pnt_2":"19.316348865,-99.0926522446","geo_shp":"{\"type\": \"Polygon\", \"coordinates\": [[[-99.08913676157201, 19.312767186431227], [-99.09055149645229, 19.307797937605372], [-99.09415918010032, 19.312300751650223], [-99.0958750445557, 19.314388682642214], [-99.09683130740139, 19.31564407497243], [-99.0973","deleg":"IZTAPALAPA","zona":"ORIENTE","sctr_18":"ESTRELLA","cv_sctr":4,"zp":8,"are_km2":1.021057807743462,"x":-99.091308,"y":19.312714,"fech_cr":"2018-08-17T00:00:00","anio":2018,"mes":8,"dia":17}},
{"type":"Feature","geometry":{"type":"Polygon","coordinates":[[[-99.12903768523248,19.38299671490376],[-99.12885106837544,19.39018384984536],[-99.1319868185898,19.390492228421454],[-99.1332313156958,19.3850695737982],[-99.1334988867236,19.383864554531584],[-99.12903768523248,19.38299671490376]]]},"properties":{"_id":164,"id":163,"g_pnt_2":"19.3866836558,-99.1308545391","geo_shp":"{\"type\": \"Polygon\", \"coordinates\": [[[-99.1289266466417, 19.387231976176697], [-99.12903768523249, 19.382996714903758], [-99.12952708155535, 19.38312669155016], [-99.13349888672361, 19.383864554531584], [-99.1332313156958, 19.3850695737982], [-99.1326187","deleg":"IZTACALCO","zona":"NORTE","sctr_18":"IZTACCIHUATL","cv_sctr":1,"zp":5,"are_km2":0.311137726636091,"x":-99.129307,"y":19.386416,"fech_cr":"2018-08-17T00:00:00","anio":2018,"mes":8,"dia":17}},
{"type":"Feature","geometry":{"type":"Polygon","coordinates":[[[-99.03494675670927,19.26929431524596],[-99.0350782739848,19.270187504478592],[-99.03510116513944,19.28249510553646],[-99.03497649969032,19.293300534919148],[-99.03511418625826,19.29580589441622],[-99.0359479331985,19.295669531611026],[-99.03909514560551,19.2956422232228],[-99.04101431092586,19.2966197891437],[-99.04134400328802,19.29846407071707],[-99.04163530483444,19.297517288820135],[-99.03976373131188,19.28438469264925],[-99.03783707407182,19.27126246274829],[-99.03494675670927,19.26929431524596]]]},"properties":{"_id":165,"id":164,"g_pnt_2":"19.2850350095,-99.0374813615","geo_shp":"{\"type\": \"Polygon\", \"coordinates\": [[[-99.03494675670927, 19.269294315245958], [-99.03579871005424, 19.270351312084134], [-99.03609024376777, 19.27054520780913], [-99.03658784199122, 19.270876528186953], [-99.03783707407182, 19.27126246274829], [-99.0377","deleg":"TLAHUAC","zona":"ORIENTE","sctr_18":"ZAPOTITLA","cv_sctr":4,"zp":6,"are_km2":1.327304572251442,"x":-99.038291,"y":19.283879,"fech_cr":"2018-08-17T00:00:00","anio":2018,"mes":8,"dia":17}},
{"type":"Feature","geometry":{"type":"Polygon","coordinates":[[[-99.21222561732183,19.359429691840283],[-99.20901519832992,19.36076764838823],[-99.20902747702702,19.358970748559766],[-99.21404402450167,19.35641085253916],[-99.2155984054414,19.35394912340851],[-99.21603141738436,19.35176590207563],[-99.2179986075572,19.350632212129344],[-99.21796904111312,19.34951834395028],[-99.21558273374914,19.348904266090567],[-99.21427626752838,19.346649530371774],[-99.21108456490526,19.345305906190163],[-99.20903895639984,19.34465962403862],[-99.2073191970419,19.346075637859816],[-99.20406640783148,19.346469560841697],[-99.20169023501536,19.346277894714692],[-99.20095248204102,19.348471904933472],[-99.19975728667166,19.353224643299757],[-99.1979558229934,19.35587729515587],[-99.19454784605507,19.357428864836717],[-99.19148234630865,19.360246472366644],[-99.1908794498153,19.3629614150818],[-99.19528206314008,19.364077969869395],[-99.20408405423936,19.364639772633492],[-99.20607767045618,19.36472157790662],[-99.20712869863092,19.3647937716528],[-99.2108850081207,19.3638282948864],[-99.21144657360122,19.3625450064922],[-99.2128317421176,19.361320585310796],[-99.21289598458534,19.361298006213865],[-99.21222561732183,19.359429691840283]]]},"properties":{"_id":166,"id":165,"g_pnt_2":"19.3556881735,-99.2051858545","geo_shp":"{\"type\": \"Polygon\", \"coordinates\": [[[-99.21404402450169, 19.35641085253916], [-99.21324762737954, 19.35690651338588], [-99.21228730456023, 19.357432819151146], [-99.20902747702702, 19.358970748559766], [-99.20901519832991, 19.36076764838823], [-99.20940","deleg":"ALVARO OBREGON","zona":"PONIENTE","sctr_18":"ALPES","cv_sctr":1,"zp":10,"are_km2":3.653543983130837,"x":-99.206845,"y":19.349774,"fech_cr":"2018-08-17T00:00:00","anio":2018,"mes":8,"dia":17}},
{"type":"Feature","geometry":{"type":"Polygon","coordinates":[[[-99.1564217341648,19.405727281351016],[-99.157916817979,19.41140041299257],[-99.1667820840877,19.409795074590875],[-99.168244426255,19.40510342068634],[-99.16283179032104,19.40541970055213],[-99.1564217341648,19.405727281351016]]]},"properties":{"_id":167,"id":166,"g_pnt_2":"19.4078998421,-99.1621135879","geo_shp":"{\"type\": \"Polygon\", \"coordinates\": [[[-99.1564217341648, 19.405727281351016], [-99.15941141671837, 19.40561885165987], [-99.1608800856452, 19.405537754318807], [-99.16283179032105, 19.40541970055213], [-99.16824442625501, 19.40510342068634], [-99.1667820","deleg":"CUAUHTEMOC","zona":"CENTRO","sctr_18":"ROMA","cv_sctr":4,"zp":13,"are_km2":0.616560105287802,"x":-99.162336,"y":19.408253,"fech_cr":"2018-08-17T00:00:00","anio":2018,"mes":8,"dia":17}},
{"type":"Feature","geometry":{"type":"Polygon","coordinates":[[[-99.15809383023782,19.52328870447769],[-99.15816852133332,19.523548018481065],[-99.15870991727118,19.52601110498043],[-99.15880942881796,19.526698056250236],[-99.1629578831104,19.527650000451192],[-99.16961510882896,19.5295405071229],[-99.17467016121827,19.5312071057827],[-99.1774529374894,19.531385508516752],[-99.18023602403196,19.53226807710866],[-99.17903366385649,19.52999405837345],[-99.17581418521604,19.52815354906318],[-99.1750395950656,19.529335966393297],[-99.17113986093555,19.52653976234171],[-99.17481581453302,19.52306300514553],[-99.16986896316236,19.52126797175847],[-99.16260555540995,19.517027785882007],[-99.16221501512236,19.516870611002652],[-99.15937222607356,19.52209534099452],[-99.15809383023782,19.52328870447769]]]},"properties":{"_id":168,"id":167,"g_pnt_2":"19.5247690017,-99.167192429","geo_shp":"{\"type\": \"Polygon\", \"coordinates\": [[[-99.15809383023782, 19.523288704477686], [-99.15902465899627, 19.52359146141357], [-99.1591914012662, 19.522757324302283], [-99.15937222607357, 19.52209534099452], [-99.1596300519865, 19.52161856048274], [-99.1599088","deleg":"GUSTAVO A MADERO","zona":"NORTE","sctr_18":"TICOMAN","cv_sctr":3,"zp":1,"are_km2":1.620966884532638,"x":-99.169161,"y":19.524572,"fech_cr":"2018-08-17T00:00:00","anio":2018,"mes":8,"dia":17}},
{"type":"Feature","geometry":{"type":"Polygon","coordinates":[[[-99.12863732908885,19.397173071560168],[-99.1264195052371,19.39729320253614],[-99.1240859448512,19.3973895258588],[-99.12357004279218,19.39739774009767],[-99.12540634993871,19.40362484177644],[-99.1285186310686,19.402835119202095],[-99.12863732908885,19.397173071560168]]]},"properties":{"_id":169,"id":168,"g_pnt_2":"19.4000445957,-99.1264746269","geo_shp":"{\"type\": \"Polygon\", \"coordinates\": [[[-99.12863732908883, 19.397173071560168], [-99.1285186310686, 19.402835119202095], [-99.12692217186414, 19.403307649468456], [-99.12540634993871, 19.403624841776438], [-99.12477937858472, 19.401013457048375], [-99.124","deleg":"IZTACALCO","zona":"NORTE","sctr_18":"IZTACCIHUATL","cv_sctr":1,"zp":2,"are_km2":0.285566094395195,"x":-99.126106,"y":19.4004,"fech_cr":"2018-08-17T00:00:00","anio":2018,"mes":8,"dia":17}},
{"type":"Feature","geometry":{"type":"Polygon","coordinates":[[[-99.1219173026599,19.38541732879762],[-99.12210956962842,19.38183164981078],[-99.1173685873855,19.381339862494027],[-99.11677185920304,19.385185813570683],[-99.11972220610772,19.38567265748917],[-99.1219173026599,19.38541732879762]]]},"properties":{"_id":170,"id":169,"g_pnt_2":"19.383552336,-99.1195125489","geo_shp":"{\"type\": \"Polygon\", \"coordinates\": [[[-99.1219173026599, 19.38541732879762], [-99.12140585579759, 19.385475422159335], [-99.12105972423576, 19.385524275995937], [-99.12077255189435, 19.385587911957312], [-99.12056803241526, 19.385640376255388], [-99.1202","deleg":"IZTACALCO","zona":"NORTE","sctr_18":"IZTACCIHUATL","cv_sctr":1,"zp":14,"are_km2":0.227539702800643,"x":-99.11959,"y":19.3831,"fech_cr":"2018-08-17T00:00:00","anio":2018,"mes":8,"dia":17}},
{"type":"Feature","geometry":{"type":"Polygon","coordinates":[[[-99.15649808979416,19.527322491665853],[-99.15880942881796,19.526698056250236],[-99.15870991727118,19.52601110498043],[-99.15459600546193,19.52332697568775],[-99.145668066885,19.519341932750077],[-99.14260800499947,19.517663374957433],[-99.14233099932054,19.521430923486527],[-99.14388526000047,19.52188681591073],[-99.15649808979416,19.527322491665853]]]},"properties":{"_id":171,"id":170,"g_pnt_2":"19.5227572809,-99.1496599703","geo_shp":"{\"type\": \"Polygon\", \"coordinates\": [[[-99.15649808979417, 19.527322491665853], [-99.14388526000049, 19.52188681591073], [-99.14233099932054, 19.521430923486527], [-99.14213853201164, 19.52008356647625], [-99.14217136648763, 19.51915709463033], [-99.14243","deleg":"GUSTAVO A MADERO","zona":"NORTE","sctr_18":"TICOMAN","cv_sctr":3,"zp":4,"are_km2":0.580441644648474,"x":-99.150509,"y":19.52373,"fech_cr":"2018-08-17T00:00:00","anio":2018,"mes":8,"dia":17}},
{"type":"Feature","geometry":{"type":"Polygon","coordinates":[[[-99.15460576706468,19.514447241492128],[-99.15046163311855,19.5044565702783],[-99.13914760673369,19.50884182523816],[-99.13992446307029,19.51132078929237],[-99.14128116693848,19.512238138214137],[-99.14312828692684,19.515486795684364],[-99.14260800499947,19.517663374957433],[-99.14522723371796,19.51771325696081],[-99.15460576706468,19.514447241492128]]]},"properties":{"_id":172,"id":171,"g_pnt_2":"19.5113979746,-99.1470935545","geo_shp":"{\"type\": \"Polygon\", \"coordinates\": [[[-99.15460576706467, 19.514447241492128], [-99.15004669675132, 19.516035013840416], [-99.14522723371796, 19.51771325696081], [-99.14468829045242, 19.517745591723685], [-99.14356807574678, 19.517690631983694], [-99.142","deleg":"GUSTAVO A MADERO","zona":"NORTE","sctr_18":"TICOMAN","cv_sctr":3,"zp":7,"are_km2":1.431884614601515,"x":-99.144412,"y":19.516583,"fech_cr":"2018-08-17T00:00:00","anio":2018,"mes":8,"dia":17}},
{"type":"Feature","geometry":{"type":"Polygon","coordinates":[[[-99.14381224254528,19.486827734062235],[-99.14356314910376,19.486175413435586],[-99.1433489187745,19.485614254705997],[-99.14293585881532,19.485748880665714],[-99.13432605316204,19.48419005937536],[-99.13319178428804,19.49008498230729],[-99.14222630804365,19.49194664434451],[-99.14381224254528,19.486827734062235]]]},"properties":{"_id":173,"id":172,"g_pnt_2":"19.4880180104,-99.1384419709","geo_shp":"{\"type\": \"Polygon\", \"coordinates\": [[[-99.14381224254528, 19.486827734062235], [-99.14344953310597, 19.48744014167292], [-99.14222630804363, 19.49194664434451], [-99.13319178428804, 19.49008498230729], [-99.13381501364692, 19.48697087161316], [-99.134326","deleg":"GUSTAVO A MADERO","zona":"NORTE","sctr_18":"LINDAVISTA","cv_sctr":2,"zp":7,"are_km2":0.673547980536703,"x":-99.138456,"y":19.487667,"fech_cr":"2018-08-17T00:00:00","anio":2018,"mes":8,"dia":17}},
{"type":"Feature","geometry":{"type":"Polygon","coordinates":[[[-99.12811197134856,19.48082559387073],[-99.12947781469876,19.47913891841302],[-99.1284541843313,19.4788161892563],[-99.12951750178009,19.475482161405942],[-99.12135698550138,19.47255228617191],[-99.11900187528856,19.478541212223927],[-99.12752231570836,19.481534110542228],[-99.12811197134856,19.48082559387073]]]},"properties":{"_id":174,"id":173,"g_pnt_2":"19.4771300344,-99.1244197358","geo_shp":"{\"type\": \"Polygon\", \"coordinates\": [[[-99.12811197134856, 19.480825593870726], [-99.12752231570836, 19.481534110542228], [-99.12679313952786, 19.481245688462604], [-99.12038100281261, 19.47899869133001], [-99.11900187528856, 19.478541212223927], [-99.119","deleg":"GUSTAVO A MADERO","zona":"NORTE","sctr_18":"TEPEYAC","cv_sctr":4,"zp":3,"are_km2":0.671026570499074,"x":-99.124467,"y":19.476689,"fech_cr":"2018-08-17T00:00:00","anio":2018,"mes":8,"dia":17}},
{"type":"Feature","geometry":{"type":"Polygon","coordinates":[[[-99.13651026481702,19.470525833403418],[-99.13154238663962,19.469222208622817],[-99.12951750178009,19.475482161405942],[-99.1284541843313,19.4788161892563],[-99.12947781469876,19.47913891841302],[-99.13651026481702,19.470525833403418]]]},"properties":{"_id":175,"id":174,"g_pnt_2":"19.4734394277,-99.1320474937","geo_shp":"{\"type\": \"Polygon\", \"coordinates\": [[[-99.13651026481702, 19.470525833403418], [-99.1296151886186, 19.47898255902032], [-99.12947781469877, 19.47913891841302], [-99.1284541843313, 19.4788161892563], [-99.12951750178007, 19.475482161405946], [-99.13154238","deleg":"GUSTAVO A MADERO","zona":"NORTE","sctr_18":"TEPEYAC","cv_sctr":4,"zp":5,"are_km2":0.367397788941848,"x":-99.132482,"y":19.474179,"fech_cr":"2018-08-17T00:00:00","anio":2018,"mes":8,"dia":17}},
{"type":"Feature","geometry":{"type":"Polygon","coordinates":[[[-99.17577023153112,19.467592365609892],[-99.17279046692371,19.464540953774808],[-99.1725257168116,19.466727777478283],[-99.16355593950708,19.465282837279027],[-99.16594205087875,19.468712358923025],[-99.16574879285416,19.47074510519664],[-99.17577023153112,19.467592365609892]]]},"properties":{"_id":176,"id":175,"g_pnt_2":"19.467638112,-99.1692484108","geo_shp":"{\"type\": \"Polygon\", \"coordinates\": [[[-99.17577023153112, 19.467592365609892], [-99.16574879285416, 19.47074510519664], [-99.16508073261741, 19.469197383317184], [-99.16594205087877, 19.468712358923025], [-99.16393592812084, 19.46577586006132], [-99.1635","deleg":"AZCAPOTZALCO","zona":"PONIENTE","sctr_18":"CUITLAHUAC","cv_sctr":2,"zp":5,"are_km2":0.401713260581376,"x":-99.169045,"y":19.467481,"fech_cr":"2018-08-17T00:00:00","anio":2018,"mes":8,"dia":17}},
{"type":"Feature","geometry":{"type":"Polygon","coordinates":[[[-99.20117588770997,19.45744404766402],[-99.20998136043808,19.459973282948557],[-99.21228943127984,19.461758603499156],[-99.21352121079492,19.459906065831102],[-99.2147954493492,19.455805986205895],[-99.21090017238592,19.454651479149327],[-99.20971038528933,19.454848162685412],[-99.20117588770997,19.45744404766402]]]},"properties":{"_id":177,"id":176,"g_pnt_2":"19.457585289,-99.2095044508","geo_shp":"{\"type\": \"Polygon\", \"coordinates\": [[[-99.20117588770995, 19.45744404766402], [-99.20123766288698, 19.45732034396682], [-99.20412978372818, 19.45648438151782], [-99.20941356238443, 19.454956957566775], [-99.20971038528933, 19.454848162685412], [-99.21017","deleg":"MIGUEL HIDALGO","zona":"PONIENTE","sctr_18":"TACUBA","cv_sctr":4,"zp":3,"are_km2":0.542435950778436,"x":-99.207988,"y":19.458209,"fech_cr":"2018-08-17T00:00:00","anio":2018,"mes":8,"dia":17}},
{"type":"Feature","geometry":{"type":"Polygon","coordinates":[[[-99.16535359105768,19.442941882519737],[-99.16820420035648,19.44450495057048],[-99.17120815973904,19.4482589235232],[-99.17515513353436,19.4490689076529],[-99.17639542522518,19.4407694890366],[-99.1746604205082,19.439021109982914],[-99.16932983728556,19.43556662496883],[-99.1684740276715,19.436873006290615],[-99.16668802878944,19.440292980808113],[-99.1654353593215,19.442784190741612],[-99.16535359105768,19.442941882519737]]]},"properties":{"_id":178,"id":177,"g_pnt_2":"19.44240272,-99.1714837537","geo_shp":"{\"type\": \"Polygon\", \"coordinates\": [[[-99.16535359105767, 19.442941882519737], [-99.1654353593215, 19.442784190741612], [-99.16668802878944, 19.440292980808113], [-99.16833440787316, 19.437090582684036], [-99.1684740276715, 19.436873006290618], [-99.1693","deleg":"MIGUEL HIDALGO","zona":"PONIENTE","sctr_18":"TACUBA","cv_sctr":4,"zp":14,"are_km2":1.021012468357438,"x":-99.170875,"y":19.442319,"fech_cr":"2018-08-17T00:00:00","anio":2018,"mes":8,"dia":17}},
{"type":"Feature","geometry":{"type":"Polygon","coordinates":[[[-99.15152254464336,19.453337537631484],[-99.15153103720512,19.453351990823727],[-99.1573782222803,19.454149556742713],[-99.1587933707902,19.44659101465949],[-99.15775908140655,19.44642246047159],[-99.1529078538138,19.44567757088096],[-99.15152254464336,19.453337537631484]]]},"properties":{"_id":179,"id":178,"g_pnt_2":"19.4499354732,-99.1551420298","geo_shp":"{\"type\": \"Polygon\", \"coordinates\": [[[-99.15152254464337, 19.453337537631484], [-99.15165457517722, 19.452500718823398], [-99.1522950587999, 19.449210013904104], [-99.1529078538138, 19.44567757088096], [-99.15775908140655, 19.44642246047159], [-99.158793","deleg":"CUAUHTEMOC","zona":"CENTRO","sctr_18":"BUENAVISTA","cv_sctr":2,"zp":2,"are_km2":0.534054941544546,"x":-99.155158,"y":19.449913,"fech_cr":"2018-08-17T00:00:00","anio":2018,"mes":8,"dia":17}},
{"type":"Feature","geometry":{"type":"Polygon","coordinates":[[[-99.17898203348426,19.396654821792364],[-99.18497391011616,19.395196009703103],[-99.18862605461013,19.394936489755096],[-99.18794355147772,19.39291536679239],[-99.19035067328282,19.384258693408427],[-99.18617959617865,19.384457321813212],[-99.18262506703697,19.38451424795312],[-99.18151627311904,19.38552866897175],[-99.1808174591746,19.388889504840915],[-99.18021885539576,19.393940293235193],[-99.17898203348426,19.396654821792364]]]},"properties":{"_id":180,"id":179,"g_pnt_2":"19.3900530346,-99.1846754136","geo_shp":"{\"type\": \"Polygon\", \"coordinates\": [[[-99.17898203348426, 19.396654821792364], [-99.17968640847317, 19.39526078051616], [-99.18021885539575, 19.393940293235193], [-99.18058247652613, 19.392393124965537], [-99.18069314792483, 19.39084638802741], [-99.1806","deleg":"BENITO JUAREZ","zona":"SUR","sctr_18":"NAPOLES","cv_sctr":3,"zp":2,"are_km2":1.046447844642071,"x":-99.184667,"y":19.390457,"fech_cr":"2018-08-17T00:00:00","anio":2018,"mes":8,"dia":17}},
{"type":"Feature","geometry":{"type":"Polygon","coordinates":[[[-99.15416509546576,19.38617001092438],[-99.1541928193516,19.386283230387313],[-99.1617703565216,19.38793109785833],[-99.15888982026549,19.37867997758547],[-99.1588897250378,19.378679977668632],[-99.1556262957719,19.378205876066865],[-99.15416509546576,19.38617001092438]]]},"properties":{"_id":181,"id":180,"g_pnt_2":"19.3833338551,-99.1576670832","geo_shp":"{\"type\": \"Polygon\", \"coordinates\": [[[-99.15416509546577, 19.38617001092438], [-99.15461266052048, 19.383922666217536], [-99.15496828063746, 19.381536126528893], [-99.1556262957719, 19.378205876066865], [-99.1576910856356, 19.37847405594196], [-99.158334","deleg":"BENITO JUAREZ","zona":"SUR","sctr_18":"NARVARTE-ALAMOS","cv_sctr":1,"zp":7,"are_km2":0.539482590205405,"x":-99.158629,"y":19.384722,"fech_cr":"2018-08-17T00:00:00","anio":2018,"mes":8,"dia":17}},
{"type":"Feature","geometry":{"type":"Polygon","coordinates":[[[-99.13059722378352,19.396072955739957],[-99.13059408695386,19.398110155615623],[-99.13682634194356,19.398334136102],[-99.13763065207029,19.393253323706432],[-99.1379734768387,19.39107496718005],[-99.1319868185898,19.390492228421454],[-99.13059722378352,19.396072955739957]]]},"properties":{"_id":182,"id":181,"g_pnt_2":"19.394535899,-99.1342568205","geo_shp":"{\"type\": \"Polygon\", \"coordinates\": [[[-99.13059408695386, 19.398110155615623], [-99.1306232717258, 19.39696866777969], [-99.13059722378351, 19.396072955739957], [-99.13077101516716, 19.395812091902773], [-99.13094466006285, 19.39536875594045], [-99.13111","deleg":"BENITO JUAREZ","zona":"SUR","sctr_18":"NATIVITAS","cv_sctr":4,"zp":1,"are_km2":0.546465760368838,"x":-99.134284,"y":19.394413,"fech_cr":"2018-08-17T00:00:00","anio":2018,"mes":8,"dia":17}},
{"type":"Feature","geometry":{"type":"Polygon","coordinates":[[[-99.17988916166024,19.30289949599549],[-99.17998045789705,19.30709060396082],[-99.18300511666966,19.305742407647603],[-99.1862253207301,19.308759497485845],[-99.18627706519422,19.309651295946104],[-99.18902579238468,19.30939803175007],[-99.1949770068154,19.31076352882442],[-99.20032065811394,19.311525140947857],[-99.2004519043137,19.311587719175275],[-99.20114323503032,19.31055556426595],[-99.2002706329196,19.309997535781708],[-99.20547389903184,19.305058013336943],[-99.20340187081572,19.304637545400876],[-99.19761432999115,19.30231512975927],[-99.19473998469071,19.301430976338334],[-99.18555259620491,19.30222665528787],[-99.17988916166024,19.30289949599549]]]},"properties":{"_id":183,"id":182,"g_pnt_2":"19.3059266191,-99.1926202758","geo_shp":"{\"type\": \"Polygon\", \"coordinates\": [[[-99.17988916166023, 19.30289949599549], [-99.18038106433659, 19.302893226378437], [-99.18555259620493, 19.30222665528787], [-99.18626704340396, 19.302143593158323], [-99.1875205503552, 19.302010267295273], [-99.18845","deleg":"COYOACAN","zona":"SUR","sctr_18":"UNIVERSIDAD","cv_sctr":4,"zp":8,"are_km2":1.869369055263755,"x":-99.192684,"y":19.30651,"fech_cr":"2018-08-17T00:00:00","anio":2018,"mes":8,"dia":17}},
{"type":"Feature","geometry":{"type":"Polygon","coordinates":[[[-99.24520816380564,19.314413586153364],[-99.24302037490357,19.315549399023247],[-99.24447577173612,19.318191817748712],[-99.24489255487228,19.318724216316017],[-99.24636111649724,19.32369653803042],[-99.24690663103736,19.322648774731174],[-99.2486610908621,19.32240960162789],[-99.24966969736109,19.320290674289357],[-99.2481264978262,19.319710837907504],[-99.24869664587798,19.318287335293444],[-99.2512138285089,19.317984103316537],[-99.25283744040476,19.315888983261942],[-99.25239507140716,19.31581593793444],[-99.24881748297624,19.315544296289296],[-99.24745064608588,19.314599719248697],[-99.24520816380564,19.314413586153364]]]},"properties":{"_id":184,"id":183,"g_pnt_2":"19.3179810151,-99.2471486556","geo_shp":"{\"type\": \"Polygon\", \"coordinates\": [[[-99.24520816380564, 19.314413586153364], [-99.24549649185842, 19.314284229317316], [-99.24564505902323, 19.314204135388028], [-99.24574199784493, 19.314164148243712], [-99.2458486963602, 19.31415785881335], [-99.2459","deleg":"MAGDALENA CONTRERAS","zona":"SUR","sctr_18":"SAN JERONIMO","cv_sctr":2,"zp":8,"are_km2":0.461591120981761,"x":-99.247957,"y":19.321516,"fech_cr":"2018-08-17T00:00:00","anio":2018,"mes":8,"dia":17}},
{"type":"Feature","geometry":{"type":"Polygon","coordinates":[[[-98.99457860636626,19.337316383287895],[-98.9947400848449,19.3399008430048],[-98.99416098251685,19.34165289671941],[-98.9961095793594,19.341464510252255],[-98.99503919275485,19.34712604222677],[-99.0005049963203,19.348415172014988],[-99.0094614289686,19.349789306698273],[-99.01291832717068,19.350588126979325],[-99.01397348439912,19.35195176380357],[-99.01458948565416,19.351684829081563],[-99.01667337552388,19.3505203095633],[-99.01745922531578,19.34936701160559],[-99.01564715374032,19.348205456225667],[-99.0159129959301,19.34639479814915],[-99.01409337385836,19.34438548065587],[-99.01054614781168,19.343501370340427],[-99.00967129513268,19.342056543280727],[-99.00765056977544,19.340840149144633],[-99.00341684798435,19.34070326438195],[-99.0036802241336,19.338077320897774],[-99.00238715057029,19.337636748661065],[-99.0000330353814,19.335238307053785],[-99.00003303595363,19.338083684524005],[-98.9988858061738,19.340416794176303],[-98.9977223927766,19.340283927422508],[-98.9980719253446,19.337536705417225],[-98.99457860636626,19.337316383287895]]]},"properties":{"_id":185,"id":184,"g_pnt_2":"19.344578005,-99.0046768521","geo_shp":"{\"type\": \"Polygon\", \"coordinates\": [[[-98.99411805058631, 19.34147918849691], [-98.99419823455078, 19.340909175928452], [-98.99427831415007, 19.34058607647473], [-98.99444340958844, 19.34033898763736], [-98.99467362526175, 19.34008964110378], [-98.994740","deleg":"IZTAPALAPA","zona":"ORIENTE","sctr_18":"TEOTONGO","cv_sctr":4,"zp":3,"are_km2":2.11982888429769,"x":-99.005788,"y":19.34358,"fech_cr":"2018-08-17T00:00:00","anio":2018,"mes":8,"dia":17}},
{"type":"Feature","geometry":{"type":"Polygon","coordinates":[[[-99.06167298562508,19.352812741919372],[-99.06013836659616,19.359372346958185],[-99.06327957581009,19.359638891560348],[-99.0629139297344,19.361342823136248],[-99.06473864283352,19.361233458856567],[-99.06657026630398,19.3636111835715],[-99.07065365080734,19.365386383571405],[-99.07626300136468,19.368501975303516],[-99.080027022494,19.371014670261957],[-99.08009303086244,19.370857564598985],[-99.08396261065408,19.36022837921584],[-99.08290447872596,19.35950891360552],[-99.07417210963744,19.356486645536883],[-99.07204810901764,19.35466611090255],[-99.07047902994356,19.354335037628324],[-99.0676543186396,19.35132733452256],[-99.06589094989272,19.352175003717036],[-99.06236610961612,19.35149027545874],[-99.06167298562508,19.352812741919372]]]},"properties":{"_id":186,"id":185,"g_pnt_2":"19.3603947425,-99.0721033745","geo_shp":"{\"type\": \"Polygon\", \"coordinates\": [[[-99.06013836659615, 19.359372346958185], [-99.06167298562507, 19.352812741919372], [-99.06206728543815, 19.352873251635828], [-99.06236610961611, 19.35149027545874], [-99.06597694589482, 19.352222330669566], [-99.065","deleg":"IZTAPALAPA","zona":"ORIENTE","sctr_18":"ABASTO-REFORMA","cv_sctr":2,"zp":4,"are_km2":2.701233697614008,"x":-99.072051,"y":19.361011,"fech_cr":"2018-08-17T00:00:00","anio":2018,"mes":8,"dia":17}},
{"type":"Feature","geometry":{"type":"Polygon","coordinates":[[[-99.03783707407182,19.27126246274829],[-99.03976373131188,19.28438469264925],[-99.05372207200254,19.287664127393068],[-99.05621058178072,19.289505386158396],[-99.05491303853708,19.29120498985853],[-99.05517998201074,19.29679916478322],[-99.0593230248078,19.291846925786743],[-99.06133211608812,19.29334193790824],[-99.0613319718273,19.29269907486864],[-99.06139054326825,19.291776741344485],[-99.0689636942688,19.28395800215645],[-99.064386924935,19.28106158856344],[-99.05702001281118,19.278379696674783],[-99.05409543004316,19.27805404732141],[-99.05012585236408,19.276329034835403],[-99.04905341712816,19.27544063108445],[-99.04013799839367,19.272457232286087],[-99.03783707407182,19.27126246274829]]]},"properties":{"_id":187,"id":186,"g_pnt_2":"19.2827345963,-99.0524334556","geo_shp":"{\"type\": \"Polygon\", \"coordinates\": [[[-99.03776194765192, 19.271500716948808], [-99.03783707407182, 19.27126246274829], [-99.03842438455389, 19.271443820980778], [-99.04013799839369, 19.272457232286087], [-99.04905341712816, 19.27544063108445], [-99.0501","deleg":"TLAHUAC","zona":"ORIENTE","sctr_18":"ZAPOTITLA","cv_sctr":4,"zp":8,"are_km2":3.749309638575959,"x":-99.053364,"y":19.284029,"fech_cr":"2018-08-17T00:00:00","anio":2018,"mes":8,"dia":17}},
{"type":"Feature","geometry":{"type":"Polygon","coordinates":[[[-99.00180075342044,19.203792686352003],[-99.00314787407709,19.205250309368505],[-99.00475687388042,19.20553460868022],[-99.00563619925146,19.20443258610073],[-99.00730129550092,19.20414810293592],[-99.01309804228856,19.20513056751047],[-99.01860626287258,19.205483204032703],[-99.0228302527672,19.20634955663061],[-99.03032201331888,19.206958984100694],[-99.0369509848942,19.206188999680805],[-99.03510016457102,19.200341084272612],[-99.03481611108424,19.195768834977027],[-99.03318274424936,19.1947140460992],[-99.03299161774608,19.19171419958872],[-99.02915838428176,19.19067864613344],[-99.02351204887718,19.19035047471381],[-99.02373027671312,19.18852848259215],[-99.01892038561148,19.18809377307105],[-99.01709038090333,19.189640439566045],[-99.01144515416271,19.187984670731055],[-99.01040341424051,19.1893574195712],[-99.0099932019744,19.18993008806312],[-99.01187692201236,19.19235151828462],[-99.0099122683858,19.196498252766464],[-99.0090191926938,19.198831719528556],[-99.0063698008787,19.201432232025887],[-99.00180075342044,19.203792686352003]]]},"properties":{"_id":188,"id":187,"g_pnt_2":"19.1983137713,-99.0215041422","geo_shp":"{\"type\": \"Polygon\", \"coordinates\": [[[-99.00180075342045, 19.203792686352003], [-99.00201735376844, 19.203485212876487], [-99.00240879410565, 19.20304614429245], [-99.00282734537889, 19.202725471655256], [-99.00306554358244, 19.202823891163725], [-99.003","deleg":"MILPA ALTA","zona":"ORIENTE","sctr_18":"MILPA ALTA","cv_sctr":1,"zp":1,"are_km2":5.054795695094487,"x":-99.019375,"y":19.197472,"fech_cr":"2018-08-17T00:00:00","anio":2018,"mes":8,"dia":17}},
{"type":"Feature","geometry":{"type":"Polygon","coordinates":[[[-99.00967554395434,19.1971167331095],[-99.00739512491008,19.196392717765228],[-99.00865150638924,19.194586064422463],[-99.00934139267603,19.192346784431425],[-99.00536409247682,19.191374549051147],[-99.005123099782,19.19269825647858],[-98.99918396154422,19.192480149713905],[-98.99702938096831,19.192868127339885],[-98.99627544046906,19.193487937229463],[-98.99757968688954,19.197134957915942],[-98.999307304612,19.19921433607735],[-98.9980538377448,19.200366034118694],[-98.9962585694339,19.203437194259127],[-99.0002388666864,19.205788546331977],[-98.99862938114796,19.207361687256704],[-98.99897146218728,19.20782813813607],[-99.00123818796988,19.20585253101031],[-99.00180075342044,19.203792686352003],[-99.0063698008787,19.201432232025887],[-99.0090191926938,19.198831719528556],[-99.00967554395434,19.1971167331095]]]},"properties":{"_id":189,"id":188,"g_pnt_2":"19.1978734596,-99.0025599001","geo_shp":"{\"type\": \"Polygon\", \"coordinates\": [[[-99.00967554395434, 19.1971167331095], [-99.00901919269381, 19.198831719528556], [-99.008486331098, 19.199293584678394], [-99.00793264453146, 19.199970371810892], [-99.00754559018937, 19.20015313566217], [-99.0071884","deleg":"MILPA ALTA","zona":"ORIENTE","sctr_18":"TECOMITL","cv_sctr":2,"zp":3,"are_km2":1.403176792679122,"x":-99.00276,"y":19.199431,"fech_cr":"2018-08-17T00:00:00","anio":2018,"mes":8,"dia":17}},
{"type":"Feature","geometry":{"type":"Polygon","coordinates":[[[-99.12197803284984,19.459042983481755],[-99.11682498027922,19.457277250121255],[-99.11411436092028,19.45511435965827],[-99.11243088328632,19.4618684605248],[-99.1112423745174,19.464895732424743],[-99.11676368649252,19.46681484503992],[-99.12197803284984,19.459042983481755]]]},"properties":{"_id":190,"id":189,"g_pnt_2":"19.4613644132,-99.1160963221","geo_shp":"{\"type\": \"Polygon\", \"coordinates\": [[[-99.12197803284984, 19.459042983481755], [-99.11994622079621, 19.462044939804684], [-99.11875812929286, 19.463754024252243], [-99.1178610666191, 19.46516900642171], [-99.11676368649253, 19.46681484503992], [-99.11469","deleg":"GUSTAVO A MADERO","zona":"NORTE","sctr_18":"CUCHILLA","cv_sctr":2,"zp":3,"are_km2":0.767456947313521,"x":-99.116219,"y":19.46093,"fech_cr":"2018-08-17T00:00:00","anio":2018,"mes":8,"dia":17}},
{"type":"Feature","geometry":{"type":"Polygon","coordinates":[[[-99.10714243117732,19.41809446226655],[-99.11172820358988,19.41923361599473],[-99.11240298503232,19.41302635881296],[-99.1126127473552,19.41098957586191],[-99.106700968685,19.410832995211933],[-99.10188851251276,19.416754930748688],[-99.10714243117732,19.41809446226655]]]},"properties":{"_id":191,"id":190,"g_pnt_2":"19.4148234031,-99.1082455517","geo_shp":"{\"type\": \"Polygon\", \"coordinates\": [[[-99.10714243117731, 19.41809446226655], [-99.10188851251277, 19.416754930748688], [-99.1038858884424, 19.414327439711517], [-99.10670096868499, 19.410832995211933], [-99.11261274735519, 19.41098957586191], [-99.11240","deleg":"VENUSTIANO CARRANZA","zona":"NORTE","sctr_18":"MERCED-BALBUENA","cv_sctr":3,"zp":9,"are_km2":0.694761846163384,"x":-99.108251,"y":19.414463,"fech_cr":"2018-08-17T00:00:00","anio":2018,"mes":8,"dia":17}},
{"type":"Feature","geometry":{"type":"Polygon","coordinates":[[[-99.0854773333083,19.413167279921684],[-99.08391947069468,19.41226622072693],[-99.08089716123544,19.410510293488187],[-99.07940865407588,19.41444417416792],[-99.07793053602316,19.416742929827095],[-99.07790981683522,19.417038020758273],[-99.0821063159022,19.420756645114704],[-99.08334364793907,19.4166508724557],[-99.0854773333083,19.413167279921684]]]},"properties":{"_id":192,"id":191,"g_pnt_2":"19.4154877455,-99.0816966543","geo_shp":"{\"type\": \"Polygon\", \"coordinates\": [[[-99.0854773333083, 19.413167279921684], [-99.08408785237428, 19.41538488510671], [-99.08513030209677, 19.4160131547732], [-99.08435502349784, 19.417225295830484], [-99.08334364793909, 19.4166508724557], [-99.08272791","deleg":"VENUSTIANO CARRANZA","zona":"NORTE","sctr_18":"ARENAL","cv_sctr":2,"zp":6,"are_km2":0.478175775846365,"x":-99.081703,"y":19.415702,"fech_cr":"2018-08-17T00:00:00","anio":2018,"mes":8,"dia":17}},
{"type":"Feature","geometry":{"type":"Polygon","coordinates":[[[-99.0761841595806,19.48988070362206],[-99.07342796636162,19.48937103361575],[-99.06732921079058,19.487674684625343],[-99.0677070173847,19.488533121916593],[-99.06327107831454,19.498345015798176],[-99.06904411926229,19.500808738991708],[-99.06959156956084,19.49914614350789],[-99.0761841595806,19.48988070362206]]]},"properties":{"_id":193,"id":192,"g_pnt_2":"19.4940056401,-99.0691918122","geo_shp":"{\"type\": \"Polygon\", \"coordinates\": [[[-99.0761841595806, 19.48988070362206], [-99.0704266497018, 19.498002286164194], [-99.06959156956083, 19.49914614350789], [-99.06978945339591, 19.49925036183499], [-99.0697016210491, 19.49954927086864], [-99.069044119","deleg":"GUSTAVO A MADERO","zona":"NORTE","sctr_18":"PRADERA","cv_sctr":3,"zp":6,"are_km2":0.981397587248434,"x":-99.069978,"y":19.494216,"fech_cr":"2018-08-17T00:00:00","anio":2018,"mes":8,"dia":17}},
{"type":"Feature","geometry":{"type":"Polygon","coordinates":[[[-99.12753139664936,19.350388222481985],[-99.12849337433522,19.350582220481147],[-99.13369650899875,19.355392633636967],[-99.13386068832271,19.355896098338533],[-99.13587419327754,19.34807764490976],[-99.12976354707644,19.34835820431964],[-99.12983890568655,19.34564916246258],[-99.12765193292084,19.345488750482772],[-99.12753139664936,19.350388222481985]]]},"properties":{"_id":194,"id":193,"g_pnt_2":"19.3502224426,-99.1316152016","geo_shp":"{\"type\": \"Polygon\", \"coordinates\": [[[-99.12753139664936, 19.350388222481985], [-99.12765193292083, 19.345488750482772], [-99.12983890568655, 19.34564916246258], [-99.12976354707645, 19.34835820431964], [-99.13249362700365, 19.348856752170402], [-99.1325","deleg":"COYOACAN","zona":"SUR","sctr_18":"TAXQUEA","cv_sctr":3,"zp":3,"are_km2":0.476281089427288,"x":-99.130693,"y":19.350698,"fech_cr":"2018-08-17T00:00:00","anio":2018,"mes":8,"dia":17}},
{"type":"Feature","geometry":{"type":"Polygon","coordinates":[[[-99.18416387787234,19.4972684272143],[-99.18433254414192,19.495913696362],[-99.17781374724343,19.49349198680093],[-99.17295077698064,19.49197656790393],[-99.17230858458522,19.49413066734942],[-99.17429968663052,19.499478766081612],[-99.17589842422566,19.50372625778363],[-99.17674494853092,19.505978963314643],[-99.18205907130483,19.5071639484483],[-99.18416387787234,19.4972684272143]]]},"properties":{"_id":195,"id":194,"g_pnt_2":"19.4992423425,-99.1785787573","geo_shp":"{\"type\": \"Polygon\", \"coordinates\": [[[-99.18416387787234, 19.4972684272143], [-99.18288190836302, 19.503088418833958], [-99.18282119754618, 19.5031691861109], [-99.18205907130483, 19.5071639484483], [-99.17724298081343, 19.50587707408317], [-99.176744948","deleg":"AZCAPOTZALCO","zona":"PONIENTE","sctr_18":"HORMIGA","cv_sctr":3,"zp":7,"are_km2":1.313056109888614,"x":-99.1785,"y":19.499569,"fech_cr":"2018-08-17T00:00:00","anio":2018,"mes":8,"dia":17}},
{"type":"Feature","geometry":{"type":"Polygon","coordinates":[[[-99.18937587200568,19.484912407654537],[-99.18840133793115,19.483587331814043],[-99.18811635429472,19.48030768852087],[-99.18838600874986,19.47832301359767],[-99.18438113182724,19.47695946733604],[-99.18384426104764,19.47844851285604],[-99.18309084331464,19.481168792717483],[-99.1811530859692,19.481861036021105],[-99.18280146196838,19.48236368025704],[-99.18553694644255,19.482825252703467],[-99.18599323191876,19.48478432513731],[-99.18936009045188,19.48543570316712],[-99.18937587200568,19.484912407654537]]]},"properties":{"_id":196,"id":195,"g_pnt_2":"19.4810654675,-99.1858176896","geo_shp":"{\"type\": \"Polygon\", \"coordinates\": [[[-99.18937587200568, 19.484912407654534], [-99.18936009045187, 19.48543570316712], [-99.18831105998869, 19.485201999238285], [-99.18599323191877, 19.48478432513731], [-99.18620937318462, 19.48388883480044], [-99.18534","deleg":"AZCAPOTZALCO","zona":"PONIENTE","sctr_18":"CLAVERIA","cv_sctr":1,"zp":11,"are_km2":0.389831954880968,"x":-99.185322,"y":19.481199,"fech_cr":"2018-08-17T00:00:00","anio":2018,"mes":8,"dia":17}},
{"type":"Feature","geometry":{"type":"Polygon","coordinates":[[[-99.16627615926645,19.29855463396127],[-99.16628164651196,19.296825511146928],[-99.16463114671689,19.29684698036041],[-99.16397235549944,19.294982616207555],[-99.1628206684096,19.294482679534102],[-99.1601412568758,19.295822738964223],[-99.15638259541322,19.296208839378178],[-99.15868974888602,19.298964653459603],[-99.16070204348394,19.300295250379538],[-99.16485587898192,19.3011354087634],[-99.16626070606608,19.301348150505795],[-99.16627615926645,19.29855463396127]]]},"properties":{"_id":197,"id":196,"g_pnt_2":"19.2980313123,-99.1620581014","geo_shp":"{\"type\": \"Polygon\", \"coordinates\": [[[-99.16627615926645, 19.298554633961274], [-99.16625424506447, 19.30088831172507], [-99.16626070606608, 19.301348150505795], [-99.16551341196103, 19.301240375633082], [-99.16507226540061, 19.301171274164464], [-99.164","deleg":"TLALPAN","zona":"SUR","sctr_18":"HUIPULCO-HOSPITALES","cv_sctr":5,"zp":3,"are_km2":0.457519224808455,"x":-99.161519,"y":19.297763,"fech_cr":"2018-08-17T00:00:00","anio":2018,"mes":8,"dia":17}},
{"type":"Feature","geometry":{"type":"Polygon","coordinates":[[[-99.2085877647702,19.29956609106583],[-99.20905035338173,19.298746103546215],[-99.21207647986328,19.297292225506418],[-99.20855706656847,19.296897350264373],[-99.20618003616396,19.297048179648023],[-99.2049365483616,19.29639379559852],[-99.19625076352644,19.29627265064484],[-99.19766415517496,19.29735846614983],[-99.19739776491068,19.29888316314737],[-99.1989707682116,19.29993707260983],[-99.19761432999115,19.30231512975927],[-99.20340187081572,19.304637545400876],[-99.2073426776111,19.301971657513157],[-99.20826815796156,19.300629754463095],[-99.2085877647702,19.29956609106583]]]},"properties":{"_id":198,"id":197,"g_pnt_2":"19.2997049177,-99.2028189789","geo_shp":"{\"type\": \"Polygon\", \"coordinates\": [[[-99.2102760183719, 19.2980139889199], [-99.20985098895817, 19.298200927999265], [-99.20939236651658, 19.29846807002112], [-99.20905035338173, 19.298746103546215], [-99.20877991403363, 19.299173088123062], [-99.208587","deleg":"TLALPAN","zona":"SUR","sctr_18":"FUENTE","cv_sctr":4,"zp":1,"are_km2":0.905736576389993,"x":-99.203282,"y":19.299748,"fech_cr":"2018-08-17T00:00:00","anio":2018,"mes":8,"dia":17}},
{"type":"Feature","geometry":{"type":"Polygon","coordinates":[[[-99.065882164306,19.390025150434425],[-99.05940373012425,19.388957943307336],[-99.05855075286684,19.394378799065883],[-99.06473984895776,19.39538413966697],[-99.065882164306,19.390025150434425]]]},"properties":{"_id":199,"id":198,"g_pnt_2":"19.3921615161,-99.0621475132","geo_shp":"{\"type\": \"Polygon\", \"coordinates\": [[[-99.065882164306, 19.390025150434422], [-99.06473984895776, 19.39538413966697], [-99.0607450426361, 19.394706782531017], [-99.05855075286684, 19.394378799065883], [-99.05933303190129, 19.38938816402196], [-99.0594037","deleg":"IZTACALCO","zona":"NORTE","sctr_18":"PANTITLAN","cv_sctr":2,"zp":13,"are_km2":0.408834956382865,"x":-99.061811,"y":19.391966,"fech_cr":"2018-08-17T00:00:00","anio":2018,"mes":8,"dia":17}},
{"type":"Feature","geometry":{"type":"Polygon","coordinates":[[[-99.09997197931357,19.489531756774852],[-99.09329892457538,19.4883634047544],[-99.09213845942884,19.49105767319666],[-99.08964213914976,19.496920387934345],[-99.09332681345116,19.498118273868357],[-99.09371823851988,19.501328967405534],[-99.09426829038917,19.499983699032565],[-99.09848578503028,19.493767255174443],[-99.09997197931357,19.489531756774852]]]},"properties":{"_id":200,"id":199,"g_pnt_2":"19.4936016845,-99.0947368379","geo_shp":"{\"type\": \"Polygon\", \"coordinates\": [[[-99.09997197931357, 19.489531756774852], [-99.09990525636873, 19.489812864745925], [-99.09982284451277, 19.489995018989845], [-99.09972151898826, 19.49025852252276], [-99.09951871392818, 19.490846985546742], [-99.098","deleg":"GUSTAVO A MADERO","zona":"NORTE","sctr_18":"QUIROGA","cv_sctr":4,"zp":4,"are_km2":0.778654635261916,"x":-99.094435,"y":19.494458,"fech_cr":"2018-08-17T00:00:00","anio":2018,"mes":8,"dia":17}},
{"type":"Feature","geometry":{"type":"Polygon","coordinates":[[[-99.0458389974174,19.2993159905065],[-99.04150534533863,19.304540455313163],[-99.0440362793518,19.30653984830062],[-99.04500997921215,19.312601927289737],[-99.0463607440801,19.31099511223739],[-99.04819580385296,19.31168169375306],[-99.04930338775809,19.310287310265497],[-99.05077951354362,19.311342073881885],[-99.05244581704792,19.309317125233804],[-99.05396108996165,19.310412522252005],[-99.05949542814508,19.30379961625612],[-99.04814808651098,19.299551013078975],[-99.0458389974174,19.2993159905065]]]},"properties":{"_id":212,"id":211,"g_pnt_2":"19.3054223083,-99.0498029255","geo_shp":"{\"type\": \"Polygon\", \"coordinates\": [[[-99.04150534533865, 19.304540455313163], [-99.04583899741739, 19.2993159905065], [-99.04814808651098, 19.299551013078975], [-99.04888816640118, 19.299681413428054], [-99.0502470215543, 19.30010401615921], [-99.053751","deleg":"TLAHUAC","zona":"ORIENTE","sctr_18":"ZAPOTITLA","cv_sctr":4,"zp":1,"are_km2":1.567328021001347,"x":-99.050501,"y":19.305958,"fech_cr":"2018-08-17T00:00:00","anio":2018,"mes":8,"dia":17}},
{"type":"Feature","geometry":{"type":"Polygon","coordinates":[[[-99.26376603767204,19.35527185428626],[-99.26437934874198,19.35405557132665],[-99.26346295976002,19.35235780591277],[-99.2603554179601,19.352409360757168],[-99.25873471935404,19.349450004264977],[-99.25658929866852,19.350638247568927],[-99.25532324747311,19.3496393681436],[-99.25310854466794,19.35012507398396],[-99.24849935063288,19.35248701646424],[-99.246917684166,19.35387754493193],[-99.24650530345656,19.35589686303283],[-99.24238141645998,19.36081359454816],[-99.23920601907145,19.362180955399435],[-99.23724325077856,19.362611641012737],[-99.23358688227891,19.362481796784063],[-99.23394732511454,19.36638346641562],[-99.23556623524416,19.36669760892208],[-99.23481754486107,19.369709405828537],[-99.23398817618752,19.37078867499399],[-99.23455843639393,19.372232440950683],[-99.23829446207986,19.36916750371619],[-99.24438439701652,19.36624295473353],[-99.24802172121068,19.363857407731835],[-99.24729863629958,19.362724698626828],[-99.25187110004453,19.35987028075407],[-99.25195656902488,19.362946876410973],[-99.25344146319888,19.362432376368375],[-99.25483002524771,19.359490194367567],[-99.25730732518808,19.357283041325385],[-99.25978001680122,19.35641706039166],[-99.26376603767204,19.35527185428626]]]},"properties":{"_id":213,"id":212,"g_pnt_2":"19.3591203755,-99.2484630743","geo_shp":"{\"type\": \"Polygon\", \"coordinates\": [[[-99.26376603767204, 19.35527185428626], [-99.2629441001411, 19.355357455188216], [-99.25966934520534, 19.355915172353956], [-99.25978001680122, 19.35641706039166], [-99.25846078319125, 19.356815512995038], [-99.25730","deleg":"ALVARO OBREGON","zona":"PONIENTE","sctr_18":"SANTA FE","cv_sctr":5,"zp":5,"are_km2":2.676777041413597,"x":-99.25024,"y":19.36015,"fech_cr":"2018-08-17T00:00:00","anio":2018,"mes":8,"dia":17}},
{"type":"Feature","geometry":{"type":"Polygon","coordinates":[[[-99.11975108505008,19.34971684361755],[-99.11914020352482,19.348788430074254],[-99.11502268145396,19.342333117241953],[-99.11378778229592,19.338251335577777],[-99.1126066138023,19.338021514710945],[-99.11189995827584,19.342839822791397],[-99.110579969086,19.349144493607906],[-99.11975108505008,19.34971684361755]]]},"properties":{"_id":201,"id":200,"g_pnt_2":"19.3455178956,-99.1143085299","geo_shp":"{\"type\": \"Polygon\", \"coordinates\": [[[-99.11975108505007, 19.34971684361755], [-99.11722188917867, 19.34957063032002], [-99.11356984194555, 19.34937601011717], [-99.110579969086, 19.349144493607906], [-99.11172956633757, 19.344001465609487], [-99.1118999","deleg":"IZTAPALAPA","zona":"ORIENTE","sctr_18":"GRANJAS","cv_sctr":5,"zp":8,"are_km2":0.595540082293601,"x":-99.116044,"y":19.346111,"fech_cr":"2018-08-17T00:00:00","anio":2018,"mes":8,"dia":17}},
{"type":"Feature","geometry":{"type":"Polygon","coordinates":[[[-99.23278451713784,19.32731972131998],[-99.23215764719949,19.325504560601715],[-99.2302169148994,19.32668880039516],[-99.22436553370623,19.327118338667848],[-99.2235601897064,19.32622856440921],[-99.21982462995652,19.326777360826068],[-99.21827151765336,19.32744729915719],[-99.21974617356967,19.33075398712914],[-99.218549473218,19.331654141955298],[-99.21946958845304,19.333368586895077],[-99.2244320256977,19.33203001614222],[-99.2296237865961,19.32971955211513],[-99.23278451713784,19.32731972131998]]]},"properties":{"_id":202,"id":201,"g_pnt_2":"19.3291735459,-99.2245196756","geo_shp":"{\"type\": \"Polygon\", \"coordinates\": [[[-99.23278451713784, 19.32731972131998], [-99.23168333032874, 19.328374747289008], [-99.23125917055786, 19.328811629372673], [-99.23064010430667, 19.32936109661908], [-99.23020857050679, 19.329566709013605], [-99.2296","deleg":"MAGDALENA CONTRERAS","zona":"SUR","sctr_18":"SAN JERONIMO","cv_sctr":2,"zp":3,"are_km2":0.715404791259211,"x":-99.225478,"y":19.329408,"fech_cr":"2018-08-17T00:00:00","anio":2018,"mes":8,"dia":17}},
{"type":"Feature","geometry":{"type":"Polygon","coordinates":[[[-99.11108890323048,19.314976189081086],[-99.11330116563632,19.31998585196208],[-99.1138520739369,19.321529078864224],[-99.11330138385716,19.327760727557752],[-99.12027485674724,19.32828660020783],[-99.12011746008083,19.326808207737027],[-99.11868393337734,19.324118045725204],[-99.11947812049269,19.3158168288592],[-99.11108890323048,19.314976189081086]]]},"properties":{"_id":203,"id":202,"g_pnt_2":"19.321517152,-99.1161323951","geo_shp":"{\"type\": \"Polygon\", \"coordinates\": [[[-99.11187421320544, 19.316632795221295], [-99.11108890323047, 19.314976189081086], [-99.11208435142773, 19.315029626480563], [-99.11408468452908, 19.31528948952531], [-99.11419925808161, 19.31537392154796], [-99.1194","deleg":"COYOACAN","zona":"SUR","sctr_18":"CULHUACAN","cv_sctr":2,"zp":2,"are_km2":0.89536258072564,"x":-99.116138,"y":19.32233,"fech_cr":"2018-08-17T00:00:00","anio":2018,"mes":8,"dia":17}},
{"type":"Feature","geometry":{"type":"Polygon","coordinates":[[[-99.15945768500862,19.318029632570106],[-99.1577232439265,19.314025670905902],[-99.15436425906306,19.31574346960251],[-99.15252419573469,19.31654721386353],[-99.14932352417114,19.317132620172497],[-99.14626130073152,19.317037944421752],[-99.14540824057042,19.31946383428628],[-99.14341496925375,19.32162861351884],[-99.14302916785968,19.323843090440224],[-99.14580005827482,19.324403138574585],[-99.14718148788054,19.323380123626297],[-99.1499870807376,19.319398488939488],[-99.1572506432041,19.31822667480774],[-99.15945768500862,19.318029632570106]]]},"properties":{"_id":204,"id":203,"g_pnt_2":"19.3190201518,-99.1503896185","geo_shp":"{\"type\": \"Polygon\", \"coordinates\": [[[-99.15945768500862, 19.318029632570106], [-99.1572506432041, 19.31822667480774], [-99.15322419626595, 19.318854523845932], [-99.14998708073759, 19.319398488939488], [-99.1488848921422, 19.321036953459064], [-99.14743","deleg":"COYOACAN","zona":"SUR","sctr_18":"XOTEPINGO","cv_sctr":5,"zp":8,"are_km2":0.665557828962926,"x":-99.151834,"y":19.318979,"fech_cr":"2018-08-17T00:00:00","anio":2018,"mes":8,"dia":17}},
{"type":"Feature","geometry":{"type":"Polygon","coordinates":[[[-99.15360650261276,19.30510496514345],[-99.15117574984276,19.30488638117477],[-99.14849143409808,19.303827543390952],[-99.14800493511784,19.30698955200474],[-99.14673954456872,19.310208220819646],[-99.14559328473284,19.30988007171445],[-99.14470241566796,19.312362747739684],[-99.14475300371652,19.313925347169477],[-99.14626130073152,19.317037944421752],[-99.14932352417114,19.317132620172497],[-99.15360650261276,19.30510496514345]]]},"properties":{"_id":205,"id":204,"g_pnt_2":"19.3107543177,-99.1488277014","geo_shp":"{\"type\": \"Polygon\", \"coordinates\": [[[-99.15360650261277, 19.305104965143446], [-99.15142630385412, 19.31122467178563], [-99.14988052551605, 19.315601518565234], [-99.14932352417114, 19.317132620172494], [-99.14865852531379, 19.31714708151561], [-99.1477","deleg":"COYOACAN","zona":"SUR","sctr_18":"XOTEPINGO","cv_sctr":5,"zp":9,"are_km2":0.783340723783104,"x":-99.148732,"y":19.310131,"fech_cr":"2018-08-17T00:00:00","anio":2018,"mes":8,"dia":17}},
{"type":"Feature","geometry":{"type":"Polygon","coordinates":[[[-99.19041315413034,19.38410290783817],[-99.19346949687028,19.38386641885954],[-99.1992255140935,19.38190299433635],[-99.19939599217756,19.38183900115903],[-99.20153143840382,19.37581670261096],[-99.20243570757866,19.37404647102606],[-99.19163082124878,19.37249680882777],[-99.19110191818974,19.377209464018957],[-99.19121098991178,19.38213799016457],[-99.19041315413034,19.38410290783817]]]},"properties":{"_id":268,"id":267,"g_pnt_2":"19.3779695096,-99.1956678559","geo_shp":"{\"type\": \"Polygon\", \"coordinates\": [[[-99.19041315413034, 19.384102907838166], [-99.19121098991178, 19.38213799016457], [-99.19125398614827, 19.37956797376849], [-99.19110191818974, 19.377209464018957], [-99.19129505074514, 19.375588522708583], [-99.1915","deleg":"ALVARO OBREGON","zona":"PONIENTE","sctr_18":"PLATEROS","cv_sctr":2,"zp":7,"are_km2":1.098018415672744,"x":-99.197139,"y":19.375886,"fech_cr":"2018-08-17T00:00:00","anio":2018,"mes":8,"dia":17}},
{"type":"Feature","geometry":{"type":"Polygon","coordinates":[[[-99.18876479195438,19.36234272588641],[-99.1908794498153,19.3629614150818],[-99.19148234630865,19.360246472366644],[-99.19454784605507,19.357428864836717],[-99.1979558229934,19.35587729515587],[-99.19975728667166,19.353224643299757],[-99.20095248204102,19.348471904933472],[-99.19771975807951,19.348029157073473],[-99.1971600526138,19.34877004722918],[-99.19086257744746,19.34747359750869],[-99.19021573286868,19.348056396869076],[-99.19024976950227,19.349493276478995],[-99.18876479195438,19.36234272588641]]]},"properties":{"_id":206,"id":205,"g_pnt_2":"19.3535270254,-99.1940214608","geo_shp":"{\"type\": \"Polygon\", \"coordinates\": [[[-99.18876479195438, 19.36234272588641], [-99.18926413245804, 19.358147964059963], [-99.18984128717102, 19.353255221729334], [-99.19015499344007, 19.350525940588096], [-99.19024976950227, 19.349493276478995], [-99.190","deleg":"ALVARO OBREGON","zona":"PONIENTE","sctr_18":"SAN ANGEL","cv_sctr":4,"zp":1,"are_km2":1.202788049090959,"x":-99.194859,"y":19.355213,"fech_cr":"2018-08-17T00:00:00","anio":2018,"mes":8,"dia":17}},
{"type":"Feature","geometry":{"type":"Polygon","coordinates":[[[-99.18609722680485,19.349724323474145],[-99.19021573286868,19.348056396869076],[-99.19086257744746,19.34747359750869],[-99.1971600526138,19.34877004722918],[-99.19771975807951,19.348029157073473],[-99.20095248204102,19.348471904933472],[-99.20169023501536,19.346277894714692],[-99.20236259749326,19.340791403115094],[-99.19908263352256,19.340447332475875],[-99.19446982210388,19.341319668518313],[-99.1929070073183,19.340906314797493],[-99.19120432092484,19.34259961956677],[-99.18889405675048,19.341955918259178],[-99.18609722680485,19.349724323474145]]]},"properties":{"_id":207,"id":206,"g_pnt_2":"19.3447993929,-99.195022059","geo_shp":"{\"type\": \"Polygon\", \"coordinates\": [[[-99.18609722680485, 19.349724323474145], [-99.18889405675047, 19.341955918259178], [-99.19036600152243, 19.34159287546601], [-99.1901474970177, 19.34240948602316], [-99.19120432092483, 19.34259961956677], [-99.191385","deleg":"ALVARO OBREGON","zona":"PONIENTE","sctr_18":"SAN ANGEL","cv_sctr":4,"zp":5,"are_km2":1.170822821321639,"x":-99.19423,"y":19.345084,"fech_cr":"2018-08-17T00:00:00","anio":2018,"mes":8,"dia":17}},
{"type":"Feature","geometry":{"type":"Polygon","coordinates":[[[-99.12575729719892,19.422180591984706],[-99.1248332046432,19.428487205598188],[-99.12808785402876,19.42862005234232],[-99.12895782638677,19.422571849670792],[-99.12575729719892,19.422180591984706]]]},"properties":{"_id":208,"id":207,"g_pnt_2":"19.4254241601,-99.1269032988","geo_shp":"{\"type\": \"Polygon\", \"coordinates\": [[[-99.12497286073558, 19.427627713357158], [-99.12522646451148, 19.4256794592172], [-99.12536784626762, 19.42484011934344], [-99.12575729719893, 19.422180591984702], [-99.12895782638677, 19.422571849670792], [-99.12855","deleg":"CUAUHTEMOC","zona":"CENTRO","sctr_18":"CENTRO","cv_sctr":2,"zp":9,"are_km2":0.232183182039241,"x":-99.126965,"y":19.424994,"fech_cr":"2018-08-17T00:00:00","anio":2018,"mes":8,"dia":17}},
{"type":"Feature","geometry":{"type":"Polygon","coordinates":[[[-99.10864496441005,19.3342668113875],[-99.1100514700686,19.332261200202844],[-99.10895285853964,19.32997547372814],[-99.10484302813772,19.32495430185764],[-99.10070912603813,19.322340091154892],[-99.09863439501468,19.319724774026852],[-99.09718912293516,19.32174920978314],[-99.09771493713907,19.32199810171718],[-99.09844272027397,19.324410990363425],[-99.10006799515864,19.32563897857278],[-99.10521343921164,19.327929429306717],[-99.10649955132357,19.328193671512892],[-99.10864496441005,19.3342668113875]]]},"properties":{"_id":209,"id":208,"g_pnt_2":"19.3261561145,-99.103390854","geo_shp":"{\"type\": \"Polygon\", \"coordinates\": [[[-99.10864496441003, 19.3342668113875], [-99.10829672379937, 19.33341357801047], [-99.10770339526759, 19.33176733028522], [-99.10705079124925, 19.33000868465841], [-99.10649955132355, 19.328193671512892], [-99.1061272","deleg":"IZTAPALAPA","zona":"ORIENTE","sctr_18":"ESTRELLA","cv_sctr":4,"zp":7,"are_km2":0.471027005244971,"x":-99.100375,"y":19.323367,"fech_cr":"2018-08-17T00:00:00","anio":2018,"mes":8,"dia":17}},
{"type":"Feature","geometry":{"type":"Polygon","coordinates":[[[-99.26696999869846,19.38253884503798],[-99.26384365976848,19.383985913620723],[-99.26221141482696,19.387914430693876],[-99.25991436509014,19.388790227255505],[-99.25853864720544,19.391819364443897],[-99.25892631043176,19.393722602923305],[-99.25532552826424,19.396468827227288],[-99.2547633770844,19.39869550869455],[-99.25529281807349,19.403646424158],[-99.25659923832494,19.40023710587374],[-99.25808084289112,19.40347248769147],[-99.25959536283372,19.400341575043925],[-99.26054519898037,19.39962922137529],[-99.2642862942324,19.398564332996077],[-99.26551110493358,19.3974731457367],[-99.26772069908398,19.392739309267245],[-99.26767206961,19.3918290144762],[-99.27254138044997,19.38853875095037],[-99.27538109643056,19.38460967558404],[-99.2754729154447,19.383147057141056],[-99.27208772213544,19.383741500150048],[-99.26901464705908,19.38374254617523],[-99.26696999869846,19.38253884503798]]]},"properties":{"_id":210,"id":209,"g_pnt_2":"19.3917479151,-99.2641279995","geo_shp":"{\"type\": \"Polygon\", \"coordinates\": [[[-99.26384365976848, 19.383985913620723], [-99.26466234016132, 19.383682051756832], [-99.26530689950334, 19.38341377767009], [-99.26599969248481, 19.383117323544894], [-99.26663671622053, 19.382785611148453], [-99.266","deleg":"CUAJIMALPA","zona":"PONIENTE","sctr_18":"EL YAQUI","cv_sctr":7,"zp":1,"are_km2":2.074761282694877,"x":-99.260707,"y":19.39177,"fech_cr":"2018-08-17T00:00:00","anio":2018,"mes":8,"dia":17}},
{"type":"Feature","geometry":{"type":"Polygon","coordinates":[[[-99.07882910061628,19.472534655976656],[-99.08847792709275,19.4743428882977],[-99.0912711398863,19.47582295831365],[-99.09475903291084,19.466645575677283],[-99.0905972824119,19.465010888845818],[-99.08599339006716,19.46437886667714],[-99.08048416820378,19.46309108588818],[-99.07882910061628,19.472534655976656]]]},"properties":{"_id":211,"id":210,"g_pnt_2":"19.4691784636,-99.0865119144","geo_shp":"{\"type\": \"Polygon\", \"coordinates\": [[[-99.07882910061628, 19.472534655976656], [-99.07996050427732, 19.46654687698438], [-99.08017706740489, 19.465177210499792], [-99.08048416820378, 19.46309108588818], [-99.08306677426796, 19.46369933211933], [-99.08599","deleg":"GUSTAVO A MADERO","zona":"NORTE","sctr_18":"ARAGON","cv_sctr":1,"zp":1,"are_km2":1.536713589622213,"x":-99.086794,"y":19.469352,"fech_cr":"2018-08-17T00:00:00","anio":2018,"mes":8,"dia":17}},
{"type":"Feature","geometry":{"type":"Polygon","coordinates":[[[-99.14416900983284,19.299583316680767],[-99.14653813746196,19.293115218222265],[-99.1493987454342,19.290522383609815],[-99.14700552719415,19.28849623297768],[-99.14647256830229,19.28980760072005],[-99.1396558733876,19.286803155555955],[-99.13930831112104,19.289409484831396],[-99.1381327504408,19.297303036924166],[-99.14232067463162,19.298926450809528],[-99.14416900983284,19.299583316680767]]]},"properties":{"_id":214,"id":213,"g_pnt_2":"19.2931006482,-99.1427312467","geo_shp":"{\"type\": \"Polygon\", \"coordinates\": [[[-99.14762140377428, 19.29178316195702], [-99.14711934973258, 19.29232357820007], [-99.14676266846601, 19.292801153654896], [-99.14653813746196, 19.293115218222262], [-99.14637986621173, 19.29355485541087], [-99.14478","deleg":"TLALPAN","zona":"SUR","sctr_18":"COAPA","cv_sctr":3,"zp":9,"are_km2":0.940087075074353,"x":-99.142428,"y":19.29329,"fech_cr":"2018-08-17T00:00:00","anio":2018,"mes":8,"dia":17}},
{"type":"Feature","geometry":{"type":"Polygon","coordinates":[[[-99.129350946108,19.45193606089454],[-99.1293619255647,19.452205918426746],[-99.13012598318991,19.45230894373807],[-99.13058102339308,19.45234295989457],[-99.13452698482486,19.44753392344295],[-99.1322798158094,19.44684193315558],[-99.13001401844636,19.446540356592916],[-99.129350946108,19.45193606089454]]]},"properties":{"_id":215,"id":214,"g_pnt_2":"19.4490645607,-99.1313565881","geo_shp":"{\"type\": \"Polygon\", \"coordinates\": [[[-99.129350946108, 19.45193606089454], [-99.1296581133406, 19.44943646858924], [-99.13001401844636, 19.446540356592916], [-99.13227981580941, 19.44684193315558], [-99.13227988808481, 19.44693113512658], [-99.133849933","deleg":"CUAUHTEMOC","zona":"CENTRO","sctr_18":"MORELOS","cv_sctr":3,"zp":1,"are_km2":0.196336972476627,"x":-99.131939,"y":19.44944,"fech_cr":"2018-08-17T00:00:00","anio":2018,"mes":8,"dia":17}},
{"type":"Feature","geometry":{"type":"Polygon","coordinates":[[[-99.09542470819254,19.378291604026018],[-99.09534996488068,19.37896423405513],[-99.10080359858752,19.379609573340034],[-99.10087635527724,19.37961305774327],[-99.10181557457202,19.37283736949681],[-99.1036813113261,19.370432448673643],[-99.10227693006446,19.368398839488165],[-99.10102878176558,19.367969247854532],[-99.09835765272588,19.37357503645947],[-99.09765095217392,19.37415383459748],[-99.09542470819254,19.378291604026018]]]},"properties":{"_id":216,"id":215,"g_pnt_2":"19.3746154543,-99.0996810294","geo_shp":"{\"type\": \"Polygon\", \"coordinates\": [[[-99.09542470819254, 19.378291604026014], [-99.09679445468079, 19.37585800283625], [-99.09716961323629, 19.374999124090643], [-99.09765095217391, 19.37415383459748], [-99.09835765272588, 19.37357503645947], [-99.09921","deleg":"IZTAPALAPA","zona":"ORIENTE","sctr_18":"GRANJAS","cv_sctr":5,"zp":2,"are_km2":0.508714966944083,"x":-99.099414,"y":19.374935,"fech_cr":"2018-08-17T00:00:00","anio":2018,"mes":8,"dia":17}},
{"type":"Feature","geometry":{"type":"Polygon","coordinates":[[[-99.09955203368156,19.38811009864849],[-99.11222427320486,19.389373248327463],[-99.11176707612822,19.387591013182952],[-99.10903414230904,19.387259540366067],[-99.10340135004238,19.3858190477809],[-99.09999097003003,19.384998970111496],[-99.09955203368156,19.38811009864849]]]},"properties":{"_id":217,"id":216,"g_pnt_2":"19.3874780535,-99.1051227003","geo_shp":"{\"type\": \"Polygon\", \"coordinates\": [[[-99.10471774531393, 19.388653259008034], [-99.10279116364813, 19.388495655093507], [-99.10029170592507, 19.38825646547177], [-99.09955203368155, 19.388110098648486], [-99.09999097003003, 19.384998970111496], [-99.103","deleg":"IZTACALCO","zona":"NORTE","sctr_18":"TLACOTAL","cv_sctr":3,"zp":9,"are_km2":0.335502642777526,"x":-99.105735,"y":19.387691,"fech_cr":"2018-08-17T00:00:00","anio":2018,"mes":8,"dia":17}},
{"type":"Feature","geometry":{"type":"Polygon","coordinates":[[[-99.23186661764088,19.413772289408936],[-99.2313261928239,19.41209666807192],[-99.232275513797,19.40987986737116],[-99.23246807953636,19.406044295734752],[-99.23159888159697,19.40509708022968],[-99.2290126977327,19.404240239991783],[-99.22821297851144,19.404945011469437],[-99.2242609979278,19.40475200556546],[-99.2225000136797,19.405910995610768],[-99.22102601418398,19.404983989894372],[-99.219265015922,19.40735996543797],[-99.21779095370074,19.4081709737131],[-99.21557676121397,19.40814062646937],[-99.21615322453266,19.410696073909374],[-99.22131268844684,19.41349859687285],[-99.22288406430604,19.414182003881688],[-99.22651274579889,19.41329805803171],[-99.22925644174602,19.41336176638739],[-99.23186661764088,19.413772289408936]]]},"properties":{"_id":218,"id":217,"g_pnt_2":"19.4092880625,-99.2250702817","geo_shp":"{\"type\": \"Polygon\", \"coordinates\": [[[-99.2319050784991, 19.413288452945764], [-99.23190521996385, 19.413388228828694], [-99.23186661764088, 19.413772289408936], [-99.22925644174602, 19.41336176638739], [-99.22814144277902, 19.413271708623707], [-99.2273","deleg":"MIGUEL HIDALGO","zona":"PONIENTE","sctr_18":"CHAPULTEPEC","cv_sctr":2,"zp":9,"are_km2":1.402622073320313,"x":-99.223266,"y":19.408123,"fech_cr":"2018-08-17T00:00:00","anio":2018,"mes":8,"dia":17}},
{"type":"Feature","geometry":{"type":"Polygon","coordinates":[[[-99.15323126594946,19.462602520266664],[-99.1538295944208,19.45935983924751],[-99.14665080332789,19.457951843463302],[-99.14215256557078,19.46377858083125],[-99.14119094882788,19.465009992180445],[-99.14243299628576,19.46457593525571],[-99.14959605530544,19.462264022907934],[-99.15323126594946,19.462602520266664]]]},"properties":{"_id":269,"id":268,"g_pnt_2":"19.4610883401,-99.1480565726","geo_shp":"{\"type\": \"Polygon\", \"coordinates\": [[[-99.1538295944208, 19.45935983924751], [-99.15323126594946, 19.462602520266664], [-99.15135400337303, 19.46226599805128], [-99.15043508049474, 19.46218298370901], [-99.14959605530545, 19.462264022907938], [-99.148546","deleg":"CUAUHTEMOC","zona":"CENTRO","sctr_18":"TLATELOLCO","cv_sctr":5,"zp":2,"are_km2":0.466923255244467,"x":-99.146372,"y":19.460981,"fech_cr":"2018-08-17T00:00:00","anio":2018,"mes":8,"dia":17}},
{"type":"Feature","geometry":{"type":"Polygon","coordinates":[[[-99.21047799468424,19.449310352057456],[-99.21241670103576,19.450107292308708],[-99.21679625038972,19.45335620880484],[-99.21967500953816,19.452120008708693],[-99.22024068705764,19.44587854951045],[-99.21910606551886,19.44396466220972],[-99.21724189451687,19.443952985934793],[-99.2170219364279,19.444892262354937],[-99.2140935175,19.44675415640043],[-99.21186547325853,19.447390854630523],[-99.21047799468424,19.449310352057456]]]},"properties":{"_id":219,"id":218,"g_pnt_2":"19.4486008861,-99.2164931245","geo_shp":"{\"type\": \"Polygon\", \"coordinates\": [[[-99.21047799468425, 19.449310352057456], [-99.21081312278517, 19.44884678273998], [-99.21186547325851, 19.447390854630523], [-99.21212847629253, 19.447220639218788], [-99.21248646900081, 19.447130295498383], [-99.212","deleg":"MIGUEL HIDALGO","zona":"PONIENTE","sctr_18":"SOTELO","cv_sctr":3,"zp":1,"are_km2":0.630737576675485,"x":-99.21536,"y":19.448394,"fech_cr":"2018-08-17T00:00:00","anio":2018,"mes":8,"dia":17}},
{"type":"Feature","geometry":{"type":"Polygon","coordinates":[[[-99.17765963271265,19.404885056517266],[-99.17977735289251,19.398983510853476],[-99.17694809749256,19.39856503848415],[-99.17522285651064,19.39751408554068],[-99.17033241228712,19.39894506779378],[-99.16981900849176,19.39906800935082],[-99.16999106200984,19.399758963580133],[-99.17083701293689,19.402615989740436],[-99.17502518708596,19.404058944156088],[-99.17765963271265,19.404885056517266]]]},"properties":{"_id":220,"id":219,"g_pnt_2":"19.4009571272,-99.1748433319","geo_shp":"{\"type\": \"Polygon\", \"coordinates\": [[[-99.17765963271265, 19.404885056517262], [-99.17686932842075, 19.40464054366058], [-99.17502518708595, 19.404058944156088], [-99.17494296511333, 19.404032994683217], [-99.17083701293687, 19.402615989740436], [-99.169","deleg":"MIGUEL HIDALGO","zona":"PONIENTE","sctr_18":"TACUBAYA","cv_sctr":5,"zp":12,"are_km2":0.539230642010429,"x":-99.174801,"y":19.401205,"fech_cr":"2018-08-17T00:00:00","anio":2018,"mes":8,"dia":17}},
{"type":"Feature","geometry":{"type":"Polygon","coordinates":[[[-99.2125142917956,19.369774681198493],[-99.2079501765526,19.3709662468697],[-99.20788092208188,19.372071189729596],[-99.20316961704076,19.372288445213925],[-99.20243570757866,19.37404647102606],[-99.20153143840382,19.37581670261096],[-99.2051344931594,19.377027890515222],[-99.20718697622765,19.37655144540166],[-99.21202949867028,19.374621552666312],[-99.21436323399053,19.37407899464679],[-99.2125142917956,19.369774681198493]]]},"properties":{"_id":221,"id":220,"g_pnt_2":"19.3736663953,-99.207957679","geo_shp":"{\"type\": \"Polygon\", \"coordinates\": [[[-99.2125142917956, 19.369774681198493], [-99.2127904862898, 19.370693406219967], [-99.21344780341964, 19.372005006453634], [-99.21371973385718, 19.372494623039703], [-99.21419570637863, 19.3734023559252], [-99.214363","deleg":"ALVARO OBREGON","zona":"PONIENTE","sctr_18":"PLATEROS","cv_sctr":2,"zp":9,"are_km2":0.599708715286675,"x":-99.212566,"y":19.370357,"fech_cr":"2018-08-17T00:00:00","anio":2018,"mes":8,"dia":17}},
{"type":"Feature","geometry":{"type":"Polygon","coordinates":[[[-99.15153103720512,19.453351990823727],[-99.1509857072748,19.454487758961235],[-99.14826882039873,19.456356371714502],[-99.14665080332789,19.457951843463302],[-99.1538295944208,19.45935983924751],[-99.15323126594946,19.462602520266664],[-99.15823260494456,19.463172838791856],[-99.16081271622836,19.45989784777212],[-99.16242191194956,19.458653824018462],[-99.16314970454084,19.45559681060126],[-99.16330799369892,19.455067060424025],[-99.1573782222803,19.454149556742713],[-99.15153103720512,19.453351990823727]]]},"properties":{"_id":222,"id":221,"g_pnt_2":"19.4578294149,-99.1559285218","geo_shp":"{\"type\": \"Polygon\", \"coordinates\": [[[-99.14859864562985, 19.456450003201162], [-99.15026825777352, 19.45515569708671], [-99.15098570727481, 19.454487758961235], [-99.15124911558475, 19.454056532543163], [-99.15149057779819, 19.45359052899665], [-99.1515","deleg":"CUAUHTEMOC","zona":"CENTRO","sctr_18":"TLATELOLCO","cv_sctr":5,"zp":1,"are_km2":1.101735455836852,"x":-99.155956,"y":19.458323,"fech_cr":"2018-08-17T00:00:00","anio":2018,"mes":8,"dia":17}},
{"type":"Feature","geometry":{"type":"Polygon","coordinates":[[[-99.15888982026549,19.37867997758547],[-99.1617703565216,19.38793109785833],[-99.17289092884552,19.39046977924082],[-99.17452629662826,19.38546474482257],[-99.17122893015566,19.385401451424983],[-99.17242624740476,19.38075826428336],[-99.17587419970356,19.379604368410902],[-99.17045501161004,19.378288930594938],[-99.160114464326,19.37586879529724],[-99.15828618247636,19.3764235054731],[-99.15879427199688,19.37834918887606],[-99.15888982026549,19.37867997758547]]]},"properties":{"_id":270,"id":269,"g_pnt_2":"19.3829031881,-99.1664139469","geo_shp":"{\"type\": \"Polygon\", \"coordinates\": [[[-99.15888982026547, 19.37867997758547], [-99.15879427199688, 19.37834918887606], [-99.15828618247636, 19.3764235054731], [-99.1585959728304, 19.375557147635302], [-99.160114464326, 19.37586879529724], [-99.1681567116","deleg":"BENITO JUAREZ","zona":"SUR","sctr_18":"DEL VALLE","cv_sctr":2,"zp":7,"are_km2":1.783613269797109,"x":-99.166371,"y":19.384287,"fech_cr":"2018-08-17T00:00:00","anio":2018,"mes":8,"dia":17}},
{"type":"Feature","geometry":{"type":"Polygon","coordinates":[[[-99.15775908140655,19.44642246047159],[-99.1587933707902,19.44659101465949],[-99.1643726806351,19.447518643493183],[-99.16535359105768,19.442941882519737],[-99.1654353593215,19.442784190741612],[-99.16219502960824,19.44184105121291],[-99.15922203252096,19.440686950543483],[-99.15775908140655,19.44642246047159]]]},"properties":{"_id":223,"id":222,"g_pnt_2":"19.4443455016,-99.1615537412","geo_shp":"{\"type\": \"Polygon\", \"coordinates\": [[[-99.15775908140655, 19.44642246047159], [-99.15815216687649, 19.44456722360175], [-99.15910731822444, 19.44086545516832], [-99.15922203252096, 19.440686950543483], [-99.16219502960824, 19.44184105121291], [-99.164577","deleg":"CUAUHTEMOC","zona":"CENTRO","sctr_18":"BUENAVISTA","cv_sctr":2,"zp":4,"are_km2":0.414600820214488,"x":-99.161597,"y":19.444103,"fech_cr":"2018-08-17T00:00:00","anio":2018,"mes":8,"dia":17}},
{"type":"Feature","geometry":{"type":"Polygon","coordinates":[[[-99.13932648586456,19.443066584615387],[-99.14218520019767,19.443824617590177],[-99.14709907332836,19.444638972596746],[-99.14882985378938,19.437199720142846],[-99.1463823239834,19.436705089295643],[-99.14348004159405,19.43925865876599],[-99.13932648586456,19.443066584615387]]]},"properties":{"_id":224,"id":223,"g_pnt_2":"19.4410555017,-99.1449467707","geo_shp":"{\"type\": \"Polygon\", \"coordinates\": [[[-99.13932648586456, 19.443066584615387], [-99.14237951163908, 19.440292986184154], [-99.14348004159403, 19.43925865876599], [-99.1463823239834, 19.436705089295643], [-99.14882985378938, 19.437199720142846], [-99.1483","deleg":"CUAUHTEMOC","zona":"CENTRO","sctr_18":"BUENAVISTA","cv_sctr":2,"zp":7,"are_km2":0.477010971483957,"x":-99.144079,"y":19.440674,"fech_cr":"2018-08-17T00:00:00","anio":2018,"mes":8,"dia":17}},
{"type":"Feature","geometry":{"type":"Polygon","coordinates":[[[-99.1581464730705,19.32977413968655],[-99.15639121156524,19.33250073143367],[-99.15603475974127,19.33428464646202],[-99.16257877372836,19.334689514706795],[-99.1624000209129,19.335978825077184],[-99.16875366919784,19.336714514077592],[-99.17466908542332,19.33694193567856],[-99.17543320443032,19.33624375568383],[-99.1756686151098,19.3355067683785],[-99.17247472761632,19.335297430276967],[-99.17346303331723,19.331969048469055],[-99.17303244372754,19.32799355035],[-99.1728016738605,19.326083359190417],[-99.16800891058314,19.323323083363096],[-99.16652933669126,19.326286761275423],[-99.16532567865468,19.32999434899188],[-99.15922692914263,19.328143412470975],[-99.1581464730705,19.32977413968655]]]},"properties":{"_id":225,"id":224,"g_pnt_2":"19.3315315666,-99.1665535907","geo_shp":"{\"type\": \"Polygon\", \"coordinates\": [[[-99.15603475974127, 19.33428464646202], [-99.15608130504336, 19.333173409292957], [-99.15639121156524, 19.33250073143367], [-99.1581464730705, 19.32977413968655], [-99.15922692914265, 19.328143412470975], [-99.162434","deleg":"COYOACAN","zona":"SUR","sctr_18":"UNIVERSIDAD","cv_sctr":4,"zp":6,"are_km2":1.645124851168926,"x":-99.165847,"y":19.330138,"fech_cr":"2018-08-17T00:00:00","anio":2018,"mes":8,"dia":17}},
{"type":"Feature","geometry":{"type":"Polygon","coordinates":[[[-99.15096061938928,19.35088908223897],[-99.15272017357748,19.356971848651696],[-99.1586230863956,19.357219770137835],[-99.15690063119936,19.349639921804847],[-99.15574852066835,19.349879146393206],[-99.15096061938928,19.35088908223897]]]},"properties":{"_id":226,"id":225,"g_pnt_2":"19.3536229909,-99.1549002407","geo_shp":"{\"type\": \"Polygon\", \"coordinates\": [[[-99.15096061938927, 19.35088908223897], [-99.1528449264297, 19.35045161868853], [-99.15574852066837, 19.349879146393206], [-99.15690063119935, 19.349639921804847], [-99.15774591103924, 19.353203692336855], [-99.15862","deleg":"COYOACAN","zona":"SUR","sctr_18":"COYOACAN","cv_sctr":1,"zp":4,"are_km2":0.485122887006972,"x":-99.154791,"y":19.353432,"fech_cr":"2018-08-17T00:00:00","anio":2018,"mes":8,"dia":17}},
{"type":"Feature","geometry":{"type":"Polygon","coordinates":[[[-99.11992084761192,19.350109514431747],[-99.12127187427994,19.354075035181904],[-99.12153286167626,19.356912726359955],[-99.13086887949648,19.357956356709277],[-99.13219294855683,19.356299407482243],[-99.13386068832271,19.355896098338533],[-99.13369650899875,19.355392633636967],[-99.12849337433522,19.350582220481147],[-99.12753139664936,19.350388222481985],[-99.12130437847466,19.350388408459377],[-99.11992084761192,19.350109514431747]]]},"properties":{"_id":227,"id":226,"g_pnt_2":"19.3540617157,-99.1264295807","geo_shp":"{\"type\": \"Polygon\", \"coordinates\": [[[-99.11992084761191, 19.350109514431747], [-99.12032708355666, 19.350197636168843], [-99.12130437847466, 19.350388408459374], [-99.12686471206304, 19.350369889390052], [-99.12753139664936, 19.350388222481985], [-99.12","deleg":"COYOACAN","zona":"SUR","sctr_18":"TAXQUEA","cv_sctr":3,"zp":2,"are_km2":0.854415647889148,"x":-99.126891,"y":19.354032,"fech_cr":"2018-08-17T00:00:00","anio":2018,"mes":8,"dia":17}},
{"type":"Feature","geometry":{"type":"Polygon","coordinates":[[[-99.1605916497749,19.395499531584875],[-99.16020440266468,19.4006458677861],[-99.16197096430017,19.40164929767809],[-99.1660968335025,19.40007870336277],[-99.16981900849176,19.39906800935082],[-99.17033241228712,19.39894506779378],[-99.17289092884552,19.39046977924082],[-99.1617703565216,19.38793109785833],[-99.16076444275916,19.392234225390418],[-99.1605916497749,19.395499531584875]]]},"properties":{"_id":271,"id":270,"g_pnt_2":"19.3945503483,-99.1657932843","geo_shp":"{\"type\": \"Polygon\", \"coordinates\": [[[-99.16020440266468, 19.4006458677861], [-99.16027679505375, 19.399683014541097], [-99.1605916497749, 19.395499531584875], [-99.16075456989405, 19.393333584533746], [-99.16076444275917, 19.392234225390418], [-99.16105","deleg":"BENITO JUAREZ","zona":"SUR","sctr_18":"DEL VALLE","cv_sctr":2,"zp":8,"are_km2":1.40842790252465,"x":-99.166547,"y":19.394786,"fech_cr":"2018-08-17T00:00:00","anio":2018,"mes":8,"dia":17}},
{"type":"Feature","geometry":{"type":"Polygon","coordinates":[[[-99.06133211608812,19.29334193790824],[-99.06233433825612,19.29684096730558],[-99.06437577598813,19.300991707379055],[-99.06297914889451,19.304951677192715],[-99.06710122849664,19.306554697521033],[-99.06904548083064,19.30854772116673],[-99.07004491664176,19.308027664223836],[-99.07685621658916,19.29213357719072],[-99.0774258711956,19.291963876698752],[-99.07446385497104,19.288406359717204],[-99.07219499888652,19.28696988846778],[-99.0689636942688,19.28395800215645],[-99.06139054326825,19.291776741344485],[-99.0613319718273,19.29269907486864],[-99.06133211608812,19.29334193790824]]]},"properties":{"_id":228,"id":227,"g_pnt_2":"19.2956730571,-99.0688016288","geo_shp":"{\"type\": \"Polygon\", \"coordinates\": [[[-99.06133211608812, 19.29334193790824], [-99.0613319718273, 19.29269907486864], [-99.06138506187709, 19.291881130500844], [-99.06139054326825, 19.291776741344485], [-99.06256743806755, 19.290585693855725], [-99.06503","deleg":"IZTAPALAPA","zona":"ORIENTE","sctr_18":"TEZONCO","cv_sctr":5,"zp":5,"are_km2":2.644881641261251,"x":-99.069381,"y":19.296311,"fech_cr":"2018-08-17T00:00:00","anio":2018,"mes":8,"dia":17}},
{"type":"Feature","geometry":{"type":"Polygon","coordinates":[[[-99.10794570020816,19.36943816396706],[-99.12206601327252,19.36861204665916],[-99.12193619148896,19.3633153640211],[-99.10957411011546,19.362041304615857],[-99.10794570020816,19.36943816396706]]]},"properties":{"_id":229,"id":228,"g_pnt_2":"19.3658916941,-99.115001126","geo_shp":"{\"type\": \"Polygon\", \"coordinates\": [[[-99.10794570020816, 19.36943816396706], [-99.10794921290888, 19.369422165019454], [-99.10911225941844, 19.36412488123236], [-99.10957411011546, 19.362041304615854], [-99.11342705370983, 19.362364486035588], [-99.1164","deleg":"IZTAPALAPA","zona":"ORIENTE","sctr_18":"CHURUBUSCO","cv_sctr":3,"zp":3,"are_km2":0.987695114838317,"x":-99.115004,"y":19.365736,"fech_cr":"2018-08-17T00:00:00","anio":2018,"mes":8,"dia":17}},
{"type":"Feature","geometry":{"type":"Polygon","coordinates":[[[-99.18406200731934,19.261059988719392],[-99.18357102822124,19.25981696284484],[-99.18457100553482,19.258329047254275],[-99.18232008051632,19.257156924749875],[-99.17962800394136,19.253940028627763],[-99.17807260075048,19.255446625701577],[-99.17638686225854,19.256918900955867],[-99.17451081091458,19.25671328138265],[-99.1722038104951,19.257340075015385],[-99.1703988326603,19.258784118971125],[-99.169290396401,19.26190538155613],[-99.16771333630264,19.262962728536973],[-99.16581684920187,19.262365789824415],[-99.1635007279013,19.268976180651112],[-99.16379103565536,19.27133263298214],[-99.1656059913774,19.275175068830528],[-99.1669354270586,19.277654749737284],[-99.16691271943046,19.276846334695467],[-99.1668640048522,19.27629398567787],[-99.167255561275,19.2746388872845],[-99.16856718175325,19.2733581029534],[-99.17076296231716,19.274275937414902],[-99.17117101765064,19.272788557715813],[-99.16887502511484,19.272129935819443],[-99.16942399456396,19.270884011265338],[-99.17163898354296,19.271448979979304],[-99.17363334599274,19.270433229884503],[-99.1713240147128,19.269370749253746],[-99.17156999813793,19.26780000996556],[-99.17387599059268,19.26625696684004],[-99.17542248591026,19.267516993857836],[-99.18197586670132,19.26817071332928],[-99.18175198507848,19.2660470399636],[-99.18266012538604,19.26313025090184],[-99.18352198253903,19.26200598203022],[-99.18406200731934,19.261059988719392]]]},"properties":{"_id":230,"id":229,"g_pnt_2":"19.2642671466,-99.1736904279","geo_shp":"{\"type\": \"Polygon\", \"coordinates\": [[[-99.18528595976628, 19.260815001651636], [-99.18406200731934, 19.261059988719392], [-99.18352198253905, 19.26200598203022], [-99.18266012538605, 19.263130250901842], [-99.18422932172254, 19.26380787174967], [-99.1840","deleg":"TLALPAN","zona":"SUR","sctr_18":"HUIPULCO-HOSPITALES","cv_sctr":5,"zp":12,"are_km2":2.595028540081306,"x":-99.168641,"y":19.267698,"fech_cr":"2018-08-17T00:00:00","anio":2018,"mes":8,"dia":17}},
{"type":"Feature","geometry":{"type":"Polygon","coordinates":[[[-99.1529078538138,19.44567757088096],[-99.14709907332836,19.444638972596746],[-99.14539794877136,19.45174794256255],[-99.15152254464336,19.453337537631484],[-99.1529078538138,19.44567757088096]]]},"properties":{"_id":231,"id":230,"g_pnt_2":"19.4489311584,-99.1492549723","geo_shp":"{\"type\": \"Polygon\", \"coordinates\": [[[-99.1529078538138, 19.44567757088096], [-99.1522950587999, 19.449210013904104], [-99.15165457517722, 19.452500718823398], [-99.15152254464337, 19.453337537631484], [-99.14947099487316, 19.452945016456248], [-99.14539","deleg":"CUAUHTEMOC","zona":"CENTRO","sctr_18":"BUENAVISTA","cv_sctr":2,"zp":6,"are_km2":0.542690783546259,"x":-99.149153,"y":19.448988,"fech_cr":"2018-08-17T00:00:00","anio":2018,"mes":8,"dia":17}},
{"type":"Feature","geometry":{"type":"Polygon","coordinates":[[[-99.13881950030766,19.44330999682203],[-99.13452698482486,19.44753392344295],[-99.13808687191064,19.4492359374368],[-99.13881950030766,19.44330999682203]]]},"properties":{"_id":232,"id":231,"g_pnt_2":"19.4466167038,-99.1372059309","geo_shp":"{\"type\": \"Polygon\", \"coordinates\": [[[-99.13881950030766, 19.44330999682203], [-99.13881973541646, 19.443586550076], [-99.13894223767083, 19.444023428785933], [-99.13808687191064, 19.4492359374368], [-99.13452698482486, 19.447533923442954], [-99.13623792","deleg":"CUAUHTEMOC","zona":"CENTRO","sctr_18":"BUENAVISTA","cv_sctr":2,"zp":10,"are_km2":0.139905743744232,"x":-99.136628,"y":19.446343,"fech_cr":"2018-08-17T00:00:00","anio":2018,"mes":8,"dia":17}},
{"type":"Feature","geometry":{"type":"Polygon","coordinates":[[[-99.17343799684856,19.42878095078311],[-99.17134195709944,19.42441194787571],[-99.16740004728558,19.42627196881805],[-99.1694717342288,19.43029164225266],[-99.17085473820477,19.4330744078496],[-99.17186710835374,19.43140021342253],[-99.17343799684856,19.42878095078311]]]},"properties":{"_id":233,"id":232,"g_pnt_2":"19.4282190806,-99.1706347738","geo_shp":"{\"type\": \"Polygon\", \"coordinates\": [[[-99.17309391500879, 19.428587782070462], [-99.17343799684856, 19.428780950783114], [-99.17186710835374, 19.43140021342253], [-99.17085473820475, 19.4330744078496], [-99.1694717342288, 19.43029164225266], [-99.1674000","deleg":"CUAUHTEMOC","zona":"CENTRO","sctr_18":"ANGEL-ZONA ROSA","cv_sctr":3,"zp":2,"are_km2":0.311670361470551,"x":-99.170247,"y":19.427352,"fech_cr":"2018-08-17T00:00:00","anio":2018,"mes":8,"dia":17}},
{"type":"Feature","geometry":{"type":"Polygon","coordinates":[[[-99.17021902362347,19.434124733199617],[-99.16461908030064,19.43262250126736],[-99.16229244943662,19.433080005930993],[-99.1633860260927,19.433555040320993],[-99.16448696435062,19.433860966110753],[-99.16392801105891,19.435886005694012],[-99.1684740276715,19.436873006290615],[-99.16932983728556,19.43556662496883],[-99.17021902362347,19.434124733199617]]]},"properties":{"_id":234,"id":233,"g_pnt_2":"19.4345812545,-99.1664121834","geo_shp":"{\"type\": \"Polygon\", \"coordinates\": [[[-99.17021902362347, 19.434124733199614], [-99.16932983728555, 19.43556662496883], [-99.1684740276715, 19.436873006290618], [-99.16756779611156, 19.43667944455561], [-99.16610018052394, 19.436475186194038], [-99.16611","deleg":"CUAUHTEMOC","zona":"CENTRO","sctr_18":"ANGEL-ZONA ROSA","cv_sctr":3,"zp":6,"are_km2":0.222908170537462,"x":-99.16454,"y":19.433957,"fech_cr":"2018-08-17T00:00:00","anio":2018,"mes":8,"dia":17}},
{"type":"Feature","geometry":{"type":"Polygon","coordinates":[[[-99.0854773333083,19.413167279921684],[-99.0888433969313,19.41509404664596],[-99.09046843176294,19.412147484987315],[-99.0927158933715,19.408120671900384],[-99.08713372016666,19.407310941351128],[-99.08391947069468,19.41226622072693],[-99.0854773333083,19.413167279921684]]]},"properties":{"_id":235,"id":234,"g_pnt_2":"19.4107823119,-99.0882677948","geo_shp":"{\"type\": \"Polygon\", \"coordinates\": [[[-99.08656204860185, 19.413765606757053], [-99.0854773333083, 19.413167279921684], [-99.08391947069468, 19.41226622072693], [-99.08713372016666, 19.407310941351128], [-99.08997394692217, 19.40771697867628], [-99.09200","deleg":"VENUSTIANO CARRANZA","zona":"NORTE","sctr_18":"ZARAGOZA","cv_sctr":7,"zp":2,"are_km2":0.440599260168781,"x":-99.086947,"y":19.410538,"fech_cr":"2018-08-17T00:00:00","anio":2018,"mes":8,"dia":17}},
{"type":"Feature","geometry":{"type":"Polygon","coordinates":[[[-99.06365400445937,19.40042632569755],[-99.06473984895776,19.39538413966697],[-99.05855075286684,19.394378799065883],[-99.0582342969281,19.397372025677384],[-99.06167124024684,19.399296747654056],[-99.06365400445937,19.40042632569755]]]},"properties":{"_id":236,"id":235,"g_pnt_2":"19.396947248,-99.0615648708","geo_shp":"{\"type\": \"Polygon\", \"coordinates\": [[[-99.06365400445937, 19.40042632569755], [-99.06340013064761, 19.40027783375284], [-99.06167124024684, 19.399296747654056], [-99.05833611876197, 19.39740425782615], [-99.0582342969281, 19.397372025677384], [-99.058550","deleg":"IZTACALCO","zona":"NORTE","sctr_18":"PANTITLAN","cv_sctr":2,"zp":10,"are_km2":0.288670692373871,"x":-99.05963,"y":19.394693,"fech_cr":"2018-08-17T00:00:00","anio":2018,"mes":8,"dia":17}},
{"type":"Feature","geometry":{"type":"Polygon","coordinates":[[[-99.05404825573088,19.425313051560803],[-99.05167115472554,19.42980422901208],[-99.04760746624189,19.43898395960652],[-99.04739371688686,19.442011107903664],[-99.05973198069472,19.43506866894602],[-99.06294523274435,19.429653084009587],[-99.05955995274508,19.425957344139245],[-99.05404825573088,19.425313051560803]]]},"properties":{"_id":237,"id":236,"g_pnt_2":"19.432681777,-99.0550321347","geo_shp":"{\"type\": \"Polygon\", \"coordinates\": [[[-99.05404825573088, 19.425313051560803], [-99.05661090233617, 19.425581143122816], [-99.05831973301568, 19.425710022582706], [-99.05898438856235, 19.42587311964198], [-99.05955995274508, 19.425957344139245], [-99.059","deleg":"VENUSTIANO CARRANZA","zona":"NORTE","sctr_18":"ARENAL","cv_sctr":2,"zp":1,"are_km2":1.520416569604568,"x":-99.054597,"y":19.434058,"fech_cr":"2018-08-17T00:00:00","anio":2018,"mes":8,"dia":17}},
{"type":"Feature","geometry":{"type":"Polygon","coordinates":[[[-99.18862605461013,19.394936489755096],[-99.1895435032774,19.39718339821508],[-99.19261570153442,19.39548225231379],[-99.19711900403465,19.39247879965934],[-99.20160261339284,19.390013182958302],[-99.19908418809996,19.386365438593856],[-99.19875089729874,19.383321714576564],[-99.1992255140935,19.38190299433635],[-99.19346949687028,19.38386641885954],[-99.19041315413034,19.38410290783817],[-99.19035067328282,19.384258693408427],[-99.18794355147772,19.39291536679239],[-99.18862605461013,19.394936489755096]]]},"properties":{"_id":243,"id":242,"g_pnt_2":"19.3892200144,-99.1940465942","geo_shp":"{\"type\": \"Polygon\", \"coordinates\": [[[-99.18862605461011, 19.394936489755096], [-99.18809597870501, 19.39362195942148], [-99.18794355147773, 19.392915366792394], [-99.18856950301678, 19.390487275275454], [-99.19001203729319, 19.38500194926445], [-99.1901","deleg":"ALVARO OBREGON","zona":"PONIENTE","sctr_18":"PLATEROS","cv_sctr":2,"zp":5,"are_km2":1.368244508931789,"x":-99.195669,"y":19.388368,"fech_cr":"2018-08-17T00:00:00","anio":2018,"mes":8,"dia":17}},
{"type":"Feature","geometry":{"type":"Polygon","coordinates":[[[-99.13675546816587,19.344661332810094],[-99.1356145809194,19.34361316869747],[-99.1306928948974,19.341062683474995],[-99.12934674860033,19.341026498528866],[-99.1303413873298,19.3435728220606],[-99.12775881313893,19.34323609516447],[-99.12765193292084,19.345488750482772],[-99.12983890568655,19.34564916246258],[-99.12976354707644,19.34835820431964],[-99.13587419327754,19.34807764490976],[-99.13675546816587,19.344661332810094]]]},"properties":{"_id":238,"id":237,"g_pnt_2":"19.3451281094,-99.1323316764","geo_shp":"{\"type\": \"Polygon\", \"coordinates\": [[[-99.13675546816587, 19.344661332810098], [-99.13587419327754, 19.34807764490976], [-99.13261708863406, 19.347999066341696], [-99.1326095877636, 19.348260444728666], [-99.13256333617825, 19.348639613724846], [-99.1324","deleg":"COYOACAN","zona":"SUR","sctr_18":"TAXQUEA","cv_sctr":3,"zp":4,"are_km2":0.509928120368242,"x":-99.132246,"y":19.344941,"fech_cr":"2018-08-17T00:00:00","anio":2018,"mes":8,"dia":17}},
{"type":"Feature","geometry":{"type":"Polygon","coordinates":[[[-99.13653613081776,19.332662462487917],[-99.13707698757656,19.340443423109782],[-99.14331591596996,19.341217229759177],[-99.14046970773512,19.331838479859336],[-99.13653613081776,19.332662462487917]]]},"properties":{"_id":239,"id":238,"g_pnt_2":"19.3367705686,-99.1394470979","geo_shp":"{\"type\": \"Polygon\", \"coordinates\": [[[-99.13659284967713, 19.33561434762113], [-99.13659284967713, 19.33561434762113], [-99.13656571049573, 19.3337742711241], [-99.13653613081777, 19.332662462487917], [-99.13674231924682, 19.332641792130936], [-99.139404","deleg":"COYOACAN","zona":"SUR","sctr_18":"TAXQUEA","cv_sctr":3,"zp":8,"are_km2":0.521108177472236,"x":-99.139954,"y":19.338416,"fech_cr":"2018-08-17T00:00:00","anio":2018,"mes":8,"dia":17}},
{"type":"Feature","geometry":{"type":"Polygon","coordinates":[[[-99.18073787707246,19.43056040145991],[-99.1797477719652,19.42822676741485],[-99.17821136141316,19.42882142600329],[-99.17343799684856,19.42878095078311],[-99.17186710835374,19.43140021342253],[-99.17353514884122,19.432449168015346],[-99.18073787707246,19.43056040145991]]]},"properties":{"_id":240,"id":239,"g_pnt_2":"19.4302781777,-99.1761330205","geo_shp":"{\"type\": \"Polygon\", \"coordinates\": [[[-99.18073787707246, 19.43056040145991], [-99.17893267804533, 19.43102528114817], [-99.17353514884122, 19.432449168015342], [-99.17186710835374, 19.43140021342253], [-99.17343799684856, 19.428780950783114], [-99.17385","deleg":"MIGUEL HIDALGO","zona":"PONIENTE","sctr_18":"POLANCO-CASTILLO","cv_sctr":1,"zp":7,"are_km2":0.262658581873645,"x":-99.175385,"y":19.431284,"fech_cr":"2018-08-17T00:00:00","anio":2018,"mes":8,"dia":17}},
{"type":"Feature","geometry":{"type":"Polygon","coordinates":[[[-99.19768704813168,19.50125782752005],[-99.19824289526908,19.49958797202413],[-99.2044444999802,19.501321717286768],[-99.19889464967376,19.495696562649755],[-99.19584297790152,19.49085228951806],[-99.19418894848609,19.489149936032497],[-99.19155327567088,19.496205887157895],[-99.19084852870805,19.4992677640743],[-99.19507128088962,19.500464632629996],[-99.19768704813168,19.50125782752005]]]},"properties":{"_id":241,"id":240,"g_pnt_2":"19.4966028527,-99.1960991237","geo_shp":"{\"type\": \"Polygon\", \"coordinates\": [[[-99.19824289526908, 19.49958797202413], [-99.198215169613, 19.499671238831333], [-99.19768704813168, 19.50125782752005], [-99.19507128088962, 19.500464632629996], [-99.19407405887405, 19.50005069733661], [-99.1908485","deleg":"AZCAPOTZALCO","zona":"PONIENTE","sctr_18":"HORMIGA","cv_sctr":3,"zp":6,"are_km2":0.820072258158662,"x":-99.200983,"y":19.49851,"fech_cr":"2018-08-17T00:00:00","anio":2018,"mes":8,"dia":17}},
{"type":"Feature","geometry":{"type":"Polygon","coordinates":[[[-99.1814202393024,19.46916061526687],[-99.1838646191348,19.468535096084516],[-99.18915545303815,19.46930083402255],[-99.19023098677012,19.46979786350271],[-99.19029472992092,19.465552450270295],[-99.19031837016428,19.46392908199923],[-99.18765382041468,19.46299655284954],[-99.18825386623996,19.46001820305109],[-99.1839328651448,19.459095012586445],[-99.18203272401202,19.4624370692066],[-99.1816793220906,19.46652334888065],[-99.1814202393024,19.46916061526687]]]},"properties":{"_id":242,"id":241,"g_pnt_2":"19.4647424092,-99.1857517932","geo_shp":"{\"type\": \"Polygon\", \"coordinates\": [[[-99.18142023930241, 19.46916061526687], [-99.1816793220906, 19.466523348880646], [-99.1818621448487, 19.464286255064586], [-99.18203272401202, 19.4624370692066], [-99.1817117024162, 19.462234405423505], [-99.18359916","deleg":"AZCAPOTZALCO","zona":"PONIENTE","sctr_18":"CLAVERIA","cv_sctr":1,"zp":9,"are_km2":0.797846596457287,"x":-99.188469,"y":19.464003,"fech_cr":"2018-08-17T00:00:00","anio":2018,"mes":8,"dia":17}},
{"type":"Feature","geometry":{"type":"Polygon","coordinates":[[[-99.07858769054604,19.451053437977233],[-99.07833837248468,19.45403869779067],[-99.0798815201246,19.45721260557484],[-99.08010076377197,19.46268428860512],[-99.08048416820378,19.46309108588818],[-99.08599339006716,19.46437886667714],[-99.0868860714174,19.459949974008616],[-99.09100856785642,19.44924099478311],[-99.086865071659,19.445019165580295],[-99.080242227504,19.44946415684606],[-99.07858769054604,19.451053437977233]]]},"properties":{"_id":244,"id":243,"g_pnt_2":"19.454452482,-99.0843172008","geo_shp":"{\"type\": \"Polygon\", \"coordinates\": [[[-99.07833099574387, 19.45375518840415], [-99.07836033742014, 19.453354173071887], [-99.07847031168183, 19.453022351617538], [-99.07859499328089, 19.45217185016671], [-99.07869035678698, 19.451573784236377], [-99.0787","deleg":"GUSTAVO A MADERO","zona":"NORTE","sctr_18":"ARAGON","cv_sctr":1,"zp":8,"are_km2":1.739738095233206,"x":-99.084736,"y":19.452486,"fech_cr":"2018-08-17T00:00:00","anio":2018,"mes":8,"dia":17}},
{"type":"Feature","geometry":{"type":"Polygon","coordinates":[[[-99.21108456490526,19.345305906190163],[-99.21032693358472,19.343698240697268],[-99.21378066638717,19.34193981029738],[-99.21387055489922,19.337198219813377],[-99.21493639795484,19.335482952567997],[-99.21320698218952,19.33580094413365],[-99.21075497874848,19.33553202975094],[-99.20889895685598,19.336766014974117],[-99.2082030379522,19.335351947447],[-99.20603580457372,19.335619036050787],[-99.20406842929812,19.33729359943158],[-99.20236259749326,19.340791403115094],[-99.20169023501536,19.346277894714692],[-99.20406640783148,19.346469560841697],[-99.2073191970419,19.346075637859816],[-99.20903895639984,19.34465962403862],[-99.21108456490526,19.345305906190163]]]},"properties":{"_id":245,"id":244,"g_pnt_2":"19.3407472396,-99.2078143446","geo_shp":"{\"type\": \"Polygon\", \"coordinates\": [[[-99.21080672812118, 19.34462342466544], [-99.21107607139217, 19.34514224210318], [-99.21108456490526, 19.345305906190163], [-99.21096522679242, 19.34542118552974], [-99.21077552418839, 19.345458098402602], [-99.21062","deleg":"ALVARO OBREGON","zona":"PONIENTE","sctr_18":"ALPES","cv_sctr":1,"zp":9,"are_km2":1.16001789509992,"x":-99.212411,"y":19.340893,"fech_cr":"2018-08-17T00:00:00","anio":2018,"mes":8,"dia":17}},
{"type":"Feature","geometry":{"type":"Polygon","coordinates":[[[-99.1821773440085,19.36185516119952],[-99.18540299258166,19.361139097057997],[-99.18876479195438,19.36234272588641],[-99.19024976950227,19.349493276478995],[-99.19021573286868,19.348056396869076],[-99.18609722680485,19.349724323474145],[-99.1821773440085,19.36185516119952]]]},"properties":{"_id":246,"id":245,"g_pnt_2":"19.3557290696,-99.1869644341","geo_shp":"{\"type\": \"Polygon\", \"coordinates\": [[[-99.1821773440085, 19.36185516119952], [-99.1838999895033, 19.356726035554853], [-99.18609722680485, 19.349724323474145], [-99.19021573286868, 19.348056396869076], [-99.19026491330388, 19.348594273647514], [-99.19024","deleg":"ALVARO OBREGON","zona":"PONIENTE","sctr_18":"SAN ANGEL","cv_sctr":4,"zp":2,"are_km2":0.776723106565016,"x":-99.186221,"y":19.355203,"fech_cr":"2018-08-17T00:00:00","anio":2018,"mes":8,"dia":17}},
{"type":"Feature","geometry":{"type":"Polygon","coordinates":[[[-99.17129287124249,19.359010786401303],[-99.17320928692922,19.36018099117528],[-99.17687285349976,19.3638892785311],[-99.17734981860156,19.364429362975525],[-99.1796777762648,19.36228720981119],[-99.1821773440085,19.36185516119952],[-99.18609722680485,19.349724323474145],[-99.18350989286527,19.350424031544787],[-99.1771570078328,19.3512980371704],[-99.17240331259087,19.35641065695202],[-99.17129287124249,19.359010786401303]]]},"properties":{"_id":247,"id":246,"g_pnt_2":"19.3566887195,-99.1788382781","geo_shp":"{\"type\": \"Polygon\", \"coordinates\": [[[-99.17129287124247, 19.359010786401303], [-99.17240331259087, 19.35641065695202], [-99.17380999793464, 19.35477601403487], [-99.17501210612656, 19.35337925023677], [-99.1757704145443, 19.352609134496], [-99.176723009","deleg":"ALVARO OBREGON","zona":"PONIENTE","sctr_18":"SAN ANGEL","cv_sctr":4,"zp":3,"are_km2":1.416060371485668,"x":-99.178698,"y":19.35708,"fech_cr":"2018-08-17T00:00:00","anio":2018,"mes":8,"dia":17}},
{"type":"Feature","geometry":{"type":"Polygon","coordinates":[[[-99.13311029218256,19.42291038870304],[-99.1321794167127,19.4291998711087],[-99.13642858171151,19.429800988849284],[-99.13707127317352,19.42558504552182],[-99.13729838130244,19.42334062892922],[-99.13311029218256,19.42291038870304]]]},"properties":{"_id":248,"id":247,"g_pnt_2":"19.4263767636,-99.1347733784","geo_shp":"{\"type\": \"Polygon\", \"coordinates\": [[[-99.13229551143962, 19.42834671704384], [-99.13264609195396, 19.42580858128204], [-99.13273793069293, 19.42523769216821], [-99.13289527212477, 19.424276145016123], [-99.13311029218255, 19.422910388703038], [-99.13344","deleg":"CUAUHTEMOC","zona":"CENTRO","sctr_18":"CENTRO","cv_sctr":1,"zp":11,"are_km2":0.317958437934674,"x":-99.134791,"y":19.425923,"fech_cr":"2018-08-17T00:00:00","anio":2018,"mes":8,"dia":17}},
{"type":"Feature","geometry":{"type":"Polygon","coordinates":[[[-99.10864496441005,19.3342668113875],[-99.10482314242608,19.332880840981716],[-99.09269468505612,19.330863482397707],[-99.09166566057348,19.33665498308322],[-99.09381747110648,19.336689768361666],[-99.09381043213978,19.33953424221805],[-99.09893819437563,19.340656285877472],[-99.10754101789873,19.343163198982115],[-99.10810307233612,19.34019557452837],[-99.1085008149598,19.338858827372064],[-99.10864496441005,19.3342668113875]]]},"properties":{"_id":249,"id":248,"g_pnt_2":"19.3366201104,-99.1005848495","geo_shp":"{\"type\": \"Polygon\", \"coordinates\": [[[-99.10864496441003, 19.3342668113875], [-99.10850081495981, 19.338858827372064], [-99.10810307233612, 19.340195574528366], [-99.10796878682076, 19.34070538636241], [-99.1076696385779, 19.342430518701526], [-99.107541","deleg":"IZTAPALAPA","zona":"ORIENTE","sctr_18":"ESTRELLA","cv_sctr":4,"zp":4,"are_km2":1.638507805632082,"x":-99.101287,"y":19.338025,"fech_cr":"2018-08-17T00:00:00","anio":2018,"mes":8,"dia":17}},
{"type":"Feature","geometry":{"type":"Polygon","coordinates":[[[-99.10408081101971,19.46283315838817],[-99.1112423745174,19.464895732424743],[-99.11243088328632,19.4618684605248],[-99.11411436092028,19.45511435965827],[-99.1113382840248,19.45297668319462],[-99.108673755723,19.45199888462949],[-99.1084832644473,19.45193067370831],[-99.10499685644145,19.46069503702609],[-99.10408081101971,19.46283315838817]]]},"properties":{"_id":250,"id":249,"g_pnt_2":"19.4586849082,-99.1094767236","geo_shp":"{\"type\": \"Polygon\", \"coordinates\": [[[-99.10408081101973, 19.46283315838817], [-99.10499685644143, 19.46069503702609], [-99.10545302102985, 19.459492037021942], [-99.1084832644473, 19.45193067370831], [-99.108673755723, 19.45199888462949], [-99.111338284","deleg":"GUSTAVO A MADERO","zona":"NORTE","sctr_18":"CUCHILLA","cv_sctr":2,"zp":4,"are_km2":0.913736101273186,"x":-99.108423,"y":19.460204,"fech_cr":"2018-08-17T00:00:00","anio":2018,"mes":8,"dia":17}},
{"type":"Feature","geometry":{"type":"Polygon","coordinates":[[[-99.09593633420522,19.419188508043472],[-99.08990004801244,19.415709357999017],[-99.0855858127545,19.422615364781457],[-99.09140609093808,19.4261976131312],[-99.09201993790847,19.42623300207388],[-99.09205181615796,19.426175505997335],[-99.09388741091882,19.422893058824055],[-99.09593633420522,19.419188508043472]]]},"properties":{"_id":251,"id":250,"g_pnt_2":"19.4210322728,-99.0908329018","geo_shp":"{\"type\": \"Polygon\", \"coordinates\": [[[-99.09593633420522, 19.419188508043472], [-99.09388741091882, 19.422893058824055], [-99.09355188986551, 19.42349306583394], [-99.09205181615795, 19.426175505997335], [-99.09201993790847, 19.42623300207388], [-99.0914","deleg":"VENUSTIANO CARRANZA","zona":"NORTE","sctr_18":"ZARAGOZA","cv_sctr":7,"zp":6,"are_km2":0.685938267543608,"x":-99.092598,"y":19.420972,"fech_cr":"2018-08-17T00:00:00","anio":2018,"mes":8,"dia":17}},
{"type":"Feature","geometry":{"type":"Polygon","coordinates":[[[-99.07054210458844,19.404431573557908],[-99.06543065777755,19.401465669070532],[-99.06414713722224,19.41300027963588],[-99.06829849957764,19.4134095316798],[-99.06852758888915,19.411177575278707],[-99.07002229664708,19.408503460171307],[-99.07054210458844,19.404431573557908]]]},"properties":{"_id":252,"id":251,"g_pnt_2":"19.407770429,-99.0671218661","geo_shp":"{\"type\": \"Polygon\", \"coordinates\": [[[-99.07054210458844, 19.404431573557908], [-99.07036277733579, 19.405131526298145], [-99.07002229664707, 19.408503460171307], [-99.0697661519372, 19.409103122653452], [-99.0690584150716, 19.410311287431508], [-99.0690","deleg":"IZTACALCO","zona":"NORTE","sctr_18":"PANTITLAN","cv_sctr":2,"zp":4,"are_km2":0.597611137250382,"x":-99.066467,"y":19.405298,"fech_cr":"2018-08-17T00:00:00","anio":2018,"mes":8,"dia":17}},
{"type":"Feature","geometry":{"type":"Polygon","coordinates":[[[-99.06023680207252,19.41267237333451],[-99.06167124024684,19.399296747654056],[-99.0582342969281,19.397372025677384],[-99.05821881619104,19.397493498093745],[-99.0579127870173,19.400110749212025],[-99.05652164962731,19.41235878258878],[-99.06023680207252,19.41267237333451]]]},"properties":{"_id":253,"id":252,"g_pnt_2":"19.4054401997,-99.0591221411","geo_shp":"{\"type\": \"Polygon\", \"coordinates\": [[[-99.06063239338437, 19.409148425567928], [-99.06023680207251, 19.41267237333451], [-99.05845390067546, 19.412522296570422], [-99.05759900589153, 19.41238935329772], [-99.05652164962731, 19.41235878258878], [-99.05689","deleg":"IZTACALCO","zona":"NORTE","sctr_18":"PANTITLAN","cv_sctr":2,"zp":6,"are_km2":0.618134707244472,"x":-99.060148,"y":19.403388,"fech_cr":"2018-08-17T00:00:00","anio":2018,"mes":8,"dia":17}},
{"type":"Feature","geometry":{"type":"Polygon","coordinates":[[[-99.00006060370268,19.2251548698824],[-99.00273264313256,19.22264040573673],[-99.00523349906678,19.221645184196376],[-99.00545312698732,19.22031280505356],[-99.00362819115482,19.219028559186217],[-99.00260725976258,19.217130609085576],[-99.0028929218592,19.215575265347535],[-99.00096960237926,19.21545833463675],[-99.00064594421691,19.21202400746492],[-99.0023026632057,19.212059965164247],[-99.00137909257214,19.208230053486695],[-98.9996755138498,19.20791192253584],[-98.99770346940286,19.20887752301494],[-98.99515483429442,19.212477830212517],[-98.99372248528302,19.2135916231312],[-98.99345858069762,19.220977690508672],[-98.99258116055672,19.222496301573873],[-98.9931509016328,19.2257272948929],[-98.99491286634048,19.22638721174746],[-98.9961195530471,19.225254336433107],[-98.99825559890284,19.22732803238845],[-99.00006060370268,19.2251548698824]]]},"properties":{"_id":254,"id":253,"g_pnt_2":"19.2182508976,-98.9982235894","geo_shp":"{\"type\": \"Polygon\", \"coordinates\": [[[-99.00006060370269, 19.2251548698824], [-98.99943601459866, 19.22513227419085], [-98.99879705228426, 19.22612074982316], [-98.99825559890284, 19.227328032388446], [-98.99589392411481, 19.227413312737426], [-98.995893","deleg":"MILPA ALTA","zona":"ORIENTE","sctr_18":"TECOMITL","cv_sctr":2,"zp":1,"are_km2":1.674628072848332,"x":-98.99773,"y":19.215448,"fech_cr":"2018-08-17T00:00:00","anio":2018,"mes":8,"dia":17}},
{"type":"Feature","geometry":{"type":"Polygon","coordinates":[[[-99.22507126592085,19.29799390991849],[-99.22430466804256,19.289740078965952],[-99.21669121971898,19.290289098972583],[-99.21628595822725,19.29144795633951],[-99.21613956402472,19.2917288442256],[-99.21401849694767,19.29491635873057],[-99.21207647986328,19.297292225506418],[-99.20905035338173,19.298746103546215],[-99.2085877647702,19.29956609106583],[-99.20826815796156,19.300629754463095],[-99.2073426776111,19.301971657513157],[-99.20340187081572,19.304637545400876],[-99.20547389903184,19.305058013336943],[-99.21381102614872,19.3066549975519],[-99.21604994548528,19.307566986424664],[-99.21707414602064,19.302657521357258],[-99.21796355156826,19.296628243959773],[-99.21883372596452,19.294796052264648],[-99.22192598367972,19.297402349286408],[-99.22507126592085,19.29799390991849]]]},"properties":{"_id":255,"id":254,"g_pnt_2":"19.2985146203,-99.2155264069","geo_shp":"{\"type\": \"Polygon\", \"coordinates\": [[[-99.22493943675272, 19.296667503147734], [-99.22507126592083, 19.29799390991849], [-99.22313663241087, 19.297649684618285], [-99.22192598367972, 19.297402349286408], [-99.22172581686169, 19.297047135476866], [-99.221","deleg":"TLALPAN","zona":"SUR","sctr_18":"PADIERNA","cv_sctr":6,"zp":2,"are_km2":1.814861786318084,"x":-99.214482,"y":19.299321,"fech_cr":"2018-08-17T00:00:00","anio":2018,"mes":8,"dia":17}},
{"type":"Feature","geometry":{"type":"Polygon","coordinates":[[[-99.22866563745409,19.279529891080347],[-99.22845780080196,19.274940472493512],[-99.2283683936485,19.2661822928892],[-99.22737200433264,19.265186932428165],[-99.22436445441753,19.265913493978115],[-99.22225326643851,19.267314406818898],[-99.2186476395994,19.2674608292586],[-99.21504339647406,19.268673734545988],[-99.21229001012776,19.26740794921296],[-99.20867234453937,19.26669911854778],[-99.20596195182196,19.264743057850023],[-99.20428256558624,19.265992797479385],[-99.20558671398572,19.269997360406126],[-99.20588403269574,19.271617330074637],[-99.20536518654548,19.271920048753262],[-99.20483354897576,19.274107531436982],[-99.20554148973264,19.2755524292374],[-99.20791647628236,19.275007291855196],[-99.2075658990463,19.27691232387966],[-99.21111368495308,19.279955274544836],[-99.21205897722432,19.278745008612404],[-99.21472557471054,19.28052840231692],[-99.2241193097797,19.279838561989948],[-99.22866563745409,19.279529891080347]]]},"properties":{"_id":256,"id":255,"g_pnt_2":"19.27303892,-99.2174212552","geo_shp":"{\"type\": \"Polygon\", \"coordinates\": [[[-99.22866563745407, 19.279529891080347], [-99.2253878997242, 19.27974788869025], [-99.2241193097797, 19.279838561989948], [-99.22288373637858, 19.27992475769008], [-99.2227663961601, 19.279928244775117], [-99.2226747","deleg":"TLALPAN","zona":"SUR","sctr_18":"PADIERNA","cv_sctr":6,"zp":8,"are_km2":3.347014216035856,"x":-99.211647,"y":19.272549,"fech_cr":"2018-08-17T00:00:00","anio":2018,"mes":8,"dia":17}},
{"type":"Feature","geometry":{"type":"Polygon","coordinates":[[[-99.13543698158072,19.436388953238097],[-99.13997100705106,19.43701300059595],[-99.14022029967992,19.43545064158077],[-99.14053587235564,19.433537206279613],[-99.14102065134216,19.430449279209583],[-99.13642858171151,19.429800988849284],[-99.13543698158072,19.436388953238097]]]},"properties":{"_id":257,"id":256,"g_pnt_2":"19.4334054867,-99.1382226233","geo_shp":"{\"type\": \"Polygon\", \"coordinates\": [[[-99.13543698158072, 19.436388953238097], [-99.13569056807138, 19.434669340861753], [-99.13602597495222, 19.432718210897843], [-99.13642858171151, 19.429800988849284], [-99.13846601957775, 19.43010708983703], [-99.141","deleg":"CUAUHTEMOC","zona":"CENTRO","sctr_18":"CENTRO","cv_sctr":1,"zp":3,"are_km2":0.355564479690296,"x":-99.138296,"y":19.432974,"fech_cr":"2018-08-17T00:00:00","anio":2018,"mes":8,"dia":17}},
{"type":"Feature","geometry":{"type":"Polygon","coordinates":[[[-99.26533223879473,19.306062365217265],[-99.26374200401312,19.30346377817294],[-99.26083295174628,19.30505390790163],[-99.2584867454436,19.30487115767816],[-99.25657639212696,19.30340557478295],[-99.25357891546282,19.303992067918458],[-99.24873728231782,19.30518665647899],[-99.24755038409678,19.306045956022615],[-99.25183235749012,19.307208864264883],[-99.2533829419198,19.307274953378393],[-99.25761587404948,19.306920078887213],[-99.25970893728928,19.307659927505295],[-99.25895400456838,19.30976906177434],[-99.25934288415104,19.311846926638243],[-99.25926505822962,19.311992003126782],[-99.25973500815478,19.311692997879753],[-99.2638490939158,19.307921145652735],[-99.26533223879473,19.306062365217265]]]},"properties":{"_id":258,"id":257,"g_pnt_2":"19.3063823618,-99.2578874235","geo_shp":"{\"type\": \"Polygon\", \"coordinates\": [[[-99.26533223879473, 19.306062365217265], [-99.26505559520689, 19.30639481507375], [-99.26434881512037, 19.307265454932473], [-99.2638490939158, 19.307921145652738], [-99.26343451469172, 19.308310278509847], [-99.2629","deleg":"MAGDALENA CONTRERAS","zona":"SUR","sctr_18":"SAN JERONIMO","cv_sctr":2,"zp":12,"are_km2":0.672253618755998,"x":-99.261794,"y":19.307586,"fech_cr":"2018-08-17T00:00:00","anio":2018,"mes":8,"dia":17}},
{"type":"Feature","geometry":{"type":"Polygon","coordinates":[[[-99.10210711219428,19.244552317861046],[-99.10152737067936,19.24255562517896],[-99.10185832710155,19.240440752104934],[-99.10485600475126,19.24035717601028],[-99.10489883283468,19.238727436076896],[-99.10609818019292,19.23327760801147],[-99.10387705005814,19.23312930410681],[-99.10564775713172,19.229835778599497],[-99.10139865737442,19.228332734588168],[-99.09944748460248,19.23193261290369],[-99.09945956563963,19.234615963150617],[-99.09723044504273,19.23319820794984],[-99.09682848883558,19.23113235332442],[-99.09826881591988,19.221789719226177],[-99.10144214076446,19.224773848456667],[-99.104727476696,19.224321911006765],[-99.10243705328554,19.219318726252148],[-99.10249331204352,19.21829840307104],[-99.10657672123368,19.218915171360937],[-99.1057941975738,19.216482885645316],[-99.1037287287504,19.213278944758702],[-99.10330122618548,19.210572053591697],[-99.10074575238905,19.209204409305187],[-99.0989565461465,19.207292504090017],[-99.09972765797954,19.20555174024662],[-99.10159966140267,19.203198678092573],[-99.10198487384864,19.200030031682836],[-99.09978881578118,19.200645278056395],[-99.09705170840066,19.200518227581497],[-99.09245566516972,19.19969399177286],[-99.09057289714193,19.210527359614805],[-99.09025691667608,19.210782114228454],[-99.07989318996198,19.212997875978797],[-99.0841128322202,19.226570056404316],[-99.08571445916118,19.234718625445176],[-99.08706843797226,19.237017955022445],[-99.085582816094,19.238096065162836],[-99.08495752480128,19.241819342984183],[-99.08683804100608,19.24597318604255],[-99.087790978529,19.24668654501186],[-99.0907069667148,19.24542587173606],[-99.0931928633125,19.245232567245967],[-99.09591822205972,19.24761508654354],[-99.09785077871832,19.247805847571993],[-99.1013183356542,19.246444750624057],[-99.1019669559101,19.245322877176037],[-99.10187525350028,19.2452057970382],[-99.10210711219428,19.244552317861046]]]},"properties":{"_id":259,"id":258,"g_pnt_2":"19.2248218897,-99.094019262","geo_shp":"{\"type\": \"Polygon\", \"coordinates\": [[[-99.10271871087232, 19.240684023643134], [-99.10198859964807, 19.240465081914056], [-99.10185832710157, 19.240440752104938], [-99.10183797869722, 19.24061655071292], [-99.10185298314828, 19.241032466818236], [-99.101","deleg":"XOCHIMILCO","zona":"ORIENTE","sctr_18":"TEPEPAN","cv_sctr":6,"zp":7,"are_km2":8.92636457062438,"x":-99.09122,"y":19.231563,"fech_cr":"2018-08-17T00:00:00","anio":2018,"mes":8,"dia":17}},
{"type":"Feature","geometry":{"type":"Polygon","coordinates":[[[-99.14260800499947,19.517663374957433],[-99.13696213666286,19.518278681815257],[-99.12951565441143,19.518560357638197],[-99.12569125188249,19.51558262861013],[-99.12388513011533,19.5122768261816],[-99.123880110197,19.512568202768055],[-99.12310174568988,19.513574983662565],[-99.12071694828109,19.515580865529003],[-99.12566314132503,19.520276156711653],[-99.12819285876338,19.525818868617765],[-99.13526419154768,19.525369336879336],[-99.13520158462372,19.52389643350895],[-99.1389919084208,19.52047336462428],[-99.1408541295416,19.52063324512745],[-99.14233099932054,19.521430923486527],[-99.14260800499947,19.517663374957433]]]},"properties":{"_id":260,"id":259,"g_pnt_2":"19.5202406373,-99.1311464511","geo_shp":"{\"type\": \"Polygon\", \"coordinates\": [[[-99.14260800499949, 19.517663374957433], [-99.14243982517947, 19.517927134808616], [-99.14217136648763, 19.51915709463033], [-99.14213853201164, 19.52008356647625], [-99.14233099932054, 19.521430923486527], [-99.1418","deleg":"GUSTAVO A MADERO","zona":"NORTE","sctr_18":"TICOMAN","cv_sctr":3,"zp":10,"are_km2":1.283659759767475,"x":-99.133276,"y":19.521509,"fech_cr":"2018-08-17T00:00:00","anio":2018,"mes":8,"dia":17}},
{"type":"Feature","geometry":{"type":"Polygon","coordinates":[[[-99.12299765079028,19.394852827876974],[-99.1222840883316,19.39198716791219],[-99.11710542450643,19.390470336438256],[-99.1139498885966,19.390293122459735],[-99.11333399594793,19.391654502650898],[-99.11311271014311,19.393920314433917],[-99.11829750198618,19.39459077922037],[-99.12299765079028,19.394852827876974]]]},"properties":{"_id":261,"id":260,"g_pnt_2":"19.3927010007,-99.1178479198","geo_shp":"{\"type\": \"Polygon\", \"coordinates\": [[[-99.12299765079028, 19.394852827876974], [-99.11829750198618, 19.394590779220366], [-99.11649677356456, 19.394344488351596], [-99.11311271014311, 19.393920314433917], [-99.11343231033752, 19.392387312698524], [-99.11","deleg":"IZTACALCO","zona":"NORTE","sctr_18":"IZTACCIHUATL","cv_sctr":1,"zp":11,"are_km2":0.38129554631687,"x":-99.11805,"y":19.393777,"fech_cr":"2018-08-17T00:00:00","anio":2018,"mes":8,"dia":17}},
{"type":"Feature","geometry":{"type":"Polygon","coordinates":[[[-99.14260800499947,19.517663374957433],[-99.145668066885,19.519341932750077],[-99.15459600546193,19.52332697568775],[-99.15870991727118,19.52601110498043],[-99.15816852133332,19.523548018481065],[-99.1576530537192,19.521759654894513],[-99.15460576706468,19.514447241492128],[-99.14522723371796,19.51771325696081],[-99.14260800499947,19.517663374957433]]]},"properties":{"_id":262,"id":261,"g_pnt_2":"19.5194860818,-99.1523962251","geo_shp":"{\"type\": \"Polygon\", \"coordinates\": [[[-99.14260800499949, 19.517663374957433], [-99.14356807574678, 19.517690631983694], [-99.14468829045242, 19.517745591723685], [-99.14522723371796, 19.51771325696081], [-99.15004669675132, 19.516035013840416], [-99.154","deleg":"GUSTAVO A MADERO","zona":"NORTE","sctr_18":"TICOMAN","cv_sctr":3,"zp":3,"are_km2":0.831848374333843,"x":-99.150657,"y":19.520234,"fech_cr":"2018-08-17T00:00:00","anio":2018,"mes":8,"dia":17}},
{"type":"Feature","geometry":{"type":"Polygon","coordinates":[[[-99.13319178428804,19.49008498230729],[-99.12352161852792,19.486511028798965],[-99.12199139513136,19.488359814498285],[-99.13172872654452,19.497943381234908],[-99.13249356129305,19.4935832447297],[-99.13319178428804,19.49008498230729]]]},"properties":{"_id":263,"id":262,"g_pnt_2":"19.491325846,-99.1284036176","geo_shp":"{\"type\": \"Polygon\", \"coordinates\": [[[-99.13319178428804, 19.49008498230729], [-99.13250646107878, 19.493509126596937], [-99.13249356129303, 19.4935832447297], [-99.13172872654452, 19.497943381234908], [-99.12883092193036, 19.495051523134684], [-99.12398","deleg":"GUSTAVO A MADERO","zona":"NORTE","sctr_18":"LINDAVISTA","cv_sctr":2,"zp":3,"are_km2":0.659362366217559,"x":-99.126649,"y":19.492558,"fech_cr":"2018-08-17T00:00:00","anio":2018,"mes":8,"dia":17}},
{"type":"Feature","geometry":{"type":"Polygon","coordinates":[[[-99.1784475091536,19.489104677310856],[-99.17990350237484,19.485331740824247],[-99.18340100483032,19.486079441060323],[-99.1837566977693,19.483606744620623],[-99.18280146196838,19.48236368025704],[-99.1811530859692,19.481861036021105],[-99.17714760600106,19.483561995582185],[-99.17544665529,19.48369704682795],[-99.17271203045256,19.48295569645184],[-99.17102684472452,19.490117546411103],[-99.17230858458522,19.49413066734942],[-99.17295077698064,19.49197656790393],[-99.17323285969702,19.489928460618085],[-99.1784475091536,19.489104677310856]]]},"properties":{"_id":264,"id":263,"g_pnt_2":"19.4863868066,-99.1764731726","geo_shp":"{\"type\": \"Polygon\", \"coordinates\": [[[-99.17990350237484, 19.485331740824247], [-99.1784475091536, 19.489104677310856], [-99.17323285969702, 19.489928460618085], [-99.17295077698063, 19.49197656790393], [-99.1726615285204, 19.493923730818654], [-99.17230","deleg":"AZCAPOTZALCO","zona":"PONIENTE","sctr_18":"CUITLAHUAC","cv_sctr":2,"zp":1,"are_km2":0.756225177170504,"x":-99.176126,"y":19.487868,"fech_cr":"2018-08-17T00:00:00","anio":2018,"mes":8,"dia":17}},
{"type":"Feature","geometry":{"type":"Polygon","coordinates":[[[-99.17295077698064,19.49197656790393],[-99.17781374724343,19.49349198680093],[-99.18433254414192,19.495913696362],[-99.18619784360388,19.491808524130654],[-99.18567360732564,19.488776485624097],[-99.1835461285271,19.48844435254936],[-99.1784475091536,19.489104677310856],[-99.17323285969702,19.489928460618085],[-99.17295077698064,19.49197656790393]]]},"properties":{"_id":265,"id":264,"g_pnt_2":"19.4915720884,-99.1805510226","geo_shp":"{\"type\": \"Polygon\", \"coordinates\": [[[-99.17295077698063, 19.49197656790393], [-99.17323285969702, 19.489928460618085], [-99.1784475091536, 19.489104677310856], [-99.18099396284471, 19.488729347531066], [-99.18256167309728, 19.488531747504894], [-99.1835","deleg":"AZCAPOTZALCO","zona":"PONIENTE","sctr_18":"HORMIGA","cv_sctr":3,"zp":9,"are_km2":0.728724639803876,"x":-99.179575,"y":19.492183,"fech_cr":"2018-08-17T00:00:00","anio":2018,"mes":8,"dia":17}},
{"type":"Feature","geometry":{"type":"Polygon","coordinates":[[[-99.18939691636064,19.45890004818835],[-99.18214821427256,19.457245358396705],[-99.18015601579192,19.455663949505173],[-99.178512117327,19.45821564329614],[-99.1839328651448,19.459095012586445],[-99.18825386623996,19.46001820305109],[-99.18765382041468,19.46299655284954],[-99.19031837016428,19.46392908199923],[-99.18939691636064,19.45890004818835]]]},"properties":{"_id":266,"id":265,"g_pnt_2":"19.4593744307,-99.1852568577","geo_shp":"{\"type\": \"Polygon\", \"coordinates\": [[[-99.18381386855485, 19.45765850631562], [-99.18820282656635, 19.458720809500917], [-99.18916362997322, 19.458934996343693], [-99.18939691636064, 19.45890004818835], [-99.18971832851662, 19.459845774393827], [-99.1897","deleg":"MIGUEL HIDALGO","zona":"PONIENTE","sctr_18":"TACUBA","cv_sctr":4,"zp":5,"are_km2":0.276758889772754,"x":-99.188949,"y":19.46077,"fech_cr":"2018-08-17T00:00:00","anio":2018,"mes":8,"dia":17}},
{"type":"Feature","geometry":{"type":"Polygon","coordinates":[[[-99.18459608550836,19.399233906689187],[-99.18497391011616,19.395196009703103],[-99.17898203348426,19.396654821792364],[-99.17522285631716,19.39751390478631],[-99.17522285651064,19.39751408554068],[-99.17694809749256,19.39856503848415],[-99.17977735289251,19.398983510853476],[-99.18459608550836,19.399233906689187]]]},"properties":{"_id":267,"id":266,"g_pnt_2":"19.397572008,-99.1810687599","geo_shp":"{\"type\": \"Polygon\", \"coordinates\": [[[-99.18459608550836, 19.399233906689187], [-99.17977735289251, 19.398983510853476], [-99.17832157630777, 19.398945721015927], [-99.17766073069409, 19.398789563541314], [-99.17694809749256, 19.398565038484154], [-99.17","deleg":"MIGUEL HIDALGO","zona":"PONIENTE","sctr_18":"TACUBAYA","cv_sctr":5,"zp":11,"are_km2":0.272112656194953,"x":-99.179773,"y":19.397959,"fech_cr":"2018-08-17T00:00:00","anio":2018,"mes":8,"dia":17}},
{"type":"Feature","geometry":{"type":"Polygon","coordinates":[[[-99.14083463674623,19.37225634790177],[-99.1418772282542,19.37256688909324],[-99.14252866104886,19.372790155114313],[-99.1487124359018,19.373629062888373],[-99.14896449396976,19.37226442587659],[-99.1502986797524,19.364890229466113],[-99.1422092199953,19.36360956870507],[-99.14137301941106,19.36859545431111],[-99.14083463674623,19.37225634790177]]]},"properties":{"_id":272,"id":271,"g_pnt_2":"19.3686513008,-99.1454968576","geo_shp":"{\"type\": \"Polygon\", \"coordinates\": [[[-99.14083463674623, 19.37225634790177], [-99.14105715562324, 19.37068387550577], [-99.14125025608772, 19.369453956812336], [-99.14137301941106, 19.36859545431111], [-99.1415554106729, 19.367319541105985], [-99.141788","deleg":"BENITO JUAREZ","zona":"SUR","sctr_18":"PORTALES","cv_sctr":5,"zp":6,"are_km2":0.848653416749516,"x":-99.145567,"y":19.368619,"fech_cr":"2018-08-17T00:00:00","anio":2018,"mes":8,"dia":17}},
{"type":"Feature","geometry":{"type":"Polygon","coordinates":[[[-99.11914020352482,19.348788430074254],[-99.11975108505008,19.34971684361755],[-99.11992084761192,19.350109514431747],[-99.12130437847466,19.350388408459377],[-99.12753139664936,19.350388222481985],[-99.12765193292084,19.345488750482772],[-99.12775881313893,19.34323609516447],[-99.1303413873298,19.3435728220606],[-99.12934674860033,19.341026498528866],[-99.1306928948974,19.341062683474995],[-99.13138307908945,19.339322320387964],[-99.130398242797,19.339037433161856],[-99.12676208719002,19.338054335675277],[-99.1224264900393,19.33691266146134],[-99.11914020352482,19.348788430074254]]]},"properties":{"_id":273,"id":272,"g_pnt_2":"19.3439600283,-99.1246385476","geo_shp":"{\"type\": \"Polygon\", \"coordinates\": [[[-99.11914020352482, 19.348788430074258], [-99.12013715560293, 19.34501901442342], [-99.1224264900393, 19.33691266146134], [-99.12676208719002, 19.338054335675277], [-99.12931390604685, 19.338733541449276], [-99.13039","deleg":"COYOACAN","zona":"SUR","sctr_18":"TAXQUEA","cv_sctr":3,"zp":6,"are_km2":1.210254116297157,"x":-99.125261,"y":19.34365,"fech_cr":"2018-08-17T00:00:00","anio":2018,"mes":8,"dia":17}},
{"type":"Feature","geometry":{"type":"Polygon","coordinates":[[[-99.06020139321934,19.343778681519492],[-99.07449324396543,19.35034596261104],[-99.076985206525,19.346267159825437],[-99.07583841618566,19.34277145519879],[-99.07434776333572,19.338156187692615],[-99.0748282377427,19.32744599395491],[-99.08203929141484,19.328544422168797],[-99.0837376813525,19.319470033333968],[-99.08028767858929,19.318894066964692],[-99.0799252222864,19.320738305344673],[-99.07799765513128,19.320386302843733],[-99.07832329483028,19.318546783641615],[-99.07547489381729,19.317852071151037],[-99.07541654248976,19.3178559815523],[-99.06865643600432,19.32629772606959],[-99.0641233706087,19.331803231105656],[-99.06398692541823,19.33761188559256],[-99.06391324603074,19.339102066510243],[-99.06020139321934,19.343778681519492]]]},"properties":{"_id":274,"id":273,"g_pnt_2":"19.3341527954,-99.0718568104","geo_shp":"{\"type\": \"Polygon\", \"coordinates\": [[[-99.06020139321934, 19.343778681519492], [-99.06391324603074, 19.339102066510243], [-99.06388735470364, 19.338868719200473], [-99.06396704081858, 19.338378841649824], [-99.0639668741958, 19.337950991500247], [-99.063","deleg":"IZTAPALAPA","zona":"ORIENTE","sctr_18":"TEZONCO","cv_sctr":5,"zp":1,"are_km2":3.952271863036708,"x":-99.071972,"y":19.3341,"fech_cr":"2018-08-17T00:00:00","anio":2018,"mes":8,"dia":17}},
{"type":"Feature","geometry":{"type":"Polygon","coordinates":[[[-98.99110587156352,19.278789296508865],[-98.98974832826852,19.28548602061735],[-98.98833720836625,19.294533113415007],[-98.97415842106062,19.30501494014647],[-98.97241766494636,19.305624288543477],[-98.96775245452903,19.304986807244333],[-98.96511307044936,19.30539275406428],[-98.9640426927702,19.30677434339435],[-98.96277994946104,19.31561545337582],[-98.95729762249604,19.32244920760873],[-98.96009551688152,19.324775908356965],[-98.96593631559162,19.324766157073853],[-98.96845119508671,19.323921210556737],[-98.97968430109816,19.322810973361996],[-98.9798129498288,19.32171451739779],[-98.9726904169751,19.3133807013297],[-98.97201985177364,19.311970605522884],[-98.97564890234972,19.30904747264321],[-98.97756751362228,19.306189769503757],[-98.9757594631308,19.30484560967161],[-98.9856799061344,19.297727266396983],[-98.985802493184,19.30000662413769],[-98.9879984119048,19.30179410840499],[-98.98933527086322,19.30021419315718],[-98.98888516671023,19.29859521461699],[-98.99157227139654,19.29796071988016],[-98.99711000714753,19.298219916594174],[-98.99723890628265,19.29681760406625],[-99.00585476190116,19.29719703088345],[-99.006823417509,19.294913039025342],[-99.0082300479464,19.294368630505637],[-99.01020731290645,19.28228905572473],[-99.0097198819049,19.28137020138658],[-98.99110587156352,19.278789296508865]]]},"properties":{"_id":275,"id":274,"g_pnt_2":"19.3005682822,-98.9855233646","geo_shp":"{\"type\": \"Polygon\", \"coordinates\": [[[-98.95729762249604, 19.32244920760873], [-98.96277994946104, 19.31561545337582], [-98.96304742216425, 19.3135650020358], [-98.96369194917209, 19.309280650279028], [-98.9640426927702, 19.30677434339435], [-98.96442806","deleg":"TLAHUAC","zona":"ORIENTE","sctr_18":"MIXQUIC","cv_sctr":3,"zp":1,"are_km2":7.447437861228698,"x":-98.988023,"y":19.301785,"fech_cr":"2018-08-17T00:00:00","anio":2018,"mes":8,"dia":17}},
{"type":"Feature","geometry":{"type":"Polygon","coordinates":[[[-98.99110587156352,19.278789296508865],[-99.0097198819049,19.28137020138658],[-99.01358741698904,19.28190716610854],[-99.01201138882575,19.278260131087432],[-99.00996458884212,19.27541476750583],[-99.00847589830026,19.272218052418705],[-99.00864744957838,19.269761094666624],[-99.01200651023896,19.26746446749261],[-99.01181951050744,19.266092166211727],[-98.99908596537318,19.26528401606446],[-98.99271511135844,19.263546247709712],[-98.99207213382164,19.2649463715403],[-98.9927506682534,19.2686372035409],[-98.99110587156352,19.278789296508865]]]},"properties":{"_id":276,"id":275,"g_pnt_2":"19.2729512192,-99.0014870588","geo_shp":"{\"type\": \"Polygon\", \"coordinates\": [[[-98.99110587156352, 19.278789296508865], [-98.99275066825341, 19.2686372035409], [-98.99255882507835, 19.26845824561184], [-98.99207213382165, 19.2649463715403], [-98.99271511135844, 19.263546247709712], [-98.9990859","deleg":"TLAHUAC","zona":"ORIENTE","sctr_18":"MIXQUIC","cv_sctr":3,"zp":3,"are_km2":3.277931326251013,"x":-99.002346,"y":19.272065,"fech_cr":"2018-08-17T00:00:00","anio":2018,"mes":8,"dia":17}},
{"type":"Feature","geometry":{"type":"Polygon","coordinates":[[[-99.21897195389012,19.310698987075057],[-99.22000286048916,19.31277779549758],[-99.22030501709332,19.31364993944779],[-99.22112698579762,19.318043028148946],[-99.22016094454132,19.320366998205685],[-99.2227432361906,19.322244445123417],[-99.22574496872976,19.321450671691473],[-99.22987513222996,19.318093309594385],[-99.2307233839389,19.316799383788663],[-99.22825884761532,19.31341909808535],[-99.22589077486474,19.311240503208285],[-99.22538206987473,19.31074070965625],[-99.22457419984885,19.30996716675401],[-99.21897195389012,19.310698987075057]]]},"properties":{"_id":277,"id":276,"g_pnt_2":"19.3159541085,-99.224534017","geo_shp":"{\"type\": \"Polygon\", \"coordinates\": [[[-99.21897195389013, 19.310698987075057], [-99.21900326361673, 19.31069361720206], [-99.21909405218483, 19.310677963211507], [-99.21968693753016, 19.3105759367187], [-99.22085831440853, 19.310500141706758], [-99.22217","deleg":"MAGDALENA CONTRERAS","zona":"SUR","sctr_18":"DINAMO","cv_sctr":1,"zp":1,"are_km2":1.036082635683035,"x":-396.900286,"y":77.256214,"fech_cr":"2018-08-17T00:00:00","anio":2018,"mes":8,"dia":17}},
{"type":"Feature","geometry":{"type":"Polygon","coordinates":[[[-99.14826882039873,19.456356371714502],[-99.1380076741669,19.45404621566483],[-99.13774507569975,19.455478436161048],[-99.13994780004168,19.459615102990544],[-99.14215256557078,19.46377858083125],[-99.14665080332789,19.457951843463302],[-99.14826882039873,19.456356371714502]]]},"properties":{"_id":278,"id":277,"g_pnt_2":"19.4580173503,-99.1424240201","geo_shp":"{\"type\": \"Polygon\", \"coordinates\": [[[-99.14826882039871, 19.456356371714502], [-99.14700939376648, 19.45740007402637], [-99.14665080332787, 19.457951843463306], [-99.14639467946586, 19.458346002766298], [-99.14215256557078, 19.463778580831246], [-99.141","deleg":"CUAUHTEMOC","zona":"CENTRO","sctr_18":"TLATELOLCO","cv_sctr":5,"zp":3,"are_km2":0.560555278270366,"x":-99.14301,"y":19.45891,"fech_cr":"2018-08-17T00:00:00","anio":2018,"mes":8,"dia":17}},
{"type":"Feature","geometry":{"type":"Polygon","coordinates":[[[-99.12575729719892,19.422180591984706],[-99.120111016385,19.421459498637137],[-99.11930187320488,19.426980993576127],[-99.11910830001104,19.42827017000141],[-99.1247307128281,19.429117204613544],[-99.1248332046432,19.428487205598188],[-99.12575729719892,19.422180591984706]]]},"properties":{"_id":284,"id":283,"g_pnt_2":"19.4252500357,-99.1224509011","geo_shp":"{\"type\": \"Polygon\", \"coordinates\": [[[-99.12575729719893, 19.422180591984702], [-99.12575729719893, 19.422180591984702], [-99.12536784626762, 19.42484011934344], [-99.12522646451148, 19.4256794592172], [-99.12497286073558, 19.427627713357158], [-99.12483","deleg":"VENUSTIANO CARRANZA","zona":"NORTE","sctr_18":"CONGRESO","cv_sctr":4,"zp":1,"are_km2":0.459414603923473,"x":-99.122433,"y":19.425291,"fech_cr":"2018-08-17T00:00:00","anio":2018,"mes":8,"dia":17}},
{"type":"Feature","geometry":{"type":"Polygon","coordinates":[[[-99.15626357049752,19.424406661045097],[-99.1533770375766,19.425075020484545],[-99.14863698243252,19.42645106742964],[-99.15268797251254,19.42681698663787],[-99.15097295077445,19.431005047142275],[-99.1494121736524,19.434786899278528],[-99.15446224112952,19.43239626740735],[-99.15382420636044,19.431192897078155],[-99.15626357049752,19.424406661045097]]]},"properties":{"_id":279,"id":278,"g_pnt_2":"19.4291031165,-99.1528409004","geo_shp":"{\"type\": \"Polygon\", \"coordinates\": [[[-99.15626357049753, 19.424406661045094], [-99.15630062437086, 19.4246058202249], [-99.15512234124606, 19.427732882806904], [-99.15382420636045, 19.431192897078155], [-99.1540739429939, 19.431665447433378], [-99.15446","deleg":"CUAUHTEMOC","zona":"CENTRO","sctr_18":"REVOLUCION","cv_sctr":3,"zp":8,"are_km2":0.366069478196689,"x":-99.153013,"y":19.429374,"fech_cr":"2018-08-17T00:00:00","anio":2018,"mes":8,"dia":17}},
{"type":"Feature","geometry":{"type":"Polygon","coordinates":[[[-99.14348004159405,19.43925865876599],[-99.1396568638052,19.43905368393788],[-99.13896703836376,19.44316500964122],[-99.13932648586456,19.443066584615387],[-99.14348004159405,19.43925865876599]]]},"properties":{"_id":280,"id":279,"g_pnt_2":"19.4405928261,-99.1407005039","geo_shp":"{\"type\": \"Polygon\", \"coordinates\": [[[-99.14348004159403, 19.43925865876599], [-99.14237951163908, 19.440292986184154], [-99.13932648586456, 19.443066584615387], [-99.13896703836377, 19.44316500964122], [-99.13905598009664, 19.44278698511971], [-99.13949","deleg":"CUAUHTEMOC","zona":"CENTRO","sctr_18":"REVOLUCION","cv_sctr":2,"zp":15,"are_km2":0.095700858266568,"x":-99.141425,"y":19.440934,"fech_cr":"2018-08-17T00:00:00","anio":2018,"mes":8,"dia":17}},
{"type":"Feature","geometry":{"type":"Polygon","coordinates":[[[-99.15984497474189,19.4297949857642],[-99.1633050774092,19.428144062263748],[-99.16094944136628,19.423269239699135],[-99.15699905608676,19.42423602734785],[-99.15984497474189,19.4297949857642]]]},"properties":{"_id":281,"id":280,"g_pnt_2":"19.4263564173,-99.1602724193","geo_shp":"{\"type\": \"Polygon\", \"coordinates\": [[[-99.15984497474187, 19.4297949857642], [-99.1590539883879, 19.428066045089167], [-99.15808998183348, 19.426282211638828], [-99.15760901185297, 19.425367019822833], [-99.15699905608676, 19.42423602734785], [-99.158532","deleg":"CUAUHTEMOC","zona":"CENTRO","sctr_18":"ANGEL-ZONA ROSA","cv_sctr":3,"zp":9,"are_km2":0.264433195204818,"x":-99.160152,"y":19.426532,"fech_cr":"2018-08-17T00:00:00","anio":2018,"mes":8,"dia":17}},
{"type":"Feature","geometry":{"type":"Polygon","coordinates":[[[-99.16461275597904,19.416505478280303],[-99.16865528192234,19.415705547436698],[-99.16971725044316,19.415096410711655],[-99.17091735901276,19.413520644867575],[-99.17208049220622,19.41077117795275],[-99.17024917458464,19.410847645098897],[-99.1667820840877,19.409795074590875],[-99.16461275597904,19.416505478280303]]]},"properties":{"_id":282,"id":281,"g_pnt_2":"19.4131367522,-99.1681634561","geo_shp":"{\"type\": \"Polygon\", \"coordinates\": [[[-99.16461275597904, 19.416505478280303], [-99.16515298137837, 19.41487124049578], [-99.1667820840877, 19.409795074590875], [-99.17024917458463, 19.410847645098894], [-99.17208049220622, 19.41077117795275], [-99.17136","deleg":"CUAUHTEMOC","zona":"CENTRO","sctr_18":"ROMA","cv_sctr":4,"zp":1,"are_km2":0.336304999775064,"x":-99.167849,"y":19.413148,"fech_cr":"2018-08-17T00:00:00","anio":2018,"mes":8,"dia":17}},
{"type":"Feature","geometry":{"type":"Polygon","coordinates":[[[-99.11866092203933,19.43331404864812],[-99.12397730022872,19.433982900775295],[-99.12409398297493,19.43321615226925],[-99.1247307128281,19.429117204613544],[-99.11910830001104,19.42827017000141],[-99.1187187416055,19.43147438484433],[-99.11866092203933,19.43331404864812]]]},"properties":{"_id":283,"id":282,"g_pnt_2":"19.4311266494,-99.1215667656","geo_shp":"{\"type\": \"Polygon\", \"coordinates\": [[[-99.11866092203933, 19.43331404864812], [-99.1187030180121, 19.432121856758666], [-99.11869203172037, 19.43181620855486], [-99.1187187416055, 19.43147438484433], [-99.11910830001105, 19.42827017000141], [-99.12012857","deleg":"VENUSTIANO CARRANZA","zona":"NORTE","sctr_18":"CONGRESO","cv_sctr":4,"zp":2,"are_km2":0.325684312700854,"x":-99.121747,"y":19.431031,"fech_cr":"2018-08-17T00:00:00","anio":2018,"mes":8,"dia":17}},
{"type":"Feature","geometry":{"type":"Polygon","coordinates":[[[-99.0660050993998,19.479825142806696],[-99.07035777831088,19.474461361313033],[-99.06926507881556,19.473375814829968],[-99.06613590247731,19.47013263706333],[-99.05824975588554,19.463462637969577],[-99.0573912834089,19.465292230640888],[-99.06373702765332,19.47944899364524],[-99.0660050993998,19.479825142806696]]]},"properties":{"_id":286,"id":285,"g_pnt_2":"19.4724186529,-99.0637676385","geo_shp":"{\"type\": \"Polygon\", \"coordinates\": [[[-99.0660050993998, 19.479825142806696], [-99.06414494424753, 19.47943402787802], [-99.06373702765332, 19.479448993645242], [-99.06366752017249, 19.479337764318895], [-99.06194699487723, 19.47575103600992], [-99.06174","deleg":"GUSTAVO A MADERO","zona":"NORTE","sctr_18":"PRADERA","cv_sctr":3,"zp":11,"are_km2":1.022232717794485,"x":-99.063086,"y":19.471384,"fech_cr":"2018-08-17T00:00:00","anio":2018,"mes":8,"dia":17}},
{"type":"Feature","geometry":{"type":"Polygon","coordinates":[[[-99.1319868185898,19.390492228421454],[-99.1379734768387,19.39107496718005],[-99.13877581279095,19.385769559375564],[-99.1332313156958,19.3850695737982],[-99.1319868185898,19.390492228421454]]]},"properties":{"_id":287,"id":286,"g_pnt_2":"19.3881346355,-99.1354678026","geo_shp":"{\"type\": \"Polygon\", \"coordinates\": [[[-99.13492676913839, 19.390790575960654], [-99.13198681858981, 19.390492228421454], [-99.13261874278074, 19.387721246312623], [-99.1332313156958, 19.3850695737982], [-99.13877581279097, 19.385769559375564], [-99.13851","deleg":"BENITO JUAREZ","zona":"SUR","sctr_18":"NATIVITAS","cv_sctr":4,"zp":2,"are_km2":0.368679996351581,"x":-99.135697,"y":19.386755,"fech_cr":"2018-08-17T00:00:00","anio":2018,"mes":8,"dia":17}},
{"type":"Feature","geometry":{"type":"Polygon","coordinates":[[[-99.10666102783956,19.314577822810733],[-99.10517095727177,19.321494976515904],[-99.11330116563632,19.31998585196208],[-99.11108890323048,19.314976189081086],[-99.10666102783956,19.314577822810733]]]},"properties":{"_id":288,"id":287,"g_pnt_2":"19.3180395789,-99.1089733903","geo_shp":"{\"type\": \"Polygon\", \"coordinates\": [[[-99.10666102783955, 19.314577822810733], [-99.10806772148463, 19.314669452048886], [-99.11108890323047, 19.314976189081086], [-99.11187421320544, 19.316632795221295], [-99.11344326049372, 19.319943014735045], [-99.11","deleg":"COYOACAN","zona":"SUR","sctr_18":"CULHUACAN","cv_sctr":2,"zp":4,"are_km2":0.440321833504044,"x":-99.109877,"y":19.315523,"fech_cr":"2018-08-17T00:00:00","anio":2018,"mes":8,"dia":17}},
{"type":"Feature","geometry":{"type":"Polygon","coordinates":[[[-99.21076579422048,19.507731798473465],[-99.21010519528004,19.50761534909359],[-99.20509724289018,19.50800727206618],[-99.19967848914382,19.510480328681403],[-99.19695589939636,19.51085213791614],[-99.19615464888606,19.512097034766924],[-99.20438395764396,19.51450105357809],[-99.20859895161033,19.51208790274445],[-99.21042707167872,19.509413999978925],[-99.21076579422048,19.507731798473465]]]},"properties":{"_id":289,"id":288,"g_pnt_2":"19.5109597125,-99.2042776906","geo_shp":"{\"type\": \"Polygon\", \"coordinates\": [[[-99.21076579422049, 19.507731798473465], [-99.21042707167871, 19.509413999978925], [-99.20859895161033, 19.51208790274445], [-99.20561445277983, 19.513813705306962], [-99.20438395764397, 19.51450105357809], [-99.1995","deleg":"AZCAPOTZALCO","zona":"PONIENTE","sctr_18":"HORMIGA","cv_sctr":3,"zp":1,"are_km2":0.649079860530683,"x":-99.203787,"y":19.510502,"fech_cr":"2018-08-17T00:00:00","anio":2018,"mes":8,"dia":17}},
{"type":"Feature","geometry":{"type":"Polygon","coordinates":[[[-99.13417966770592,19.322463053467743],[-99.13119077867142,19.3185896301211],[-99.12998882159344,19.317803386648905],[-99.12999005759538,19.317801487825456],[-99.12653591805164,19.316091610231695],[-99.12477768764158,19.31515758698576],[-99.12408500489708,19.314430152809667],[-99.12398648510512,19.316201181913492],[-99.12471071768474,19.321115546855676],[-99.1259419185502,19.322051742058314],[-99.13053221936984,19.325166019115223],[-99.12956793151125,19.331394934240883],[-99.13653613081776,19.332662462487917],[-99.14046970773512,19.331838479859336],[-99.13968898892502,19.329288158723138],[-99.13664162881204,19.329246182622867],[-99.13646368382638,19.32578519582406],[-99.13417966770592,19.322463053467743]]]},"properties":{"_id":290,"id":289,"g_pnt_2":"19.3246753613,-99.1315668244","geo_shp":"{\"type\": \"Polygon\", \"coordinates\": [[[-99.13417966770592, 19.322463053467743], [-99.13593152730101, 19.32474371414798], [-99.13646368382638, 19.32578519582406], [-99.13664162881203, 19.329246182622867], [-99.13968898892502, 19.329288158723138], [-99.1403","deleg":"COYOACAN","zona":"SUR","sctr_18":"TAXQUEA","cv_sctr":3,"zp":13,"are_km2":1.36901767453482,"x":-99.131826,"y":19.32372,"fech_cr":"2018-08-17T00:00:00","anio":2018,"mes":8,"dia":17}},
{"type":"Feature","geometry":{"type":"Polygon","coordinates":[[[-99.13956607801454,19.252796078066165],[-99.1385523904037,19.25336054145285],[-99.1379948660167,19.255397378765352],[-99.13573700816968,19.25772867259031],[-99.13420666267488,19.26004666245635],[-99.13197965880671,19.259102288221005],[-99.12981784246271,19.259945081392093],[-99.1287003350514,19.261095579936185],[-99.12717883206714,19.26567062385739],[-99.12724239416896,19.2680056951842],[-99.130834354129,19.271128907429915],[-99.13225309419452,19.274939877850255],[-99.13220407836596,19.278019203666915],[-99.1342314321738,19.279719554815824],[-99.13750238771657,19.28045262360324],[-99.13851475274872,19.28150964973676],[-99.1407227157766,19.28193635690009],[-99.14141496623294,19.27613550600011],[-99.14076296002833,19.27300637831414],[-99.14175830370436,19.270124247267574],[-99.14359905939416,19.26857182223647],[-99.14450030921908,19.266561361318264],[-99.14299076571248,19.266370945290017],[-99.14195256598572,19.261315064421403],[-99.14205830596208,19.259014571606645],[-99.13952657199084,19.25727799407843],[-99.13956607801454,19.252796078066165]]]},"properties":{"_id":291,"id":290,"g_pnt_2":"19.2680524493,-99.1360986319","geo_shp":"{\"type\": \"Polygon\", \"coordinates\": [[[-99.12770875968577, 19.263540207808514], [-99.12803615032888, 19.262973846216788], [-99.12851220674297, 19.261831757115296], [-99.1287003350514, 19.261095579936182], [-99.12886914047048, 19.26096350802055], [-99.1290","deleg":"XOCHIMILCO","zona":"ORIENTE","sctr_18":"LA NORIA","cv_sctr":5,"zp":7,"are_km2":3.18508452560731,"x":-99.134069,"y":19.267296,"fech_cr":"2018-08-17T00:00:00","anio":2018,"mes":8,"dia":17}},
{"type":"Feature","geometry":{"type":"Polygon","coordinates":[[[-99.0984007420963,19.50520995770419],[-99.09349184362377,19.502056434298556],[-99.09276801291792,19.504348120978765],[-99.08987056266106,19.50951314956777],[-99.09444002670368,19.511492414394123],[-99.0984007420963,19.50520995770419]]]},"properties":{"_id":292,"id":291,"g_pnt_2":"19.5069208296,-99.0941299135","geo_shp":"{\"type\": \"Polygon\", \"coordinates\": [[[-99.0984007420963, 19.50520995770419], [-99.09708154360953, 19.507233294397928], [-99.09661222933345, 19.508124476146943], [-99.09650447440602, 19.508341256246784], [-99.0961936812106, 19.508810927106193], [-99.09585","deleg":"GUSTAVO A MADERO","zona":"NORTE","sctr_18":"QUIROGA","cv_sctr":4,"zp":2,"are_km2":0.479362928718198,"x":-99.094461,"y":19.506772,"fech_cr":"2018-08-17T00:00:00","anio":2018,"mes":8,"dia":17}},
{"type":"Feature","geometry":{"type":"Polygon","coordinates":[[[-99.1651320040842,19.27616830589234],[-99.1656059913774,19.275175068830528],[-99.16379103565536,19.27133263298214],[-99.1635007279013,19.268976180651112],[-99.16581684920187,19.262365789824415],[-99.16543381346918,19.261212001117183],[-99.16469905816008,19.262233220303465],[-99.16184721314556,19.26370261239966],[-99.1500236789458,19.265539248623828],[-99.14882292172912,19.26459044020905],[-99.145662529463,19.266556914311447],[-99.14450030921908,19.266561361318264],[-99.14359905939416,19.26857182223647],[-99.14512782399366,19.26927683395016],[-99.15165591904773,19.271145174453647],[-99.15451617928667,19.27263221855205],[-99.15826346131004,19.273735427013246],[-99.15900628842128,19.271516801437556],[-99.16105154629862,19.27322632932725],[-99.16403261975556,19.27454302448652],[-99.1651320040842,19.27616830589234]]]},"properties":{"_id":293,"id":292,"g_pnt_2":"19.2683690343,-99.1564591124","geo_shp":"{\"type\": \"Polygon\", \"coordinates\": [[[-99.16513200408419, 19.27616830589234], [-99.16412227725988, 19.276177711033323], [-99.16417254027282, 19.27600079509994], [-99.16423762551308, 19.275704385406314], [-99.16427264226407, 19.275412792772762], [-99.1643","deleg":"TLALPAN","zona":"SUR","sctr_18":"HUIPULCO-HOSPITALES","cv_sctr":5,"zp":11,"are_km2":1.732789602925431,"x":-99.154723,"y":19.271045,"fech_cr":"2018-08-17T00:00:00","anio":2018,"mes":8,"dia":17}},
{"type":"Feature","geometry":{"type":"Polygon","coordinates":[[[-99.1322798158094,19.44684193315558],[-99.13452698482486,19.44753392344295],[-99.13881950030766,19.44330999682203],[-99.13896703836376,19.44316500964122],[-99.13494703653237,19.442942011385536],[-99.1323999814199,19.442770996790433],[-99.1322798158094,19.44684193315558]]]},"properties":{"_id":294,"id":293,"g_pnt_2":"19.444769945,-99.1347360648","geo_shp":"{\"type\": \"Polygon\", \"coordinates\": [[[-99.13227988808481, 19.44693113512658], [-99.13227981580941, 19.44684193315558], [-99.1323999814199, 19.442770996790433], [-99.13494703653235, 19.442942011385536], [-99.13662900643091, 19.44313000192908], [-99.138220","deleg":"CUAUHTEMOC","zona":"CENTRO","sctr_18":"MORELOS","cv_sctr":3,"zp":3,"are_km2":0.222549392982625,"x":-99.135624,"y":19.445151,"fech_cr":"2018-08-17T00:00:00","anio":2018,"mes":8,"dia":17}},
{"type":"Feature","geometry":{"type":"Polygon","coordinates":[[[-99.16865528192234,19.415705547436698],[-99.16461275597904,19.416505478280303],[-99.16265398091356,19.42286102412118],[-99.16536226231686,19.42223705506879],[-99.1699539460557,19.42114702596449],[-99.16865528192234,19.415705547436698]]]},"properties":{"_id":295,"id":294,"g_pnt_2":"19.4193420077,-99.1664432295","geo_shp":"{\"type\": \"Polygon\", \"coordinates\": [[[-99.16865528192234, 19.415705547436698], [-99.16937736935522, 19.4184671613323], [-99.1699539460557, 19.42114702596449], [-99.16700059877888, 19.421848109369037], [-99.16536226231686, 19.42223705506879], [-99.1626539","deleg":"CUAUHTEMOC","zona":"CENTRO","sctr_18":"ROMA","cv_sctr":4,"zp":8,"are_km2":0.388847578655922,"x":-99.166301,"y":19.419218,"fech_cr":"2018-08-17T00:00:00","anio":2018,"mes":8,"dia":17}},
{"type":"Feature","geometry":{"type":"Polygon","coordinates":[[[-99.10810307233612,19.34019557452837],[-99.10919275590908,19.341568309721644],[-99.11189995827584,19.342839822791397],[-99.1126066138023,19.338021514710945],[-99.11378778229592,19.338251335577777],[-99.11376990732488,19.338010308438943],[-99.11357294395944,19.337067155353505],[-99.1126812600416,19.335115813223155],[-99.1100514700686,19.332261200202844],[-99.10864496441005,19.3342668113875],[-99.1085008149598,19.338858827372064],[-99.10810307233612,19.34019557452837]]]},"properties":{"_id":296,"id":295,"g_pnt_2":"19.3375829721,-99.1107359766","geo_shp":"{\"type\": \"Polygon\", \"coordinates\": [[[-99.11138805680326, 19.342599007847394], [-99.1100753994984, 19.341972672325973], [-99.10919275590909, 19.341568309721644], [-99.10928257903676, 19.340489142009037], [-99.10810307233612, 19.340195574528366], [-99.108","deleg":"IZTAPALAPA","zona":"ORIENTE","sctr_18":"GRANJAS","cv_sctr":5,"zp":7,"are_km2":0.412110815793109,"x":-99.110945,"y":19.338131,"fech_cr":"2018-08-17T00:00:00","anio":2018,"mes":8,"dia":17}},
{"type":"Feature","geometry":{"type":"Polygon","coordinates":[[[-99.08599339006716,19.46437886667714],[-99.0905972824119,19.465010888845818],[-99.09475903291084,19.466645575677283],[-99.09798774535456,19.45821730196886],[-99.10156854797587,19.44936282063282],[-99.10135939015534,19.44929488376736],[-99.09939187601746,19.44910916331992],[-99.09478812165176,19.450951883663027],[-99.09256586971767,19.450645388176586],[-99.09100856785642,19.44924099478311],[-99.0868860714174,19.459949974008616],[-99.08599339006716,19.46437886667714]]]},"properties":{"_id":297,"id":296,"g_pnt_2":"19.4575158528,-99.0933394786","geo_shp":"{\"type\": \"Polygon\", \"coordinates\": [[[-99.08599339006717, 19.46437886667714], [-99.08606580399895, 19.464203501206526], [-99.08617383707279, 19.463820251994772], [-99.0863151322006, 19.463097260225286], [-99.08667180527685, 19.460323694661042], [-99.0867","deleg":"GUSTAVO A MADERO","zona":"NORTE","sctr_18":"ARAGON","cv_sctr":1,"zp":9,"are_km2":1.832107263531407,"x":-99.093782,"y":19.457856,"fech_cr":"2018-08-17T00:00:00","anio":2018,"mes":8,"dia":17}},
{"type":"Feature","geometry":{"type":"Polygon","coordinates":[[[-99.11313689636394,19.407693459344795],[-99.12139683958053,19.40850721876491],[-99.1213289911076,19.40435117079178],[-99.11338092604608,19.405100018682976],[-99.11313689636394,19.407693459344795]]]},"properties":{"_id":298,"id":297,"g_pnt_2":"19.4064865123,-99.1176061407","geo_shp":"{\"type\": \"Polygon\", \"coordinates\": [[[-99.11313689636394, 19.407693459344795], [-99.11338092604609, 19.405100018682976], [-99.11642937198377, 19.404825513045523], [-99.11776384494503, 19.404856194926083], [-99.11910982801558, 19.404735748478767], [-99.12","deleg":"VENUSTIANO CARRANZA","zona":"NORTE","sctr_18":"MERCED-BALBUENA","cv_sctr":3,"zp":5,"are_km2":0.316018649770617,"x":-99.117177,"y":19.406432,"fech_cr":"2018-08-17T00:00:00","anio":2018,"mes":8,"dia":17}},
{"type":"Feature","geometry":{"type":"Polygon","coordinates":[[[-99.11812754697576,19.437507441052876],[-99.1139890156265,19.43715038695279],[-99.1134845174305,19.439357078300745],[-99.1170330542068,19.443320206581856],[-99.11812754697576,19.437507441052876]]]},"properties":{"_id":305,"id":304,"g_pnt_2":"19.4395026497,-99.11593814","geo_shp":"{\"type\": \"Polygon\", \"coordinates\": [[[-99.11812754697577, 19.437507441052876], [-99.11794931254795, 19.43843229497715], [-99.11703305420681, 19.443320206581856], [-99.1134845174305, 19.439357078300745], [-99.1139890156265, 19.437150386952794], [-99.11812","deleg":"VENUSTIANO CARRANZA","zona":"NORTE","sctr_18":"CONSULADO","cv_sctr":5,"zp":6,"are_km2":0.199688479264253,"x":-99.115801,"y":19.439838,"fech_cr":"2018-08-17T00:00:00","anio":2018,"mes":8,"dia":17}},
{"type":"Feature","geometry":{"type":"Polygon","coordinates":[[[-99.11240298503232,19.41302635881296],[-99.11545262068596,19.41328120829975],[-99.12132239205974,19.41304836713779],[-99.1213825935853,19.412926588709293],[-99.12139683958053,19.40850721876491],[-99.11313689636394,19.407693459344795],[-99.1126127473552,19.41098957586191],[-99.11240298503232,19.41302635881296]]]},"properties":{"_id":299,"id":298,"g_pnt_2":"19.4106661482,-99.1169081699","geo_shp":"{\"type\": \"Polygon\", \"coordinates\": [[[-99.11545262068596, 19.41328120829975], [-99.11449237539344, 19.41320969491109], [-99.11240298503233, 19.41302635881296], [-99.11261274735519, 19.41098957586191], [-99.11295897547333, 19.407688147390655], [-99.113136","deleg":"VENUSTIANO CARRANZA","zona":"NORTE","sctr_18":"MERCED-BALBUENA","cv_sctr":3,"zp":4,"are_km2":0.515005776751224,"x":-99.11704,"y":19.408512,"fech_cr":"2018-08-17T00:00:00","anio":2018,"mes":8,"dia":17}},
{"type":"Feature","geometry":{"type":"Polygon","coordinates":[[[-99.16974977550468,19.311449404158225],[-99.17018286592756,19.31124772859832],[-99.17998045789705,19.30709060396082],[-99.17988916166024,19.30289949599549],[-99.1743269491052,19.302398232219268],[-99.16626070606608,19.301348150505795],[-99.16485587898192,19.3011354087634],[-99.16470827492871,19.303632693546113],[-99.16332199026682,19.307255214581673],[-99.16974977550468,19.311449404158225]]]},"properties":{"_id":300,"id":299,"g_pnt_2":"19.3058577126,-99.1714348775","geo_shp":"{\"type\": \"Polygon\", \"coordinates\": [[[-99.16974977550467, 19.311449404158225], [-99.16945100988468, 19.311203039839842], [-99.16916221461719, 19.31111717739935], [-99.16865998005628, 19.3105407584363], [-99.16535876707928, 19.308561243653596], [-99.16381","deleg":"COYOACAN","zona":"SUR","sctr_18":"XOTEPINGO","cv_sctr":5,"zp":5,"are_km2":1.330786590419618,"x":-99.172668,"y":19.30634,"fech_cr":"2018-08-17T00:00:00","anio":2018,"mes":8,"dia":17}},
{"type":"Feature","geometry":{"type":"Polygon","coordinates":[[[-99.13838225188486,19.361781374125396],[-99.14242799732916,19.362361823419658],[-99.14299655223228,19.35931049587435],[-99.14351487813754,19.3565513966514],[-99.13959258460014,19.356317565069496],[-99.13838225188486,19.361781374125396]]]},"properties":{"_id":301,"id":300,"g_pnt_2":"19.3592753339,-99.1409945011","geo_shp":"{\"type\": \"Polygon\", \"coordinates\": [[[-99.13980897592185, 19.361978392232196], [-99.13838225188486, 19.361781374125396], [-99.1390224389, 19.358902987025715], [-99.13959258460014, 19.356317565069496], [-99.14351487813754, 19.3565513966514], [-99.14299655","deleg":"BENITO JUAREZ","zona":"SUR","sctr_18":"NATIVITAS","cv_sctr":4,"zp":7,"are_km2":0.267067094617724,"x":-99.140817,"y":19.359964,"fech_cr":"2018-08-17T00:00:00","anio":2018,"mes":8,"dia":17}},
{"type":"Feature","geometry":{"type":"Polygon","coordinates":[[[-99.09812894195368,19.277454572322043],[-99.07446385497104,19.288406359717204],[-99.0774258711956,19.291963876698752],[-99.087131631411,19.30367870672115],[-99.09055149645228,19.307797937605372],[-99.09768417713968,19.316690201275108],[-99.09848850460236,19.318681706646213],[-99.09898345947674,19.31448770422323],[-99.09968516687806,19.305627258682467],[-99.10037411221498,19.29921552406564],[-99.10086881912916,19.29463143432843],[-99.10510169045878,19.292789663323077],[-99.11001430184226,19.29064100277029],[-99.11479330533729,19.288567217966342],[-99.1242993109064,19.284472812996857],[-99.1242178543199,19.28360478215615],[-99.1144112728868,19.288023017206545],[-99.10442563451385,19.291880210339677],[-99.10520362319468,19.281161223312154],[-99.10475946279136,19.280270254543876],[-99.10539040198849,19.272759873630168],[-99.1041054987153,19.27146005979509],[-99.10293776423823,19.273056719428997],[-99.09812894195368,19.277454572322043]]]},"properties":{"_id":302,"id":301,"g_pnt_2":"19.2925518782,-99.0937135201","geo_shp":"{\"type\": \"Polygon\", \"coordinates\": [[[-99.09812894195368, 19.277454572322043], [-99.10190210455212, 19.274199054331728], [-99.1025199840995, 19.27351878958914], [-99.10293776423823, 19.273056719428997], [-99.10330434758896, 19.272602811328674], [-99.1036","deleg":"XOCHIMILCO","zona":"ORIENTE","sctr_18":"TEPEPAN","cv_sctr":6,"zp":1,"are_km2":7.666330334555696,"x":-99.089708,"y":19.295056,"fech_cr":"2018-08-17T00:00:00","anio":2018,"mes":8,"dia":17}},
{"type":"Feature","geometry":{"type":"Polygon","coordinates":[[[-99.23455843639393,19.372232440950683],[-99.23398817618752,19.37078867499399],[-99.23481754486107,19.369709405828537],[-99.23556623524416,19.36669760892208],[-99.23394732511454,19.36638346641562],[-99.23358688227891,19.362481796784063],[-99.2312733267817,19.36096523520838],[-99.23105627055632,19.36275037383501],[-99.2293716536944,19.36280645922936],[-99.22452138982968,19.36444842644168],[-99.22386884556973,19.363606099238975],[-99.21941777449668,19.364264133399573],[-99.21719956521476,19.36427574067996],[-99.2167627271064,19.36444047711573],[-99.21608314319096,19.365376781779435],[-99.2163754683313,19.366387486763983],[-99.216724300291,19.367570383196657],[-99.21722178694458,19.3693346798891],[-99.22228226964688,19.36807151151036],[-99.2229396590928,19.37050908857808],[-99.22437661373134,19.36935817489027],[-99.22565263947484,19.369740701112665],[-99.22596240248154,19.37126434969685],[-99.2224146552572,19.374549778067976],[-99.21977586061408,19.375392770131747],[-99.21902977183656,19.380169476751792],[-99.22365778820502,19.37962158265985],[-99.22498123718496,19.378906151412465],[-99.226103273544,19.37715858160085],[-99.22892109468884,19.376524857689],[-99.23179758907084,19.37517613152171],[-99.23455843639393,19.372232440950683]]]},"properties":{"_id":303,"id":302,"g_pnt_2":"19.3700217614,-99.2264951112","geo_shp":"{\"type\": \"Polygon\", \"coordinates\": [[[-99.2343868904956, 19.37113313204644], [-99.23443949180391, 19.37162598196567], [-99.23455843639391, 19.372232440950683], [-99.23421695586919, 19.372559775318692], [-99.23372553709578, 19.372915860888487], [-99.23316","deleg":"ALVARO OBREGON","zona":"PONIENTE","sctr_18":"SANTA FE","cv_sctr":5,"zp":4,"are_km2":2.249212220454448,"x":-99.232913,"y":19.371776,"fech_cr":"2018-08-17T00:00:00","anio":2018,"mes":8,"dia":17}},
{"type":"Feature","geometry":{"type":"Polygon","coordinates":[[[-99.10937866742296,19.271220097876625],[-99.10777470769564,19.26723155103272],[-99.1083670199418,19.265662044296068],[-99.1119413287143,19.26651342821038],[-99.11258086116727,19.264756071821733],[-99.11118358091274,19.264447560143864],[-99.11252031145254,19.260810892822096],[-99.11032423668884,19.256713549242537],[-99.1099049426628,19.256381297727017],[-99.1082394989949,19.25579491837202],[-99.10709694878813,19.25857600703273],[-99.10577338378478,19.259455440676817],[-99.1033113266109,19.269920004350062],[-99.10192789245612,19.27127058783247],[-99.10293776423823,19.273056719428997],[-99.1041054987153,19.27146005979509],[-99.10539040198849,19.272759873630168],[-99.10777133988437,19.272561821193676],[-99.10937866742296,19.271220097876625]]]},"properties":{"_id":304,"id":303,"g_pnt_2":"19.2648940936,-99.1076485486","geo_shp":"{\"type\": \"Polygon\", \"coordinates\": [[[-99.10937866742296, 19.271220097876625], [-99.10880246535065, 19.2708269326805], [-99.10856376415565, 19.270787036813154], [-99.10854304879294, 19.27126732177998], [-99.10852922337426, 19.271660929416274], [-99.10848","deleg":"XOCHIMILCO","zona":"ORIENTE","sctr_18":"TEPEPAN","cv_sctr":6,"zp":9,"are_km2":1.070114735037995,"x":-99.110231,"y":19.265197,"fech_cr":"2018-08-17T00:00:00","anio":2018,"mes":8,"dia":17}},
{"type":"Feature","geometry":{"type":"Polygon","coordinates":[[[-99.19739627197842,19.481587845761776],[-99.19999184542232,19.47501635398175],[-99.20073804466811,19.472643961503845],[-99.19023098677012,19.46979786350271],[-99.18915545303815,19.46930083402255],[-99.18838600874986,19.47832301359767],[-99.1913920842778,19.48043421833565],[-99.19493526282892,19.48085710685515],[-99.19739627197842,19.481587845761776]]]},"properties":{"_id":334,"id":333,"g_pnt_2":"19.4755579091,-99.1940055768","geo_shp":"{\"type\": \"Polygon\", \"coordinates\": [[[-99.19739627197842, 19.481587845761776], [-99.19493526282893, 19.480857106855154], [-99.19375419603949, 19.480711693173948], [-99.19274196257032, 19.480712773060002], [-99.19201090618422, 19.48062019066338], [-99.191","deleg":"AZCAPOTZALCO","zona":"PONIENTE","sctr_18":"CLAVERIA","cv_sctr":1,"zp":7,"are_km2":1.196253256762811,"x":-99.193797,"y":19.475218,"fech_cr":"2018-08-17T00:00:00","anio":2018,"mes":8,"dia":17}},
{"type":"Feature","geometry":{"type":"Polygon","coordinates":[[[-99.10743691880576,19.433413314166778],[-99.10643622029404,19.43239788401575],[-99.0996555273146,19.42278794909625],[-99.09908576706454,19.42097908892389],[-99.097865545699,19.42266872082998],[-99.09388741091882,19.422893058824055],[-99.09205181615796,19.426175505997335],[-99.09510221391984,19.427697693738104],[-99.09927455438977,19.429756692808944],[-99.10480605390364,19.43255247369688],[-99.10743691880576,19.433413314166778]]]},"properties":{"_id":306,"id":305,"g_pnt_2":"19.426840231,-99.0990295221","geo_shp":"{\"type\": \"Polygon\", \"coordinates\": [[[-99.10743691880577, 19.433413314166778], [-99.10682402167731, 19.43327404324635], [-99.10545818559903, 19.43282711361798], [-99.10480605390364, 19.43255247369688], [-99.09927455438977, 19.429756692808944], [-99.09908","deleg":"VENUSTIANO CARRANZA","zona":"NORTE","sctr_18":"MOCTEZUMA","cv_sctr":6,"zp":6,"are_km2":0.784891282534533,"x":-99.097877,"y":19.426224,"fech_cr":"2018-08-17T00:00:00","anio":2018,"mes":8,"dia":17}},
{"type":"Feature","geometry":{"type":"Polygon","coordinates":[[[-99.1839328651448,19.459095012586445],[-99.178512117327,19.45821564329614],[-99.17744197973374,19.459949304479277],[-99.17690630742104,19.46606534220432],[-99.17577023153112,19.467592365609892],[-99.17830415703756,19.46991527912077],[-99.18142080394524,19.469154288344303],[-99.1816793220906,19.46652334888065],[-99.18203272401202,19.4624370692066],[-99.1839328651448,19.459095012586445]]]},"properties":{"_id":307,"id":306,"g_pnt_2":"19.4639278196,-99.1795670817","geo_shp":"{\"type\": \"Polygon\", \"coordinates\": [[[-99.1839328651448, 19.459095012586445], [-99.18359916981093, 19.459479180323815], [-99.1817117024162, 19.462234405423505], [-99.18203272401202, 19.4624370692066], [-99.1818621448487, 19.464286255064586], [-99.1816793","deleg":"AZCAPOTZALCO","zona":"PONIENTE","sctr_18":"CLAVERIA","cv_sctr":1,"zp":12,"are_km2":0.641373154706443,"x":-99.180352,"y":19.464061,"fech_cr":"2018-08-17T00:00:00","anio":2018,"mes":8,"dia":17}},
{"type":"Feature","geometry":{"type":"Polygon","coordinates":[[[-99.13432605316204,19.48419005937536],[-99.13692845935898,19.472233184965397],[-99.1367073099863,19.47030254485791],[-99.13651026481702,19.470525833403418],[-99.12947781469876,19.47913891841302],[-99.12811197134856,19.48082559387073],[-99.131946715354,19.48364765119393],[-99.13432605316204,19.48419005937536]]]},"properties":{"_id":308,"id":307,"g_pnt_2":"19.4784051436,-99.1331805414","geo_shp":"{\"type\": \"Polygon\", \"coordinates\": [[[-99.13515036723312, 19.48001332600602], [-99.13432605316204, 19.48419005937536], [-99.13226853852773, 19.483804581282627], [-99.13217388371068, 19.483764252064372], [-99.13204605378486, 19.483705962051715], [-99.1319","deleg":"GUSTAVO A MADERO","zona":"NORTE","sctr_18":"LINDAVISTA","cv_sctr":2,"zp":5,"are_km2":0.619128268480029,"x":-99.131785,"y":19.478639,"fech_cr":"2018-08-17T00:00:00","anio":2018,"mes":8,"dia":17}},
{"type":"Feature","geometry":{"type":"Polygon","coordinates":[[[-99.18303940416472,19.436769246787925],[-99.18328050569323,19.437613575102137],[-99.18946847951746,19.439129165692226],[-99.19167944885228,19.441576687187737],[-99.19319893812178,19.44143652807357],[-99.19337697960108,19.4373269964007],[-99.18843907573336,19.437070278760483],[-99.18303940416472,19.436769246787925]]]},"properties":{"_id":309,"id":308,"g_pnt_2":"19.4385490051,-99.1896555771","geo_shp":"{\"type\": \"Polygon\", \"coordinates\": [[[-99.18303940416473, 19.436769246787925], [-99.1832689375605, 19.43681248640962], [-99.18380863053413, 19.436845018536236], [-99.18589801057695, 19.436936972666423], [-99.18843907573337, 19.437070278760483], [-99.1901","deleg":"MIGUEL HIDALGO","zona":"PONIENTE","sctr_18":"SOTELO","cv_sctr":3,"zp":10,"are_km2":0.26426539113834,"x":-99.18826,"y":19.438698,"fech_cr":"2018-08-17T00:00:00","anio":2018,"mes":8,"dia":17}},
{"type":"Feature","geometry":{"type":"Polygon","coordinates":[[[-99.20599900780203,19.422775001803434],[-99.20459723665874,19.42275516721684],[-99.20349067790364,19.421069796549137],[-99.20456316211512,19.419578637641074],[-99.2053144847127,19.419714349398088],[-99.20563714860856,19.419070319837623],[-99.20560513109972,19.418681102614343],[-99.2055720511136,19.418052749173437],[-99.20552382082477,19.418026052178075],[-99.20303857717856,19.40984132387668],[-99.20250238761062,19.405182351888502],[-99.2004959702921,19.406325045049343],[-99.19357794901278,19.410111031647062],[-99.19316007994708,19.41307403653839],[-99.19484742208836,19.417257052261913],[-99.19503210777306,19.419729206918262],[-99.19663020491984,19.42168242775456],[-99.19884431597906,19.42243602000884],[-99.20191512657117,19.426326610658204],[-99.2024356432518,19.42674483750027],[-99.20539897731592,19.426162012890785],[-99.2047989354568,19.424694066467104],[-99.20599900780203,19.422775001803434]]]},"properties":{"_id":310,"id":309,"g_pnt_2":"19.4158990886,-99.1998261023","geo_shp":"{\"type\": \"Polygon\", \"coordinates\": [[[-99.20599900780205, 19.422775001803434], [-99.20523597952489, 19.423417993622625], [-99.20486071113487, 19.424126610694262], [-99.20479893545681, 19.424694066467104], [-99.2050120160754, 19.42529898959618], [-99.2053","deleg":"MIGUEL HIDALGO","zona":"PONIENTE","sctr_18":"TACUBAYA","cv_sctr":5,"zp":2,"are_km2":1.918727071466804,"x":-99.199743,"y":19.4163,"fech_cr":"2018-08-17T00:00:00","anio":2018,"mes":8,"dia":17}},
{"type":"Feature","geometry":{"type":"Polygon","coordinates":[[[-99.216724300291,19.367570383196657],[-99.2163754683313,19.366387486763983],[-99.21608314319096,19.365376781779435],[-99.2167627271064,19.36444047711573],[-99.21719956521476,19.36427574067996],[-99.21941777449668,19.364264133399573],[-99.21699536339784,19.362365133913713],[-99.21622392996576,19.361010118612416],[-99.21655395268118,19.35949518067402],[-99.21529101134864,19.35826817694589],[-99.21650215890084,19.356178930279132],[-99.21222561732183,19.359429691840283],[-99.21289598458534,19.361298006213865],[-99.2128317421176,19.361320585310796],[-99.21144657360122,19.3625450064922],[-99.2108850081207,19.3638282948864],[-99.20712869863092,19.3647937716528],[-99.20607767045618,19.36472157790662],[-99.20408405423936,19.364639772633492],[-99.20458332752136,19.36726540086705],[-99.2037219854218,19.369432714418675],[-99.20316961704076,19.372288445213925],[-99.20788092208188,19.372071189729596],[-99.2079501765526,19.3709662468697],[-99.2125142917956,19.369774681198493],[-99.216724300291,19.367570383196657]]]},"properties":{"_id":311,"id":310,"g_pnt_2":"19.365916194,-99.2109104326","geo_shp":"{\"type\": \"Polygon\", \"coordinates\": [[[-99.21672430029099, 19.367570383196657], [-99.21620846599752, 19.367770459543728], [-99.21613090089137, 19.367800918463935], [-99.21562402370533, 19.367862072458063], [-99.21514034222865, 19.36825723251355], [-99.214","deleg":"ALVARO OBREGON","zona":"PONIENTE","sctr_18":"PLATEROS","cv_sctr":2,"zp":11,"are_km2":1.228832730237276,"x":-99.214825,"y":19.363774,"fech_cr":"2018-08-17T00:00:00","anio":2018,"mes":8,"dia":17}},
{"type":"Feature","geometry":{"type":"Polygon","coordinates":[[[-99.19446593021809,19.32443835602156],[-99.19443362380198,19.32947849520673],[-99.19614747836428,19.332896015408668],[-99.19952941738929,19.33251872337106],[-99.20395594575436,19.332116975987365],[-99.21001777996648,19.33035721633709],[-99.2115069850201,19.327471990755697],[-99.21370144204786,19.324876311492503],[-99.2121866874264,19.3237770971748],[-99.21041455291932,19.324171028782057],[-99.20634299450282,19.3274845953498],[-99.20286550016742,19.32616391919201],[-99.19951432384008,19.32596779090566],[-99.19663945181586,19.324679955426163],[-99.19446593021809,19.32443835602156]]]},"properties":{"_id":312,"id":311,"g_pnt_2":"19.3284604639,-99.2028127295","geo_shp":"{\"type\": \"Polygon\", \"coordinates\": [[[-99.19443362380198, 19.32947849520673], [-99.19446593021809, 19.32443835602156], [-99.19497181783449, 19.32445128219702], [-99.19570048103952, 19.32455805146888], [-99.1959190294051, 19.324619364182862], [-99.1962751","deleg":"ALVARO OBREGON","zona":"PONIENTE","sctr_18":"SAN ANGEL","cv_sctr":4,"zp":7,"are_km2":1.242101181651936,"x":-99.204068,"y":19.327336,"fech_cr":"2018-08-17T00:00:00","anio":2018,"mes":8,"dia":17}},
{"type":"Feature","geometry":{"type":"Polygon","coordinates":[[[-99.1573782222803,19.454149556742713],[-99.16330799369892,19.455067060424025],[-99.1643726806351,19.447518643493183],[-99.1587933707902,19.44659101465949],[-99.1573782222803,19.454149556742713]]]},"properties":{"_id":313,"id":312,"g_pnt_2":"19.4508780996,-99.1609426245","geo_shp":"{\"type\": \"Polygon\", \"coordinates\": [[[-99.1573782222803, 19.454149556742713], [-99.15810115830033, 19.4501319507401], [-99.15846137007654, 19.448363685091795], [-99.1587933707902, 19.446591014659486], [-99.16101221890392, 19.44695472352356], [-99.1643726","deleg":"CUAUHTEMOC","zona":"CENTRO","sctr_18":"BUENAVISTA","cv_sctr":2,"zp":1,"are_km2":0.520723771774455,"x":-99.160876,"y":19.450829,"fech_cr":"2018-08-17T00:00:00","anio":2018,"mes":8,"dia":17}},
{"type":"Feature","geometry":{"type":"Polygon","coordinates":[[[-99.14331591596996,19.341217229759177],[-99.14425674013576,19.345007931962986],[-99.1451960263719,19.34894766180178],[-99.14503074870422,19.351219440890112],[-99.14351487813754,19.3565513966514],[-99.15272017357748,19.356971848651696],[-99.15096061938928,19.35088908223897],[-99.14840772643213,19.341955157164147],[-99.14331591596996,19.341217229759177]]]},"properties":{"_id":314,"id":313,"g_pnt_2":"19.3500390658,-99.1475653895","geo_shp":"{\"type\": \"Polygon\", \"coordinates\": [[[-99.14331591596996, 19.341217229759174], [-99.14840772643211, 19.341955157164147], [-99.15096061938927, 19.35088908223897], [-99.15195880069928, 19.354366442289862], [-99.15272017357748, 19.356971848651696], [-99.143","deleg":"COYOACAN","zona":"SUR","sctr_18":"COYOACAN","cv_sctr":1,"zp":7,"are_km2":1.072056003402004,"x":-99.148018,"y":19.349095,"fech_cr":"2018-08-17T00:00:00","anio":2018,"mes":8,"dia":17}},
{"type":"Feature","geometry":{"type":"Polygon","coordinates":[[[-99.23454094202702,19.315529045409416],[-99.2364267509372,19.316842422009213],[-99.2347232275662,19.317659829677424],[-99.23728571737487,19.322881795940425],[-99.23898805236286,19.324100034124935],[-99.24054696536004,19.32441701796622],[-99.2408720010052,19.32476698334661],[-99.24235196537298,19.327316023282997],[-99.24375100104872,19.327901974863888],[-99.24834902724083,19.32693595984663],[-99.24599206786884,19.32600266123087],[-99.24636111649724,19.32369653803042],[-99.24489255487228,19.318724216316017],[-99.24447577173612,19.318191817748712],[-99.24302037490357,19.315549399023247],[-99.24520816380564,19.314413586153364],[-99.24240638512003,19.31153852543238],[-99.24290930231776,19.30937159014023],[-99.240815432634,19.31025654350393],[-99.24003859736877,19.312012072212468],[-99.23756715131768,19.31401283776144],[-99.23719057454647,19.314207007400007],[-99.23454094202702,19.315529045409416]]]},"properties":{"_id":315,"id":314,"g_pnt_2":"19.3193111881,-99.2412532352","geo_shp":"{\"type\": \"Polygon\", \"coordinates\": [[[-99.23454094202702, 19.315529045409416], [-99.23511510490515, 19.31524316432133], [-99.23584029171496, 19.31486209917331], [-99.23626539685026, 19.31471902332537], [-99.23671561423731, 19.314563984038], [-99.23719057","deleg":"MAGDALENA CONTRERAS","zona":"SUR","sctr_18":"SAN JERONIMO","cv_sctr":2,"zp":6,"are_km2":1.424433377896108,"x":-99.241441,"y":19.318639,"fech_cr":"2018-08-17T00:00:00","anio":2018,"mes":8,"dia":17}},
{"type":"Feature","geometry":{"type":"Polygon","coordinates":[[[-99.25780472707534,19.32180140802649],[-99.258159009372,19.316506944358903],[-99.25642085342557,19.31579730970406],[-99.25283744040476,19.315888983261942],[-99.2512138285089,19.317984103316537],[-99.24869664587798,19.318287335293444],[-99.25140869551306,19.32004435630452],[-99.25522379785389,19.319702581995376],[-99.25410792060082,19.323074594451917],[-99.24981949003092,19.323144867875236],[-99.25035171735094,19.320826311902984],[-99.24966969736109,19.320290674289357],[-99.2486610908621,19.32240960162789],[-99.24690663103736,19.322648774731174],[-99.24636111649724,19.32369653803042],[-99.24599206786884,19.32600266123087],[-99.24834902724083,19.32693595984663],[-99.2496347240476,19.326409471692664],[-99.25347162715192,19.32646364731401],[-99.25487300135532,19.325959013715543],[-99.25780472707534,19.32180140802649]]]},"properties":{"_id":316,"id":315,"g_pnt_2":"19.321555022,-99.2527590695","geo_shp":"{\"type\": \"Polygon\", \"coordinates\": [[[-99.25780472707534, 19.32180140802649], [-99.25737493002896, 19.322047932604978], [-99.25684996681241, 19.322739971261843], [-99.25664197570123, 19.32311198730135], [-99.25642000545373, 19.323554969199144], [-99.2561","deleg":"MAGDALENA CONTRERAS","zona":"SUR","sctr_18":"SAN JERONIMO","cv_sctr":2,"zp":7,"are_km2":0.838553439201599,"x":-99.25126,"y":19.318387,"fech_cr":"2018-08-17T00:00:00","anio":2018,"mes":8,"dia":17}},
{"type":"Feature","geometry":{"type":"Polygon","coordinates":[[[-99.2680232171402,19.278285399478417],[-99.2517923207387,19.266200700994208],[-99.2522725227482,19.270812581411597],[-99.25154109908912,19.271445061753617],[-99.25158045052594,19.27365927286294],[-99.24769593280928,19.27726135825417],[-99.24446520578118,19.279288371730747],[-99.24163155172148,19.282162008367795],[-99.24240639088134,19.283488636597095],[-99.24041999871724,19.28697407210776],[-99.24119699821966,19.287816998339043],[-99.24147079761396,19.2881940554341],[-99.24183886706284,19.28847238483073],[-99.24254184725407,19.290681286501773],[-99.2418197151102,19.292217134261783],[-99.24000631055615,19.293463308896612],[-99.23978389777746,19.293475802100847],[-99.24557607868422,19.293304068857022],[-99.24629635066384,19.296589874828943],[-99.25095419079533,19.295734431798213],[-99.25389773288693,19.294148477606733],[-99.25490968123064,19.295078773970495],[-99.25740571028096,19.293959918612757],[-99.25790293484084,19.292571012023863],[-99.26033398195878,19.28969797274878],[-99.26142900786378,19.287318022293213],[-99.2666714721741,19.28160126777613],[-99.2680232171402,19.278285399478417]]]},"properties":{"_id":317,"id":316,"g_pnt_2":"19.2831255705,-99.2535783699","geo_shp":"{\"type\": \"Polygon\", \"coordinates\": [[[-99.26802321714021, 19.278285399478417], [-99.2666714721741, 19.28160126777613], [-99.26142900786378, 19.287318022293213], [-99.26170802579045, 19.287416948145623], [-99.26147696051927, 19.287967952008245], [-99.2610","deleg":"MAGDALENA CONTRERAS","zona":"SUR","sctr_18":"DINAMO","cv_sctr":1,"zp":4,"are_km2":5.211389275476873,"x":-99.254097,"y":19.286224,"fech_cr":"2018-08-17T00:00:00","anio":2018,"mes":8,"dia":17}},
{"type":"Feature","geometry":{"type":"Polygon","coordinates":[[[-99.05904307226886,19.374932521996698],[-99.0596351828016,19.37649297257998],[-99.06048888706609,19.381901799309983],[-99.06588903090724,19.382709617520188],[-99.0673156004426,19.383451728816993],[-99.0745814277822,19.387231381212803],[-99.08370153828086,19.391954884844992],[-99.08421102091212,19.389307037783304],[-99.07555101976185,19.38336299751939],[-99.0770030259287,19.378144792917197],[-99.0595751311855,19.375283285565736],[-99.05904307226886,19.374932521996698]]]},"properties":{"_id":318,"id":317,"g_pnt_2":"19.3819938549,-99.0708891438","geo_shp":"{\"type\": \"Polygon\", \"coordinates\": [[[-99.05904307226886, 19.374932521996694], [-99.0595751311855, 19.375283285565736], [-99.06153736583329, 19.37555620613976], [-99.06237874215311, 19.375695553340474], [-99.06411901102517, 19.375962014795462], [-99.0694","deleg":"IZTAPALAPA","zona":"ORIENTE","sctr_18":"ABASTO-REFORMA","cv_sctr":2,"zp":2,"are_km2":1.76578157983508,"x":-99.071627,"y":19.383444,"fech_cr":"2018-08-17T00:00:00","anio":2018,"mes":8,"dia":17}},
{"type":"Feature","geometry":{"type":"Polygon","coordinates":[[[-99.19058115342128,19.36519387234074],[-99.1908794498153,19.3629614150818],[-99.18876479195438,19.36234272588641],[-99.18540299258166,19.361139097057997],[-99.1821773440085,19.36185516119952],[-99.18051403159372,19.36726347623783],[-99.18772473940092,19.371838593691688],[-99.1884462468449,19.36495957673493],[-99.19058115342128,19.36519387234074]]]},"properties":{"_id":319,"id":318,"g_pnt_2":"19.36559942,-99.1854300327","geo_shp":"{\"type\": \"Polygon\", \"coordinates\": [[[-99.19058115342128, 19.36519387234074], [-99.1884462468449, 19.36495957673493], [-99.18772473940092, 19.371838593691688], [-99.18738445708753, 19.371713138903107], [-99.18570009436729, 19.37049395566399], [-99.183921","deleg":"BENITO JUAREZ","zona":"SUR","sctr_18":"NAPOLES","cv_sctr":3,"zp":7,"are_km2":0.741801300681603,"x":-99.186097,"y":19.366522,"fech_cr":"2018-08-17T00:00:00","anio":2018,"mes":8,"dia":17}},
{"type":"Feature","geometry":{"type":"Polygon","coordinates":[[[-99.24000631055615,19.293463308896612],[-99.2418197151102,19.292217134261783],[-99.24254184725407,19.290681286501773],[-99.24183886706284,19.28847238483073],[-99.2332747796044,19.289049199460713],[-99.2249734917004,19.28968683705895],[-99.22430466804256,19.289740078965952],[-99.22507126592085,19.29799390991849],[-99.23033814324616,19.298781131636577],[-99.23240263563656,19.299802317474946],[-99.23203136005569,19.29718878631116],[-99.23332998088873,19.295766027259628],[-99.2335870037858,19.295591992061063],[-99.23498706953008,19.294576877157557],[-99.23558668055826,19.294433668787228],[-99.23561406476222,19.294215099353092],[-99.23552001598944,19.29413984538637],[-99.23978389777746,19.293475802100847],[-99.24000631055615,19.293463308896612]]]},"properties":{"_id":320,"id":319,"g_pnt_2":"19.292852162,-99.2322338305","geo_shp":"{\"type\": \"Polygon\", \"coordinates\": [[[-99.24000631055617, 19.293463308896612], [-99.23989895854376, 19.293469324524178], [-99.23978389777746, 19.293475802100847], [-99.23951332787229, 19.293555780211143], [-99.23928467157491, 19.293660195453295], [-99.23","deleg":"TLALPAN","zona":"SUR","sctr_18":"PADIERNA","cv_sctr":6,"zp":3,"are_km2":1.431901919029292,"x":-99.233794,"y":19.292756,"fech_cr":"2018-08-17T00:00:00","anio":2018,"mes":8,"dia":17}},
{"type":"Feature","geometry":{"type":"MultiPolygon","coordinates":[[[[-99.21401849694767,19.29491635873057],[-99.21320444950184,19.293386847368257],[-99.2100907682969,19.29194982777934],[-99.21070739820668,19.291261881646015],[-99.2114917420946,19.28747503195125],[-99.20935500239564,19.28569912064857],[-99.20451444739642,19.28629477398963],[-99.20321436420753,19.286521447527367],[-99.19941876195465,19.28568890823525],[-99.195603579433,19.285647572846777],[-99.1905256003125,19.286071210379568],[-99.18752907902342,19.286683822583832],[-99.18641536895105,19.288972076549715],[-99.18429637545394,19.294837970906254],[-99.184796562192,19.295534914473706],[-99.18555259620491,19.30222665528787],[-99.19473998469071,19.301430976338334],[-99.19761432999115,19.30231512975927],[-99.1989707682116,19.29993707260983],[-99.19739776491068,19.29888316314737],[-99.19766415517496,19.29735846614983],[-99.19625076352644,19.29627265064484],[-99.2049365483616,19.29639379559852],[-99.20618003616396,19.297048179648023],[-99.20855706656847,19.296897350264373],[-99.21207647986328,19.297292225506418],[-99.21401849694767,19.29491635873057]]],[[[-99.18429637545394,19.294837970906254],[-99.18337176196046,19.29445651124561],[-99.1841303925203,19.295016545052036],[-99.18429637545394,19.294837970906254]]]]},"properties":{"_id":321,"id":320,"g_pnt_2":"19.2929667616,-99.197526409","geo_shp":"{\"type\": \"MultiPolygon\", \"coordinates\": [[[[-99.21401849694767, 19.29491635873057], [-99.2125000119019, 19.296981374599746], [-99.21207647986327, 19.297292225506418], [-99.20855706656849, 19.296897350264373], [-99.2079715055932, 19.297942066466547], [-99","deleg":"TLALPAN","zona":"SUR","sctr_18":"FUENTE","cv_sctr":4,"zp":2,"are_km2":4.002329630119037,"x":-99.199028,"y":19.293963,"fech_cr":"2018-08-17T00:00:00","anio":2018,"mes":8,"dia":17}},
{"type":"Feature","geometry":{"type":"Polygon","coordinates":[[[-99.17764229224612,19.27478453807742],[-99.17642705086745,19.27393986277077],[-99.17391482258616,19.27501352699847],[-99.17288344954557,19.277242516305435],[-99.16984659338895,19.277135463736297],[-99.16721245937065,19.27821240296337],[-99.17006994334528,19.28090539439995],[-99.16936611135164,19.282623781110477],[-99.1717950766528,19.283247474392184],[-99.17770601464652,19.284984948912],[-99.17937160026015,19.28468245148683],[-99.18050218254446,19.282354997983365],[-99.18291868196832,19.28166092875424],[-99.18431953346644,19.27980965565605],[-99.18060732873238,19.279733016058305],[-99.178220120051,19.279246051050517],[-99.17756665082688,19.277185244877572],[-99.17764229224612,19.27478453807742]]]},"properties":{"_id":322,"id":321,"g_pnt_2":"19.2800081321,-99.1755110312","geo_shp":"{\"type\": \"Polygon\", \"coordinates\": [[[-99.17427915061582, 19.274858361569297], [-99.17479782677366, 19.274601372042977], [-99.17531662223277, 19.27436860237456], [-99.17565107803621, 19.274225663968405], [-99.17609256147387, 19.274050175983334], [-99.176","deleg":"TLALPAN","zona":"SUR","sctr_18":"FUENTE","cv_sctr":4,"zp":7,"are_km2":1.01071113157797,"x":-99.175659,"y":19.275621,"fech_cr":"2018-08-17T00:00:00","anio":2018,"mes":8,"dia":17}},
{"type":"Feature","geometry":{"type":"Polygon","coordinates":[[[-99.1277093247823,19.283555920328425],[-99.1267838241258,19.286223455554985],[-99.12957800637317,19.289077004506627],[-99.13079648562882,19.29032218446095],[-99.13329527922818,19.28612066925958],[-99.13565275900862,19.286369824639017],[-99.1351983338944,19.28826458556905],[-99.13930831112104,19.289409484831396],[-99.1396558733876,19.286803155555955],[-99.14022098192098,19.28295657418124],[-99.13851475274872,19.28150964973676],[-99.13544123044016,19.281561029467085],[-99.13204499956558,19.282350622468297],[-99.1277093247823,19.283555920328425]]]},"properties":{"_id":323,"id":322,"g_pnt_2":"19.2852887931,-99.1339967204","geo_shp":"{\"type\": \"Polygon\", \"coordinates\": [[[-99.1267838241258, 19.286223455554985], [-99.1271429938516, 19.285460230188264], [-99.12744840983929, 19.284726143472724], [-99.12761637190954, 19.284210145373844], [-99.12768505761797, 19.283926760569837], [-99.1277","deleg":"TLALPAN","zona":"SUR","sctr_18":"COAPA","cv_sctr":3,"zp":6,"are_km2":0.874170622551666,"x":-99.133503,"y":19.285859,"fech_cr":"2018-08-17T00:00:00","anio":2018,"mes":8,"dia":17}},
{"type":"Feature","geometry":{"type":"Polygon","coordinates":[[[-99.15680977996954,19.43584430528213],[-99.15536799526777,19.439139965711345],[-99.15922203252096,19.440686950543483],[-99.16051193430332,19.436839282171455],[-99.15891551843872,19.437208430843693],[-99.15680977996954,19.43584430528213]]]},"properties":{"_id":324,"id":323,"g_pnt_2":"19.4383090399,-99.1579508471","geo_shp":"{\"type\": \"Polygon\", \"coordinates\": [[[-99.15680977996954, 19.43584430528213], [-99.15731754360797, 19.43596641701639], [-99.15769626089545, 19.436220137962437], [-99.15891551843873, 19.437208430843693], [-99.15911855536471, 19.437243319191424], [-99.1605","deleg":"CUAUHTEMOC","zona":"CENTRO","sctr_18":"REVOLUCION","cv_sctr":3,"zp":4,"are_km2":0.165317613778427,"x":-99.15794,"y":19.438266,"fech_cr":"2018-08-17T00:00:00","anio":2018,"mes":8,"dia":17}},
{"type":"Feature","geometry":{"type":"Polygon","coordinates":[[[-99.11313172114096,19.3975890863616],[-99.11313816691414,19.39768280378588],[-99.11338092604608,19.405100018682976],[-99.1213289911076,19.40435117079178],[-99.12540634993871,19.40362484177644],[-99.12357004279218,19.39739774009767],[-99.12354415248883,19.39729093155329],[-99.11313172114096,19.3975890863616]]]},"properties":{"_id":325,"id":324,"g_pnt_2":"19.4010912359,-99.1188011197","geo_shp":"{\"type\": \"Polygon\", \"coordinates\": [[[-99.11313172114095, 19.3975890863616], [-99.12354415248885, 19.39729093155329], [-99.12357004279218, 19.39739774009767], [-99.12367029419768, 19.39785570480537], [-99.12414568062837, 19.39942668280038], [-99.12435413","deleg":"IZTACALCO","zona":"NORTE","sctr_18":"IZTACCIHUATL","cv_sctr":1,"zp":9,"are_km2":0.938797488084172,"x":-99.119346,"y":19.401067,"fech_cr":"2018-08-17T00:00:00","anio":2018,"mes":8,"dia":17}},
{"type":"Feature","geometry":{"type":"Polygon","coordinates":[[[-99.11338092604608,19.405100018682976],[-99.10098877217136,19.40763943130602],[-99.09879258960184,19.408065050840836],[-99.10271598843045,19.410294473627705],[-99.106700968685,19.410832995211933],[-99.1126127473552,19.41098957586191],[-99.11313689636394,19.407693459344795],[-99.11338092604608,19.405100018682976]]]},"properties":{"_id":326,"id":325,"g_pnt_2":"19.4084672971,-99.1075265681","geo_shp":"{\"type\": \"Polygon\", \"coordinates\": [[[-99.11338092604609, 19.405100018682976], [-99.11313689636394, 19.407693459344795], [-99.11295897547333, 19.407688147390655], [-99.11261274735519, 19.41098957586191], [-99.10670096868499, 19.410832995211933], [-99.104","deleg":"VENUSTIANO CARRANZA","zona":"NORTE","sctr_18":"MERCED-BALBUENA","cv_sctr":3,"zp":11,"are_km2":0.618492864426084,"x":-99.106162,"y":19.407999,"fech_cr":"2018-08-17T00:00:00","anio":2018,"mes":8,"dia":17}},
{"type":"Feature","geometry":{"type":"Polygon","coordinates":[[[-99.09444002670368,19.511492414394123],[-99.0960942885194,19.512214825218702],[-99.1037603407387,19.510322086325917],[-99.1045166275645,19.50994532382957],[-99.1059956560366,19.508918239746624],[-99.10806564313052,19.506028134309144],[-99.10542891396058,19.5066115330567],[-99.10216600794573,19.50671128248241],[-99.0984007420963,19.50520995770419],[-99.09444002670368,19.511492414394123]]]},"properties":{"_id":327,"id":326,"g_pnt_2":"19.5087368557,-99.1006719589","geo_shp":"{\"type\": \"Polygon\", \"coordinates\": [[[-99.09609428851941, 19.512214825218706], [-99.09444002670367, 19.511492414394123], [-99.09585087335459, 19.50881110904648], [-99.0961936812106, 19.508810927106193], [-99.09650447440602, 19.508341256246784], [-99.0966","deleg":"GUSTAVO A MADERO","zona":"NORTE","sctr_18":"QUIROGA","cv_sctr":4,"zp":1,"are_km2":0.57878383594028,"x":-99.099084,"y":19.50978,"fech_cr":"2018-08-17T00:00:00","anio":2018,"mes":8,"dia":17}},
{"type":"Feature","geometry":{"type":"Polygon","coordinates":[[[-99.08870144654124,19.499163182986212],[-99.0820514287481,19.497059010377168],[-99.07705322694702,19.50417022304589],[-99.08503312063026,19.50753172561059],[-99.08870144654124,19.499163182986212]]]},"properties":{"_id":328,"id":327,"g_pnt_2":"19.5021440863,-99.0831905586","geo_shp":"{\"type\": \"Polygon\", \"coordinates\": [[[-99.08870144654125, 19.499163182986212], [-99.08698184411128, 19.50318748823254], [-99.08503312063026, 19.50753172561059], [-99.07705322694702, 19.50417022304589], [-99.0820514287481, 19.497059010377168], [-99.086024","deleg":"GUSTAVO A MADERO","zona":"NORTE","sctr_18":"PRADERA","cv_sctr":3,"zp":3,"are_km2":0.801439938405517,"x":-99.08288,"y":19.502296,"fech_cr":"2018-08-17T00:00:00","anio":2018,"mes":8,"dia":17}},
{"type":"Feature","geometry":{"type":"Polygon","coordinates":[[[-99.19739627197842,19.481587845761776],[-99.19493526282892,19.48085710685515],[-99.1913920842778,19.48043421833565],[-99.18838600874986,19.47832301359767],[-99.18811635429472,19.48030768852087],[-99.18840133793115,19.483587331814043],[-99.18937587200568,19.484912407654537],[-99.18949329250862,19.48239304393355],[-99.19228739083157,19.4832522896462],[-99.19137241742985,19.486648697600135],[-99.19418894848609,19.489149936032497],[-99.19739627197842,19.481587845761776]]]},"properties":{"_id":335,"id":334,"g_pnt_2":"19.4833259383,-99.1926998949","geo_shp":"{\"type\": \"Polygon\", \"coordinates\": [[[-99.19739627197842, 19.481587845761776], [-99.19623292657552, 19.484532395855496], [-99.19449468891774, 19.488707667876398], [-99.19438249959586, 19.489001149756188], [-99.19418894848607, 19.489149936032497], [-99.19","deleg":"AZCAPOTZALCO","zona":"PONIENTE","sctr_18":"CLAVERIA","cv_sctr":1,"zp":8,"are_km2":0.534224739207002,"x":-99.193066,"y":19.484002,"fech_cr":"2018-08-17T00:00:00","anio":2018,"mes":8,"dia":17}},
{"type":"Feature","geometry":{"type":"Polygon","coordinates":[[[-99.08841112798731,19.48364223195733],[-99.08397187185798,19.482122672463287],[-99.0765516687762,19.48088319045052],[-99.07609249788698,19.48194585243117],[-99.07418905254646,19.486617941334934],[-99.07342796636162,19.48937103361575],[-99.0761841595806,19.48988070362206],[-99.08130066388549,19.490921243845655],[-99.08550083667603,19.49150503982919],[-99.08640838321485,19.48911152713427],[-99.08841112798731,19.48364223195733]]]},"properties":{"_id":329,"id":328,"g_pnt_2":"19.4862672434,-99.080897476","geo_shp":"{\"type\": \"Polygon\", \"coordinates\": [[[-99.08841112798733, 19.48364223195733], [-99.08640838321485, 19.48911152713427], [-99.08550083667605, 19.49150503982919], [-99.08494375684242, 19.49151922003575], [-99.08429877285026, 19.491449931511244], [-99.083756","deleg":"GUSTAVO A MADERO","zona":"NORTE","sctr_18":"PRADERA","cv_sctr":3,"zp":7,"are_km2":1.28799943162896,"x":-99.0821,"y":19.484486,"fech_cr":"2018-08-17T00:00:00","anio":2018,"mes":8,"dia":17}},
{"type":"Feature","geometry":{"type":"Polygon","coordinates":[[[-99.14173107273714,19.42604148748702],[-99.14297945894458,19.420778933087725],[-99.13359172726962,19.41990833802061],[-99.13311029218256,19.42291038870304],[-99.13729838130244,19.42334062892922],[-99.13707127317352,19.42558504552182],[-99.14173107273714,19.42604148748702]]]},"properties":{"_id":330,"id":329,"g_pnt_2":"19.4226341606,-99.1384188702","geo_shp":"{\"type\": \"Polygon\", \"coordinates\": [[[-99.14173107273714, 19.42604148748702], [-99.13912958490134, 19.4257429956311], [-99.13707127317352, 19.42558504552182], [-99.13729838130243, 19.42334062892922], [-99.13617127453978, 19.42326420515731], [-99.13528180","deleg":"CUAUHTEMOC","zona":"CENTRO","sctr_18":"ASTURIAS","cv_sctr":1,"zp":4,"are_km2":0.46841103957164,"x":-99.138015,"y":19.423776,"fech_cr":"2018-08-17T00:00:00","anio":2018,"mes":8,"dia":17}},
{"type":"Feature","geometry":{"type":"Polygon","coordinates":[[[-99.17045501161004,19.378288930594938],[-99.17587419970356,19.379604368410902],[-99.17655724482154,19.379402617007248],[-99.17864739658798,19.37301585974454],[-99.17234913325608,19.3716319268566],[-99.17045501161004,19.378288930594938]]]},"properties":{"_id":331,"id":330,"g_pnt_2":"19.3756490079,-99.1745051951","geo_shp":"{\"type\": \"Polygon\", \"coordinates\": [[[-99.17283896239746, 19.378855517419446], [-99.17045501161004, 19.378288930594934], [-99.17068818164816, 19.37724277328529], [-99.17084999577823, 19.377265486924784], [-99.17234913325608, 19.371631926856598], [-99.174","deleg":"BENITO JUAREZ","zona":"SUR","sctr_18":"DEL VALLE","cv_sctr":2,"zp":5,"are_km2":0.507985256336544,"x":-99.175533,"y":19.376434,"fech_cr":"2018-08-17T00:00:00","anio":2018,"mes":8,"dia":17}},
{"type":"Feature","geometry":{"type":"Polygon","coordinates":[[[-99.12345376297176,19.33137251534685],[-99.12405446839276,19.32858602131179],[-99.12027485674724,19.32828660020783],[-99.11330138385716,19.327760727557752],[-99.11293096394972,19.332189034702285],[-99.11344447323644,19.333285635121612],[-99.11546075730097,19.33357150051059],[-99.11644426598087,19.33179675260636],[-99.1187397293272,19.332170702724422],[-99.12345376297176,19.33137251534685]]]},"properties":{"_id":332,"id":331,"g_pnt_2":"19.33029122,-99.117745244","geo_shp":"{\"type\": \"Polygon\", \"coordinates\": [[[-99.12345376297176, 19.33137251534685], [-99.12246125330711, 19.33143943186305], [-99.12060828408366, 19.331845561015566], [-99.11950731106796, 19.332008153229374], [-99.1187397293272, 19.332170702724426], [-99.11810","deleg":"COYOACAN","zona":"SUR","sctr_18":"TAXQUEA","cv_sctr":3,"zp":11,"are_km2":0.512857316005523,"x":-99.116292,"y":19.331025,"fech_cr":"2018-08-17T00:00:00","anio":2018,"mes":8,"dia":17}},
{"type":"Feature","geometry":{"type":"Polygon","coordinates":[[[-99.2165580928706,19.427795350160075],[-99.21602226405176,19.42684838769519],[-99.21439626912004,19.426062681007796],[-99.2123461606646,19.426334142028455],[-99.2102925023576,19.42296330632914],[-99.21080837608592,19.42036374007181],[-99.20720448471482,19.42183551814302],[-99.20599900780203,19.422775001803434],[-99.2047989354568,19.424694066467104],[-99.20539897731592,19.426162012890785],[-99.20869575572304,19.42407036723727],[-99.2104577954338,19.42668465302599],[-99.21102187359888,19.429100041913333],[-99.21427156249506,19.428882765512338],[-99.2165580928706,19.427795350160075]]]},"properties":{"_id":333,"id":332,"g_pnt_2":"19.4252024916,-99.2103218436","geo_shp":"{\"type\": \"Polygon\", \"coordinates\": [[[-99.2165580928706, 19.427795350160075], [-99.21564973209534, 19.428373848746205], [-99.21511540988116, 19.428641365321905], [-99.21427156249506, 19.428882765512334], [-99.21317436327126, 19.429004167940334], [-99.212","deleg":"MIGUEL HIDALGO","zona":"PONIENTE","sctr_18":"CHAPULTEPEC","cv_sctr":2,"zp":3,"are_km2":0.406445379795984,"x":-99.209485,"y":19.425042,"fech_cr":"2018-08-17T00:00:00","anio":2018,"mes":8,"dia":17}},
{"type":"Feature","geometry":{"type":"Polygon","coordinates":[[[-99.18429637545394,19.294837970906254],[-99.18641536895105,19.288972076549715],[-99.18752907902342,19.286683822583832],[-99.1905256003125,19.286071210379568],[-99.18711559919008,19.280780460383983],[-99.18431953346644,19.27980965565605],[-99.18291868196832,19.28166092875424],[-99.18050218254446,19.282354997983365],[-99.17937160026015,19.28468245148683],[-99.17770601464652,19.284984948912],[-99.17570603434264,19.287387966090495],[-99.1740192815288,19.28795688587067],[-99.17374448474942,19.290368080779444],[-99.18337176196046,19.29445651124561],[-99.18429637545394,19.294837970906254]]]},"properties":{"_id":336,"id":335,"g_pnt_2":"19.2872883215,-99.182247318","geo_shp":"{\"type\": \"Polygon\", \"coordinates\": [[[-99.18429637545394, 19.294837970906258], [-99.18337176196046, 19.294456511245606], [-99.18146944241208, 19.293697426393145], [-99.17374448474942, 19.290368080779444], [-99.17354544397057, 19.29016211698149], [-99.173","deleg":"TLALPAN","zona":"SUR","sctr_18":"FUENTE","cv_sctr":4,"zp":3,"are_km2":1.513244498199087,"x":-99.182208,"y":19.287234,"fech_cr":"2018-08-17T00:00:00","anio":2018,"mes":8,"dia":17}},
{"type":"Feature","geometry":{"type":"Polygon","coordinates":[[[-99.09310356485136,19.44044055185156],[-99.0923144351497,19.439830819304937],[-99.08577701260212,19.437727246384263],[-99.0850693666231,19.440947625542965],[-99.08581997183975,19.442795664201007],[-99.086865071659,19.445019165580295],[-99.08958496369377,19.44299249309856],[-99.09310356485136,19.44044055185156]]]},"properties":{"_id":338,"id":337,"g_pnt_2":"19.4409839344,-99.0882284235","geo_shp":"{\"type\": \"Polygon\", \"coordinates\": [[[-99.09310356485136, 19.440440551851562], [-99.08958496369377, 19.442992493098558], [-99.08686507165899, 19.445019165580295], [-99.08658261018115, 19.44448761240066], [-99.08619108411865, 19.443619907913035], [-99.085","deleg":"VENUSTIANO CARRANZA","zona":"NORTE","sctr_18":"MOCTEZUMA","cv_sctr":6,"zp":3,"are_km2":0.368610485154914,"x":-99.088828,"y":19.440314,"fech_cr":"2018-08-17T00:00:00","anio":2018,"mes":8,"dia":17}},
{"type":"Feature","geometry":{"type":"Polygon","coordinates":[[[-99.09439252862472,19.439856140334474],[-99.10382770848362,19.44314152508864],[-99.10471397968492,19.4406420000946],[-99.10653263491466,19.43636113511701],[-99.1076092957614,19.433781589201185],[-99.1059292491094,19.434745816783263],[-99.09439252862472,19.439856140334474]]]},"properties":{"_id":339,"id":338,"g_pnt_2":"19.4389222193,-99.1019423854","geo_shp":"{\"type\": \"Polygon\", \"coordinates\": [[[-99.09439252862471, 19.439856140334474], [-99.09860774504985, 19.437954353076908], [-99.09988762366882, 19.437376776110444], [-99.10371703313808, 19.435677165288446], [-99.1059292491094, 19.434745816783263], [-99.107","deleg":"VENUSTIANO CARRANZA","zona":"NORTE","sctr_18":"MOCTEZUMA","cv_sctr":6,"zp":8,"are_km2":0.577229638502985,"x":-99.101164,"y":19.43828,"fech_cr":"2018-08-17T00:00:00","anio":2018,"mes":8,"dia":17}},
{"type":"Feature","geometry":{"type":"Polygon","coordinates":[[[-99.10806564313052,19.506028134309144],[-99.10899302050404,19.505162043358897],[-99.106225419651,19.503203063293935],[-99.10376910696512,19.503743945341107],[-99.10163600457577,19.50316078194698],[-99.10133364985953,19.501531464235647],[-99.09426829038917,19.499983699032565],[-99.09371823851988,19.501328967405534],[-99.09349184362377,19.502056434298556],[-99.0984007420963,19.50520995770419],[-99.10216600794573,19.50671128248241],[-99.10542891396058,19.5066115330567],[-99.10806564313052,19.506028134309144]]]},"properties":{"_id":340,"id":339,"g_pnt_2":"19.5036892163,-99.1005810658","geo_shp":"{\"type\": \"Polygon\", \"coordinates\": [[[-99.10806564313053, 19.506028134309144], [-99.10751060777605, 19.505890912072037], [-99.10635534808395, 19.50587957473186], [-99.10591722290326, 19.505846753958817], [-99.10542841863875, 19.505847039421354], [-99.105","deleg":"GUSTAVO A MADERO","zona":"NORTE","sctr_18":"QUIROGA","cv_sctr":4,"zp":9,"are_km2":0.560950843579333,"x":-99.097439,"y":19.500664,"fech_cr":"2018-08-17T00:00:00","anio":2018,"mes":8,"dia":17}},
{"type":"Feature","geometry":{"type":"Polygon","coordinates":[[[-99.11094457764074,19.393679709708607],[-99.11311271014311,19.393920314433917],[-99.11333399594793,19.391654502650898],[-99.09924914457712,19.390390129160306],[-99.09908327184532,19.391692650741614],[-99.09896790518394,19.39257778098273],[-99.11094457764074,19.393679709708607]]]},"properties":{"_id":341,"id":340,"g_pnt_2":"19.3921427786,-99.1062139214","geo_shp":"{\"type\": \"Polygon\", \"coordinates\": [[[-99.11290800345027, 19.39385808118741], [-99.11094457764074, 19.393679709708607], [-99.1102330479389, 19.393654565635753], [-99.104846985097, 19.393127867746347], [-99.10391370074831, 19.393027451796733], [-99.098967","deleg":"IZTACALCO","zona":"NORTE","sctr_18":"TLACOTAL","cv_sctr":3,"zp":7,"are_km2":0.368215309227138,"x":-99.106354,"y":19.391636,"fech_cr":"2018-08-17T00:00:00","anio":2018,"mes":8,"dia":17}},
{"type":"Feature","geometry":{"type":"Polygon","coordinates":[[[-99.1036813113261,19.370432448673643],[-99.10588554318744,19.369558672750752],[-99.10794570020816,19.36943816396706],[-99.10957411011546,19.362041304615857],[-99.1108860675157,19.35590267856406],[-99.10632323573124,19.35553277138997],[-99.10491225352284,19.36029939637948],[-99.10521100617773,19.360980853817814],[-99.10227693006446,19.368398839488165],[-99.1036813113261,19.370432448673643]]]},"properties":{"_id":342,"id":341,"g_pnt_2":"19.362983287,-99.1067427165","geo_shp":"{\"type\": \"Polygon\", \"coordinates\": [[[-99.10695407666888, 19.369474900460595], [-99.10644027388167, 19.369502857247248], [-99.10588554318745, 19.369558672750752], [-99.10543596535649, 19.369657174367568], [-99.10513825749567, 19.36974049412508], [-99.104","deleg":"IZTAPALAPA","zona":"ORIENTE","sctr_18":"GRANJAS","cv_sctr":5,"zp":12,"are_km2":0.840761877896583,"x":-99.107486,"y":19.36072,"fech_cr":"2018-08-17T00:00:00","anio":2018,"mes":8,"dia":17}},
{"type":"Feature","geometry":{"type":"Polygon","coordinates":[[[-99.1407227157766,19.28193635690009],[-99.1446214998538,19.283212259117853],[-99.147213295124,19.284662029545675],[-99.15115475573128,19.289381989694476],[-99.15695515726944,19.285680167193707],[-99.16120300566156,19.28251990995472],[-99.1651320040842,19.27616830589234],[-99.16403261975556,19.27454302448652],[-99.16105154629862,19.27322632932725],[-99.15900628842128,19.271516801437556],[-99.15826346131004,19.273735427013246],[-99.15451617928667,19.27263221855205],[-99.15165591904773,19.271145174453647],[-99.14512782399366,19.26927683395016],[-99.14359905939416,19.26857182223647],[-99.14175830370436,19.270124247267574],[-99.14076296002833,19.27300637831414],[-99.14141496623294,19.27613550600011],[-99.1407227157766,19.28193635690009]]]},"properties":{"_id":343,"id":342,"g_pnt_2":"19.2782807491,-99.1516444418","geo_shp":"{\"type\": \"Polygon\", \"coordinates\": [[[-99.14072271577659, 19.28193635690009], [-99.14090387341314, 19.280543031808786], [-99.14117039005676, 19.278365425458613], [-99.14131263908814, 19.27688789665195], [-99.14141496623294, 19.27613550600011], [-99.14140","deleg":"TLALPAN","zona":"SUR","sctr_18":"HUIPULCO-HOSPITALES","cv_sctr":5,"zp":10,"are_km2":3.546586748225729,"x":-99.151478,"y":19.278974,"fech_cr":"2018-08-17T00:00:00","anio":2018,"mes":8,"dia":17}},
{"type":"Feature","geometry":{"type":"Polygon","coordinates":[[[-99.16686450269924,19.43157135524091],[-99.16469918134476,19.427507000655275],[-99.1633050774092,19.428144062263748],[-99.15984497474189,19.4297949857642],[-99.15923899570431,19.430431953200152],[-99.15885806657234,19.4316150507386],[-99.16170301670228,19.432824042144595],[-99.16229244943662,19.433080005930993],[-99.16461908030064,19.43262250126736],[-99.16686450269924,19.43157135524091]]]},"properties":{"_id":345,"id":344,"g_pnt_2":"19.4305531887,-99.1629808798","geo_shp":"{\"type\": \"Polygon\", \"coordinates\": [[[-99.16686450269923, 19.43157135524091], [-99.16557397864617, 19.432173091892395], [-99.16461908030064, 19.43262250126736], [-99.16286131846297, 19.432104148152106], [-99.16229244943662, 19.433080005930993], [-99.1617","deleg":"CUAUHTEMOC","zona":"CENTRO","sctr_18":"ANGEL-ZONA ROSA","cv_sctr":3,"zp":4,"are_km2":0.298109770045775,"x":-99.162295,"y":19.430385,"fech_cr":"2018-08-17T00:00:00","anio":2018,"mes":8,"dia":17}},
{"type":"Feature","geometry":{"type":"Polygon","coordinates":[[[-99.0983181054266,19.41619095565647],[-99.09714342778862,19.408395455968527],[-99.0927158933715,19.408120671900384],[-99.09046843176294,19.412147484987315],[-99.09764075190608,19.41629597795025],[-99.0983181054266,19.41619095565647]]]},"properties":{"_id":346,"id":345,"g_pnt_2":"19.411774652,-99.0948806582","geo_shp":"{\"type\": \"Polygon\", \"coordinates\": [[[-99.09831810542659, 19.41619095565647], [-99.09806542450569, 19.416218747705273], [-99.09783227207535, 19.416250505488094], [-99.09764075190608, 19.41629597795025], [-99.09426692329285, 19.414339192951317], [-99.0904","deleg":"VENUSTIANO CARRANZA","zona":"NORTE","sctr_18":"ZARAGOZA","cv_sctr":7,"zp":3,"are_km2":0.450914684279129,"x":-99.09215,"y":19.412466,"fech_cr":"2018-08-17T00:00:00","anio":2018,"mes":8,"dia":17}},
{"type":"Feature","geometry":{"type":"Polygon","coordinates":[[[-99.02308961406978,19.256349051024188],[-99.01461088487352,19.253852571375916],[-99.01503879611548,19.25276111929246],[-99.01038924869492,19.251547470849772],[-99.00874173259184,19.24952595774534],[-99.00538569758277,19.247267061677732],[-99.00452332188168,19.246783466383764],[-99.00664170396142,19.24963612775661],[-99.00623103582843,19.249999918026784],[-99.00676468466771,19.250675030813373],[-99.00308938834554,19.257094753456155],[-99.00952302513296,19.259227385732792],[-99.01095849939097,19.254967200190073],[-99.01274782037524,19.257425303259293],[-99.01603693485362,19.259215723567262],[-99.01911774338046,19.260382400915667],[-99.02050239677102,19.26027668828348],[-99.02127316742938,19.25716060369586],[-99.02308961406978,19.256349051024188]]]},"properties":{"_id":347,"id":346,"g_pnt_2":"19.255264884,-99.0120666645","geo_shp":"{\"type\": \"Polygon\", \"coordinates\": [[[-99.02074388232654, 19.255503113307714], [-99.02170557724658, 19.2558148997323], [-99.02298378960396, 19.25627983402515], [-99.02308961406978, 19.256349051024188], [-99.02258648220467, 19.257478851477767], [-99.02177","deleg":"XOCHIMILCO","zona":"ORIENTE","sctr_18":"TEPEPAN","cv_sctr":6,"zp":4,"are_km2":1.202727304529066,"x":-99.013089,"y":19.252455,"fech_cr":"2018-08-17T00:00:00","anio":2018,"mes":8,"dia":17}},
{"type":"Feature","geometry":{"type":"Polygon","coordinates":[[[-99.28341412324626,19.33585695884695],[-99.2834539818406,19.33379737740943],[-99.2820438546337,19.333404073109826],[-99.28090999083788,19.330941412613193],[-99.27963215325428,19.329836976402124],[-99.28030993888224,19.326470640773827],[-99.28004043841511,19.32496310659146],[-99.27774890854256,19.324923320208075],[-99.27669683751029,19.326414340700033],[-99.27475172669656,19.327239355474557],[-99.2732732831239,19.32687844027793],[-99.27187429353276,19.32424765323376],[-99.27167359357357,19.323885357603185],[-99.26899918560936,19.32505618653254],[-99.26510519801248,19.32423574732142],[-99.2630456640531,19.323298983238505],[-99.2618931217956,19.325739391003392],[-99.25916449947744,19.327186077135213],[-99.25798338315764,19.32694210566701],[-99.25647840273952,19.327425760499395],[-99.25704177983948,19.329615629514347],[-99.25630579224332,19.331443105892912],[-99.25443340889038,19.33298521994118],[-99.25601048303852,19.336514423632917],[-99.25815164460973,19.337333929333123],[-99.26041809195162,19.337237887557624],[-99.26359606123302,19.338834084790097],[-99.26642737270896,19.339971615530544],[-99.26779627511748,19.341402542923287],[-99.27843716520546,19.336940120036868],[-99.28063847991254,19.33684781271305],[-99.27966826432204,19.335559799514957],[-99.28083345229614,19.33456277237373],[-99.28341412324626,19.33585695884695]]]},"properties":{"_id":348,"id":347,"g_pnt_2":"19.332097504,-99.2686187358","geo_shp":"{\"type\": \"Polygon\", \"coordinates\": [[[-99.27963215325427, 19.329836976402124], [-99.2797463059404, 19.329954291965464], [-99.28000061646334, 19.33019792067664], [-99.2802645433837, 19.33038604249343], [-99.28059378251903, 19.33063280874205], [-99.2808187","deleg":"ALVARO OBREGON","zona":"PONIENTE","sctr_18":"ALPES","cv_sctr":1,"zp":3,"are_km2":3.808360926352037,"x":-99.271925,"y":19.332177,"fech_cr":"2018-08-17T00:00:00","anio":2018,"mes":8,"dia":17}},
{"type":"Feature","geometry":{"type":"Polygon","coordinates":[[[-99.1741490136542,19.406707928234862],[-99.17778490300668,19.408590488557312],[-99.18174901612048,19.410745947533027],[-99.1839269891058,19.40716599640962],[-99.17765963271265,19.404885056517266],[-99.17502518708596,19.404058944156088],[-99.1741490136542,19.406707928234862]]]},"properties":{"_id":349,"id":348,"g_pnt_2":"19.4072311412,-99.1790134189","geo_shp":"{\"type\": \"Polygon\", \"coordinates\": [[[-99.17414901365419, 19.406707928234866], [-99.17437624104943, 19.406059073232395], [-99.17472249452443, 19.404939690177983], [-99.17502518708595, 19.404058944156088], [-99.17686932842075, 19.40464054366058], [-99.177","deleg":"CUAUHTEMOC","zona":"CENTRO","sctr_18":"ROMA","cv_sctr":4,"zp":4,"are_km2":0.365814605360172,"x":-99.177702,"y":19.407695,"fech_cr":"2018-08-17T00:00:00","anio":2018,"mes":8,"dia":17}},
{"type":"Feature","geometry":{"type":"Polygon","coordinates":[[[-99.23920601907145,19.362180955399435],[-99.2392190031225,19.360964007314795],[-99.2370633173714,19.36052316417656],[-99.23663727940072,19.35911075836901],[-99.23939422189908,19.356539985134336],[-99.23858211295104,19.35442775575484],[-99.23632806304828,19.353324655304775],[-99.23702208766451,19.35142618847088],[-99.23449270390392,19.349831678575747],[-99.2335761922767,19.348684519469504],[-99.23164959502331,19.349275608168533],[-99.23176773418436,19.350342545123556],[-99.2295304816606,19.350966090540727],[-99.22208757545972,19.352200655465428],[-99.21793766865356,19.353569193930248],[-99.21650215890084,19.356178930279132],[-99.21529101134864,19.35826817694589],[-99.21655395268118,19.35949518067402],[-99.21622392996576,19.361010118612416],[-99.21699536339784,19.362365133913713],[-99.21941777449668,19.364264133399573],[-99.22386884556973,19.363606099238975],[-99.22452138982968,19.36444842644168],[-99.2293716536944,19.36280645922936],[-99.23105627055632,19.36275037383501],[-99.2312733267817,19.36096523520838],[-99.23358688227891,19.362481796784063],[-99.23724325077856,19.362611641012737],[-99.23920601907145,19.362180955399435]]]},"properties":{"_id":350,"id":349,"g_pnt_2":"19.3573163255,-99.2275860171","geo_shp":"{\"type\": \"Polygon\", \"coordinates\": [[[-99.23920601907145, 19.362180955399435], [-99.23724325077855, 19.362611641012737], [-99.23586352085583, 19.362663864191365], [-99.23461645675619, 19.362602482423856], [-99.23358688227893, 19.362481796784063], [-99.23","deleg":"ALVARO OBREGON","zona":"PONIENTE","sctr_18":"SANTA FE","cv_sctr":5,"zp":7,"are_km2":2.936330981105644,"x":-99.229175,"y":19.356566,"fech_cr":"2018-08-17T00:00:00","anio":2018,"mes":8,"dia":17}},
{"type":"Feature","geometry":{"type":"Polygon","coordinates":[[[-99.12903768523248,19.38299671490376],[-99.12210956962842,19.38183164981078],[-99.1219173026599,19.38541732879762],[-99.12162858341188,19.38942486267006],[-99.12653840761551,19.38995645716029],[-99.12885106837544,19.39018384984536],[-99.12903768523248,19.38299671490376]]]},"properties":{"_id":351,"id":350,"g_pnt_2":"19.3861383287,-99.1253817325","geo_shp":"{\"type\": \"Polygon\", \"coordinates\": [[[-99.12903768523249, 19.382996714903758], [-99.1289266466417, 19.387231976176697], [-99.12885106837545, 19.39018384984536], [-99.12653840761553, 19.38995645716029], [-99.12319971817837, 19.389628058299202], [-99.12162","deleg":"IZTACALCO","zona":"NORTE","sctr_18":"IZTACCIHUATL","cv_sctr":1,"zp":6,"are_km2":0.612584883153661,"x":-99.127563,"y":19.386162,"fech_cr":"2018-08-17T00:00:00","anio":2018,"mes":8,"dia":17}},
{"type":"Feature","geometry":{"type":"Polygon","coordinates":[[[-99.188156930954,19.412924561639848],[-99.188469463026,19.415921773480445],[-99.18569736997397,19.417637002336676],[-99.1854206301636,19.41886379171839],[-99.186255555942,19.420747749980148],[-99.18371104457675,19.4207957109964],[-99.18448136661289,19.42393471720173],[-99.19163699399152,19.42503704496163],[-99.19966526912124,19.4262303167729],[-99.20191512657117,19.426326610658204],[-99.19884431597906,19.42243602000884],[-99.19663020491984,19.42168242775456],[-99.19503210777306,19.419729206918262],[-99.19484742208836,19.417257052261913],[-99.19316007994708,19.41307403653839],[-99.19357794901278,19.410111031647062],[-99.188156930954,19.412924561639848]]]},"properties":{"_id":352,"id":351,"g_pnt_2":"19.419952073,-99.1916078669","geo_shp":"{\"type\": \"Polygon\", \"coordinates\": [[[-99.18371104457677, 19.4207957109964], [-99.18418237498257, 19.42073133705845], [-99.18480605856848, 19.42070720545285], [-99.18531282384576, 19.42072846992482], [-99.18570975422799, 19.420741530644246], [-99.1862555","deleg":"MIGUEL HIDALGO","zona":"PONIENTE","sctr_18":"POLANCO-CASTILLO","cv_sctr":1,"zp":11,"are_km2":1.531458084487363,"x":-99.192807,"y":19.418264,"fech_cr":"2018-08-17T00:00:00","anio":2018,"mes":8,"dia":17}},
{"type":"Feature","geometry":{"type":"Polygon","coordinates":[[[-99.1362795328232,19.57222819955797],[-99.13619478209556,19.57132902580386],[-99.13902243600896,19.569382617783383],[-99.1400480408077,19.569539439895216],[-99.14403407221428,19.568130237825116],[-99.14403400979796,19.566557158891175],[-99.14059389825292,19.56507626410601],[-99.1395013492539,19.563868788528456],[-99.13679008377586,19.56262096719568],[-99.13726752936007,19.561614451552032],[-99.13329359458352,19.559755779148013],[-99.1323134151424,19.561325785212063],[-99.13253608883126,19.564908749261708],[-99.13212814644788,19.5677212696367],[-99.13081149187944,19.57004506500188],[-99.13234744894882,19.571138575197985],[-99.1362795328232,19.57222819955797]]]},"properties":{"_id":353,"id":352,"g_pnt_2":"19.5665090264,-99.136417787","geo_shp":"{\"type\": \"Polygon\", \"coordinates\": [[[-99.1362795328232, 19.57222819955797], [-99.13535971252041, 19.57192080135391], [-99.13481158382442, 19.57178872101074], [-99.13294137857694, 19.571321510819843], [-99.13234744894882, 19.571138575197985], [-99.132379","deleg":"GUSTAVO A MADERO","zona":"NORTE","sctr_18":"CUAUTEPEC","cv_sctr":1,"zp":2,"are_km2":1.024436352566489,"x":-99.134065,"y":19.570106,"fech_cr":"2018-08-17T00:00:00","anio":2018,"mes":8,"dia":17}},
{"type":"Feature","geometry":{"type":"Polygon","coordinates":[[[-99.1273107457178,19.53021927260128],[-99.13496703639204,19.53068783084616],[-99.14181810591424,19.528831954765],[-99.14045458951736,19.526151741581128],[-99.14000993648214,19.521266533806557],[-99.1408541295416,19.52063324512745],[-99.1389919084208,19.52047336462428],[-99.13520158462372,19.52389643350895],[-99.13526419154768,19.525369336879336],[-99.12819285876338,19.525818868617765],[-99.1273107457178,19.53021927260128]]]},"properties":{"_id":354,"id":353,"g_pnt_2":"19.5269724364,-99.1351107149","geo_shp":"{\"type\": \"Polygon\", \"coordinates\": [[[-99.13496703639204, 19.53068783084616], [-99.1273107457178, 19.53021927260128], [-99.12819285876338, 19.525818868617765], [-99.13526419154768, 19.525369336879336], [-99.13528560012351, 19.5247523230386], [-99.1352015","deleg":"GUSTAVO A MADERO","zona":"NORTE","sctr_18":"CUAUTEPEC","cv_sctr":1,"zp":15,"are_km2":0.931920388063605,"x":-99.134529,"y":19.530472,"fech_cr":"2018-08-17T00:00:00","anio":2018,"mes":8,"dia":17}},
{"type":"Feature","geometry":{"type":"Polygon","coordinates":[[[-99.1565466342337,19.50190478556315],[-99.14845392098796,19.498497909870498],[-99.1482166045804,19.49888889170987],[-99.15046163311855,19.5044565702783],[-99.15460576706468,19.514447241492128],[-99.16076815375376,19.5122578388469],[-99.15663332881104,19.502172676258095],[-99.1565466342337,19.50190478556315]]]},"properties":{"_id":355,"id":354,"g_pnt_2":"19.5067106821,-99.1547080527","geo_shp":"{\"type\": \"Polygon\", \"coordinates\": [[[-99.1565466342337, 19.50190478556315], [-99.1565466342337, 19.50190478556315], [-99.15663332881104, 19.502172676258095], [-99.15795074791238, 19.505309485740593], [-99.16070278892147, 19.51207994623538], [-99.1607681","deleg":"GUSTAVO A MADERO","zona":"NORTE","sctr_18":"TICOMAN","cv_sctr":3,"zp":6,"are_km2":1.095463625588088,"x":-99.154493,"y":19.50647,"fech_cr":"2018-08-17T00:00:00","anio":2018,"mes":8,"dia":17}},
{"type":"Feature","geometry":{"type":"Polygon","coordinates":[[[-99.0912711398863,19.47582295831365],[-99.08847792709275,19.4743428882977],[-99.07882910061628,19.472534655976656],[-99.07862526219168,19.47543818874541],[-99.0765516687762,19.48088319045052],[-99.08397187185798,19.482122672463287],[-99.08841112798731,19.48364223195733],[-99.0912711398863,19.47582295831365]]]},"properties":{"_id":382,"id":381,"g_pnt_2":"19.4779475982,-99.0839939262","geo_shp":"{\"type\": \"Polygon\", \"coordinates\": [[[-99.0912711398863, 19.47582295831365], [-99.08841112798733, 19.48364223195733], [-99.08731521062991, 19.483292282905584], [-99.08397187185798, 19.482122672463287], [-99.08299240641915, 19.48194065336699], [-99.077283","deleg":"GUSTAVO A MADERO","zona":"NORTE","sctr_18":"PRADERA","cv_sctr":3,"zp":9,"are_km2":1.219914130677821,"x":-99.084673,"y":19.477279,"fech_cr":"2018-08-17T00:00:00","anio":2018,"mes":8,"dia":17}},
{"type":"Feature","geometry":{"type":"Polygon","coordinates":[[[-99.15711149655183,19.529748555843373],[-99.15834482299628,19.52821759448126],[-99.15649808979416,19.527322491665853],[-99.14388526000047,19.52188681591073],[-99.14233099932054,19.521430923486527],[-99.14444626379782,19.524033343764252],[-99.15101883373774,19.528753828263984],[-99.15209412741702,19.529204806913004],[-99.15711149655183,19.529748555843373]]]},"properties":{"_id":356,"id":355,"g_pnt_2":"19.5262840916,-99.1506941908","geo_shp":"{\"type\": \"Polygon\", \"coordinates\": [[[-99.15711149655185, 19.529748555843373], [-99.1548547580139, 19.529408610762477], [-99.15356280122218, 19.529358921604498], [-99.15258964853938, 19.529279762915372], [-99.15209412741702, 19.529204806913004], [-99.151","deleg":"GUSTAVO A MADERO","zona":"NORTE","sctr_18":"TICOMAN","cv_sctr":3,"zp":5,"are_km2":0.482192208407331,"x":-99.150338,"y":19.525589,"fech_cr":"2018-08-17T00:00:00","anio":2018,"mes":8,"dia":17}},
{"type":"Feature","geometry":{"type":"Polygon","coordinates":[[[-99.12135698550138,19.47255228617191],[-99.11455689301596,19.470161277648696],[-99.11104699596916,19.4747430316254],[-99.11055607200768,19.475413926928905],[-99.11900187528856,19.478541212223927],[-99.12135698550138,19.47255228617191]]]},"properties":{"_id":357,"id":356,"g_pnt_2":"19.4742887473,-99.1163028671","geo_shp":"{\"type\": \"Polygon\", \"coordinates\": [[[-99.12135698550138, 19.47255228617191], [-99.11940264204311, 19.477491856420876], [-99.11900187528856, 19.478541212223927], [-99.11578884940964, 19.47736369824008], [-99.1127630031734, 19.476315610665814], [-99.11163","deleg":"GUSTAVO A MADERO","zona":"NORTE","sctr_18":"TEPEYAC","cv_sctr":4,"zp":4,"are_km2":0.604412547915294,"x":-99.115943,"y":19.47432,"fech_cr":"2018-08-17T00:00:00","anio":2018,"mes":8,"dia":17}},
{"type":"Feature","geometry":{"type":"Polygon","coordinates":[[[-99.16141679485304,19.48399179737855],[-99.1563827995976,19.482936188146763],[-99.15463169611904,19.48465773681059],[-99.1526834877783,19.480779345789063],[-99.15055881169098,19.479688110430367],[-99.14768984386208,19.478341421374644],[-99.14896112781648,19.48175923461519],[-99.1514055769516,19.488147909649022],[-99.15375266472228,19.49436400983997],[-99.15866117942248,19.495391601388633],[-99.16141679485304,19.48399179737855]]]},"properties":{"_id":358,"id":357,"g_pnt_2":"19.4874246546,-99.1551532763","geo_shp":"{\"type\": \"Polygon\", \"coordinates\": [[[-99.16141679485304, 19.483991797378554], [-99.1596867439157, 19.49120383352369], [-99.15866117942247, 19.495391601388633], [-99.15666533471853, 19.495027586508886], [-99.15375266472228, 19.49436400983997], [-99.15263","deleg":"AZCAPOTZALCO","zona":"PONIENTE","sctr_18":"LA RAZA","cv_sctr":4,"zp":3,"are_km2":1.280951834986624,"x":-99.159172,"y":19.48666,"fech_cr":"2018-08-17T00:00:00","anio":2018,"mes":8,"dia":17}},
{"type":"Feature","geometry":{"type":"Polygon","coordinates":[[[-99.20971038528933,19.454848162685412],[-99.21090017238592,19.454651479149327],[-99.2147954493492,19.455805986205895],[-99.21679625038972,19.45335620880484],[-99.21241670103576,19.450107292308708],[-99.21047799468424,19.449310352057456],[-99.20565298388529,19.44724201392641],[-99.20208340695184,19.45001299721276],[-99.2019275469795,19.452554471209183],[-99.20971038528933,19.454848162685412]]]},"properties":{"_id":359,"id":358,"g_pnt_2":"19.4517219323,-99.2089799156","geo_shp":"{\"type\": \"Polygon\", \"coordinates\": [[[-99.21475178585771, 19.4557841668016], [-99.21136445320644, 19.454741586288755], [-99.21090017238593, 19.454651479149327], [-99.21017546249465, 19.454742968209327], [-99.20971038528933, 19.454848162685412], [-99.2094","deleg":"MIGUEL HIDALGO","zona":"PONIENTE","sctr_18":"SOTELO","cv_sctr":3,"zp":5,"are_km2":0.780496124629609,"x":-99.20903,"y":19.451535,"fech_cr":"2018-08-17T00:00:00","anio":2018,"mes":8,"dia":17}},
{"type":"Feature","geometry":{"type":"Polygon","coordinates":[[[-99.19357794901278,19.410111031647062],[-99.2004959702921,19.406325045049343],[-99.20036760095604,19.40182892544783],[-99.1967906479557,19.4050096799323],[-99.19449938211412,19.406606308537693],[-99.19303309950185,19.406684059907427],[-99.19374580891544,19.407487838446475],[-99.19357794901278,19.410111031647062]]]},"properties":{"_id":360,"id":359,"g_pnt_2":"19.4062396226,-99.1972781911","geo_shp":"{\"type\": \"Polygon\", \"coordinates\": [[[-99.19357794901278, 19.410111031647062], [-99.19379868453966, 19.408545826745247], [-99.19381866557954, 19.40804620085339], [-99.19374580891545, 19.407487838446475], [-99.19356989131626, 19.40716474701878], [-99.1932","deleg":"MIGUEL HIDALGO","zona":"PONIENTE","sctr_18":"TACUBAYA","cv_sctr":5,"zp":4,"are_km2":0.283037059615452,"x":-99.196379,"y":19.405971,"fech_cr":"2018-08-17T00:00:00","anio":2018,"mes":8,"dia":17}},
{"type":"Feature","geometry":{"type":"Polygon","coordinates":[[[-99.1523256009485,19.46763862018137],[-99.14321039135176,19.46655529555909],[-99.14550834004083,19.47243852209373],[-99.15163815270088,19.472447504563092],[-99.1523256009485,19.46763862018137]]]},"properties":{"_id":361,"id":360,"g_pnt_2":"19.4696101359,-99.1480355182","geo_shp":"{\"type\": \"Polygon\", \"coordinates\": [[[-99.1523256009485, 19.46763862018137], [-99.15219081518144, 19.468492702372842], [-99.15194762755507, 19.47019569264882], [-99.15163815270087, 19.472447504563092], [-99.15059214810961, 19.472350679751326], [-99.15032","deleg":"AZCAPOTZALCO","zona":"PONIENTE","sctr_18":"LA RAZA","cv_sctr":4,"zp":8,"are_km2":0.472150663289165,"x":-99.147837,"y":19.468885,"fech_cr":"2018-08-17T00:00:00","anio":2018,"mes":8,"dia":17}},
{"type":"Feature","geometry":{"type":"Polygon","coordinates":[[[-99.18889405675048,19.341955918259178],[-99.19120432092484,19.34259961956677],[-99.1929070073183,19.340906314797493],[-99.19446982210388,19.341319668518313],[-99.19908263352256,19.340447332475875],[-99.20236259749326,19.340791403115094],[-99.20406842929812,19.33729359943158],[-99.20603580457372,19.335619036050787],[-99.20900871918398,19.3323455125434],[-99.21001777996648,19.33035721633709],[-99.20395594575436,19.332116975987365],[-99.19952941738929,19.33251872337106],[-99.19760770293196,19.3348215648141],[-99.19276553028038,19.336281290329097],[-99.19172579452392,19.33797389813538],[-99.19002338612742,19.338081694137927],[-99.18889405675048,19.341955918259178]]]},"properties":{"_id":362,"id":361,"g_pnt_2":"19.3367927928,-99.1992534824","geo_shp":"{\"type\": \"Polygon\", \"coordinates\": [[[-99.18889405675047, 19.341955918259178], [-99.18999920001214, 19.33914790636315], [-99.19007500112609, 19.338916821657683], [-99.19002338612742, 19.338081694137927], [-99.19172579452392, 19.33797389813538], [-99.1923","deleg":"ALVARO OBREGON","zona":"PONIENTE","sctr_18":"SAN ANGEL","cv_sctr":4,"zp":6,"are_km2":1.243190927368323,"x":-99.199457,"y":19.33648,"fech_cr":"2018-08-17T00:00:00","anio":2018,"mes":8,"dia":17}},
{"type":"Feature","geometry":{"type":"Polygon","coordinates":[[[-99.20286550016742,19.32616391919201],[-99.20634299450282,19.3274845953498],[-99.21041455291932,19.324171028782057],[-99.2121866874264,19.3237770971748],[-99.21370144204786,19.324876311492503],[-99.22016094454132,19.320366998205685],[-99.22112698579762,19.318043028148946],[-99.22030501709332,19.31364993944779],[-99.22000286048916,19.31277779549758],[-99.21897195389012,19.310698987075057],[-99.21497565003668,19.30886057007613],[-99.20955355093936,19.30904166771382],[-99.20987051939076,19.310082548563635],[-99.21222008186324,19.31446903767508],[-99.21051118969434,19.31518455136232],[-99.20963651013,19.31699863053324],[-99.2068720186124,19.319700833105244],[-99.20588711980734,19.32173057021237],[-99.20286550016742,19.32616391919201]]]},"properties":{"_id":363,"id":362,"g_pnt_2":"19.3178931469,-99.2133046042","geo_shp":"{\"type\": \"Polygon\", \"coordinates\": [[[-99.20286550016742, 19.32616391919201], [-99.2033502206048, 19.32545264766943], [-99.20399665068227, 19.3244913895357], [-99.20486111637499, 19.323260919663806], [-99.20588711980734, 19.32173057021237], [-99.20645248","deleg":"ALVARO OBREGON","zona":"PONIENTE","sctr_18":"SAN ANGEL","cv_sctr":4,"zp":8,"are_km2":2.027837737308518,"x":-99.211993,"y":19.318159,"fech_cr":"2018-08-17T00:00:00","anio":2018,"mes":8,"dia":17}},
{"type":"Feature","geometry":{"type":"Polygon","coordinates":[[[-99.15460372492082,19.40975758366924],[-99.14880890629674,19.40916692628188],[-99.14408050067829,19.40912518703777],[-99.14398130168864,19.410152403265624],[-99.14355951940934,19.414456410692015],[-99.15420453115692,19.41519384045059],[-99.15460372492082,19.40975758366924]]]},"properties":{"_id":364,"id":363,"g_pnt_2":"19.4120876984,-99.1491230661","geo_shp":"{\"type\": \"Polygon\", \"coordinates\": [[[-99.15460372492082, 19.40975758366924], [-99.15450211140397, 19.41108323280802], [-99.15442192014503, 19.412098960067556], [-99.15426257724792, 19.414326802892486], [-99.15420453115692, 19.41519384045059], [-99.15399","deleg":"CUAUHTEMOC","zona":"CENTRO","sctr_18":"ASTURIAS","cv_sctr":1,"zp":10,"are_km2":0.681850069548728,"x":-99.148999,"y":19.413118,"fech_cr":"2018-08-17T00:00:00","anio":2018,"mes":8,"dia":17}},
{"type":"Feature","geometry":{"type":"Polygon","coordinates":[[[-99.17085473820477,19.4330744078496],[-99.1694717342288,19.43029164225266],[-99.16686450269924,19.43157135524091],[-99.16461908030064,19.43262250126736],[-99.17021902362347,19.434124733199617],[-99.17085473820477,19.4330744078496]]]},"properties":{"_id":365,"id":364,"g_pnt_2":"19.4323717745,-99.1683947889","geo_shp":"{\"type\": \"Polygon\", \"coordinates\": [[[-99.17085473820475, 19.4330744078496], [-99.17021902362347, 19.434124733199614], [-99.16461908030064, 19.43262250126736], [-99.16557397864617, 19.432173091892395], [-99.16686450269923, 19.43157135524091], [-99.169471","deleg":"CUAUHTEMOC","zona":"CENTRO","sctr_18":"ANGEL-ZONA ROSA","cv_sctr":3,"zp":5,"are_km2":0.136634886071008,"x":-99.169029,"y":19.431359,"fech_cr":"2018-08-17T00:00:00","anio":2018,"mes":8,"dia":17}},
{"type":"Feature","geometry":{"type":"Polygon","coordinates":[[[-99.12954939376826,19.50503715029839],[-99.12733232024276,19.5016546712279],[-99.12519477762535,19.499335748368377],[-99.12005377671468,19.491394868628596],[-99.11983053324778,19.49104634393587],[-99.1179974452868,19.499560198369263],[-99.116697930598,19.5013850179347],[-99.11079837251766,19.504258900104546],[-99.10899302050404,19.505162043358897],[-99.10806564313052,19.506028134309144],[-99.1059956560366,19.508918239746624],[-99.1045166275645,19.50994532382957],[-99.10932508238868,19.51031410955446],[-99.11437098250084,19.510304030959706],[-99.12071694828109,19.515580865529003],[-99.12310174568988,19.513574983662565],[-99.123880110197,19.512568202768055],[-99.12388513011533,19.5122768261816],[-99.12425819953484,19.51058562980895],[-99.12954939376826,19.50503715029839]]]},"properties":{"_id":366,"id":365,"g_pnt_2":"19.5053254596,-99.119068762","geo_shp":"{\"type\": \"Polygon\", \"coordinates\": [[[-99.12954939376826, 19.50503715029839], [-99.12425819953484, 19.51058562980895], [-99.1240637589063, 19.511060871478808], [-99.12392734811237, 19.511522968612823], [-99.12385076995453, 19.511960713447365], [-99.12388","deleg":"GUSTAVO A MADERO","zona":"NORTE","sctr_18":"LINDAVISTA","cv_sctr":2,"zp":1,"are_km2":2.793129246319978,"x":-99.117031,"y":19.504847,"fech_cr":"2018-08-17T00:00:00","anio":2018,"mes":8,"dia":17}},
{"type":"Feature","geometry":{"type":"Polygon","coordinates":[[[-99.17033241228712,19.39894506779378],[-99.17522285631716,19.39751390478631],[-99.17898203348426,19.396654821792364],[-99.18021885539576,19.393940293235193],[-99.1808174591746,19.388889504840915],[-99.18151627311904,19.38552866897175],[-99.18262506703697,19.38451424795312],[-99.18026473499388,19.384573178668436],[-99.17455932982573,19.38536394232147],[-99.17452629662826,19.38546474482257],[-99.17289092884552,19.39046977924082],[-99.17033241228712,19.39894506779378]]]},"properties":{"_id":367,"id":366,"g_pnt_2":"19.3914655926,-99.1764339722","geo_shp":"{\"type\": \"Polygon\", \"coordinates\": [[[-99.17033241228712, 19.39894506779378], [-99.17240356435588, 19.392051303310776], [-99.17289092884553, 19.39046977924082], [-99.17384986673999, 19.387528979622363], [-99.17452629662826, 19.38546474482257], [-99.17455","deleg":"BENITO JUAREZ","zona":"SUR","sctr_18":"NAPOLES","cv_sctr":3,"zp":1,"are_km2":1.165870865904293,"x":-99.176479,"y":19.39173,"fech_cr":"2018-08-17T00:00:00","anio":2018,"mes":8,"dia":17}},
{"type":"Feature","geometry":{"type":"Polygon","coordinates":[[[-99.17560809428012,19.382234880152932],[-99.18114479173586,19.37994552338681],[-99.18666082641826,19.380469559218923],[-99.18729290775656,19.375179118779872],[-99.17864739658798,19.37301585974454],[-99.17655724482154,19.379402617007248],[-99.17560809428012,19.382234880152932]]]},"properties":{"_id":368,"id":367,"g_pnt_2":"19.3774218905,-99.1816233144","geo_shp":"{\"type\": \"Polygon\", \"coordinates\": [[[-99.17560809428012, 19.382234880152932], [-99.17655724482154, 19.379402617007248], [-99.17864739658798, 19.37301585974454], [-99.18153114492812, 19.373765669850215], [-99.18262740466294, 19.374050617742085], [-99.186","deleg":"BENITO JUAREZ","zona":"SUR","sctr_18":"NAPOLES","cv_sctr":3,"zp":5,"are_km2":0.737475592644488,"x":-99.181449,"y":19.377621,"fech_cr":"2018-08-17T00:00:00","anio":2018,"mes":8,"dia":17}},
{"type":"Feature","geometry":{"type":"Polygon","coordinates":[[[-99.17734981860156,19.364429362975525],[-99.18051403159372,19.36726347623783],[-99.1821773440085,19.36185516119952],[-99.1796777762648,19.36228720981119],[-99.17734981860156,19.364429362975525]]]},"properties":{"_id":369,"id":368,"g_pnt_2":"19.3642919426,-99.1799305535","geo_shp":"{\"type\": \"Polygon\", \"coordinates\": [[[-99.17734981860157, 19.364429362975525], [-99.1791626025172, 19.362683209916046], [-99.17967777626481, 19.36228720981119], [-99.18038377920024, 19.36225117407864], [-99.18118522595363, 19.362161175602484], [-99.18217","deleg":"BENITO JUAREZ","zona":"SUR","sctr_18":"DEL VALLE","cv_sctr":2,"zp":1,"are_km2":0.155546745077922,"x":-99.179765,"y":19.364561,"fech_cr":"2018-08-17T00:00:00","anio":2018,"mes":8,"dia":17}},
{"type":"Feature","geometry":{"type":"Polygon","coordinates":[[[-99.1390631671488,19.38390900888669],[-99.1468164010918,19.385094453378933],[-99.14683178935212,19.38494441430542],[-99.14725941945726,19.380963752217845],[-99.14810302550616,19.376927890189517],[-99.14612369692004,19.376562467112787],[-99.1457844305526,19.37819739855665],[-99.14102039673834,19.377322140898293],[-99.14022577907814,19.376381020389555],[-99.1390631671488,19.38390900888669]]]},"properties":{"_id":370,"id":369,"g_pnt_2":"19.3809465884,-99.1435622779","geo_shp":"{\"type\": \"Polygon\", \"coordinates\": [[[-99.13906316714879, 19.38390900888669], [-99.13933085052861, 19.38210486825613], [-99.13957599320062, 19.380452759270373], [-99.13973574113594, 19.37928197591405], [-99.14022577907814, 19.376381020389555], [-99.14102","deleg":"BENITO JUAREZ","zona":"SUR","sctr_18":"NARVARTE-ALAMOS","cv_sctr":1,"zp":5,"are_km2":0.65461549318418,"x":-99.143583,"y":19.380738,"fech_cr":"2018-08-17T00:00:00","anio":2018,"mes":8,"dia":17}},
{"type":"Feature","geometry":{"type":"Polygon","coordinates":[[[-99.15690063119936,19.349639921804847],[-99.1586230863956,19.357219770137835],[-99.16308706031994,19.35740724725072],[-99.16302789064058,19.354011808510155],[-99.16350214833432,19.34999734484362],[-99.16133881688418,19.348793814417732],[-99.15690063119936,19.349639921804847]]]},"properties":{"_id":371,"id":370,"g_pnt_2":"19.353141161,-99.160395827","geo_shp":"{\"type\": \"Polygon\", \"coordinates\": [[[-99.15690063119935, 19.349639921804847], [-99.16133881688418, 19.348793814417732], [-99.16135807915137, 19.348920958943964], [-99.16123450147356, 19.349702023022413], [-99.16124449242245, 19.350083408517605], [-99.16","deleg":"COYOACAN","zona":"SUR","sctr_18":"COYOACAN","cv_sctr":1,"zp":3,"are_km2":0.489984510989386,"x":-99.160205,"y":19.353102,"fech_cr":"2018-08-17T00:00:00","anio":2018,"mes":8,"dia":17}},
{"type":"Feature","geometry":{"type":"Polygon","coordinates":[[[-99.21320698218952,19.33580094413365],[-99.21493639795484,19.335482952567997],[-99.21704103077305,19.333964010880415],[-99.21946958845304,19.333368586895077],[-99.218549473218,19.331654141955298],[-99.21974617356967,19.33075398712914],[-99.21827151765336,19.32744729915719],[-99.21102894418252,19.33039644766404],[-99.20997497544256,19.331651294957076],[-99.21155320373984,19.330836883755104],[-99.21330799306573,19.331035387475687],[-99.21320698218952,19.33580094413365]]]},"properties":{"_id":372,"id":371,"g_pnt_2":"19.3316953348,-99.2155927163","geo_shp":"{\"type\": \"Polygon\", \"coordinates\": [[[-99.21320698218953, 19.33580094413365], [-99.21318426186961, 19.33443256130511], [-99.21111399722432, 19.33472481211109], [-99.21105706340512, 19.333536771974913], [-99.21106790205334, 19.333451533190367], [-99.21108","deleg":"MAGDALENA CONTRERAS","zona":"SUR","sctr_18":"SAN JERONIMO","cv_sctr":2,"zp":2,"are_km2":0.477629373846607,"x":-99.21488,"y":19.331625,"fech_cr":"2018-08-17T00:00:00","anio":2018,"mes":8,"dia":17}},
{"type":"Feature","geometry":{"type":"Polygon","coordinates":[[[-99.19584297790152,19.49085228951806],[-99.19889464967376,19.495696562649755],[-99.2044444999802,19.501321717286768],[-99.20574339898548,19.49994273258145],[-99.20642785439811,19.494324171913895],[-99.19806876109804,19.49189100266221],[-99.19584297790152,19.49085228951806]]]},"properties":{"_id":389,"id":388,"g_pnt_2":"19.4957728725,-99.2022863436","geo_shp":"{\"type\": \"Polygon\", \"coordinates\": [[[-99.19584297790152, 19.49085228951806], [-99.19621015911217, 19.490945702542597], [-99.19665318498657, 19.491110520072397], [-99.19721273338362, 19.491335852088476], [-99.19750998045708, 19.491594094508528], [-99.198","deleg":"AZCAPOTZALCO","zona":"PONIENTE","sctr_18":"HORMIGA","cv_sctr":3,"zp":4,"are_km2":0.558358939044045,"x":-99.20118,"y":19.495925,"fech_cr":"2018-08-17T00:00:00","anio":2018,"mes":8,"dia":17}},
{"type":"Feature","geometry":{"type":"Polygon","coordinates":[[[-99.1628206684096,19.294482679534102],[-99.16434116703344,19.29068307621771],[-99.16171206897278,19.28968222271732],[-99.1513044706762,19.29725762067497],[-99.15638259541322,19.296208839378178],[-99.1601412568758,19.295822738964223],[-99.1628206684096,19.294482679534102]]]},"properties":{"_id":373,"id":372,"g_pnt_2":"19.2935851606,-99.1594142197","geo_shp":"{\"type\": \"Polygon\", \"coordinates\": [[[-99.1628206684096, 19.294482679534106], [-99.16014125687579, 19.295822738964223], [-99.158532825721, 19.295834174478646], [-99.1572714003511, 19.295925101375197], [-99.15638259541322, 19.296208839378174], [-99.151304","deleg":"TLALPAN","zona":"SUR","sctr_18":"HUIPULCO-HOSPITALES","cv_sctr":5,"zp":5,"are_km2":0.451875300347221,"x":-99.157658,"y":19.293598,"fech_cr":"2018-08-17T00:00:00","anio":2018,"mes":8,"dia":17}},
{"type":"Feature","geometry":{"type":"Polygon","coordinates":[[[-98.99408711599293,19.357130142443925],[-98.99305135691974,19.35948725452962],[-98.99131379673408,19.365681504452244],[-98.99131374354609,19.36668569354515],[-98.99338379020465,19.36815785595406],[-99.00755413045594,19.376092182415427],[-99.01102786865444,19.36856090832996],[-99.00153110322688,19.361159915604123],[-98.99775383932337,19.359064042738076],[-98.99581914714427,19.358481432025787],[-98.99408711599293,19.357130142443925]]]},"properties":{"_id":374,"id":373,"g_pnt_2":"19.3667164065,-99.0007060875","geo_shp":"{\"type\": \"Polygon\", \"coordinates\": [[[-98.9912580538714, 19.366410851628544], [-98.99125806964935, 19.366114863936176], [-98.99131379673409, 19.365681504452244], [-98.99232740242644, 19.361960780325287], [-98.99305135691974, 19.35948725452962], [-98.9940","deleg":"IZTAPALAPA","zona":"ORIENTE","sctr_18":"OASIS","cv_sctr":1,"zp":3,"are_km2":2.181404122665764,"x":-99.001143,"y":19.366611,"fech_cr":"2018-08-17T00:00:00","anio":2018,"mes":8,"dia":17}},
{"type":"Feature","geometry":{"type":"Polygon","coordinates":[[[-98.96009551688152,19.324775908356965],[-98.96854615834594,19.332102450974112],[-98.97394953078192,19.336595462916456],[-98.9753246061316,19.338166246702652],[-98.9774575485103,19.34177767356123],[-98.98019402571192,19.344531181092933],[-98.98410303960694,19.34499448086748],[-98.9846881305551,19.341557901811377],[-98.98104113777008,19.3400215818286],[-98.98170464147115,19.337314732315107],[-98.98088265146502,19.33484705138944],[-98.98185858934173,19.3234908477901],[-98.97968430109816,19.322810973361996],[-98.96845119508671,19.323921210556737],[-98.96593631559162,19.324766157073853],[-98.96009551688152,19.324775908356965]]]},"properties":{"_id":375,"id":374,"g_pnt_2":"19.3313937909,-98.9750036492","geo_shp":"{\"type\": \"Polygon\", \"coordinates\": [[[-98.96009551688152, 19.324775908356965], [-98.96593631559162, 19.324766157073853], [-98.96845119508671, 19.323921210556737], [-98.97968430109816, 19.322810973361996], [-98.98185858934171, 19.3234908477901], [-98.9808","deleg":"IZTAPALAPA","zona":"ORIENTE","sctr_18":"TEOTONGO","cv_sctr":4,"zp":6,"are_km2":2.776090902927042,"x":-98.972391,"y":19.333947,"fech_cr":"2018-08-17T00:00:00","anio":2018,"mes":8,"dia":17}},
{"type":"Feature","geometry":{"type":"Polygon","coordinates":[[[-98.98900120427092,19.32547675938993],[-98.9906403931469,19.334031155775033],[-98.9936829491849,19.334259310906813],[-98.99457860636626,19.337316383287895],[-98.9980719253446,19.337536705417225],[-98.9977223927766,19.340283927422508],[-98.9988858061738,19.340416794176303],[-99.00003303595363,19.338083684524005],[-99.0000330353814,19.335238307053785],[-99.00238715057029,19.337636748661065],[-99.0036802241336,19.338077320897774],[-99.00341684798435,19.34070326438195],[-99.00765056977544,19.340840149144633],[-99.00967129513268,19.342056543280727],[-99.01054614781168,19.343501370340427],[-99.01409337385836,19.34438548065587],[-99.0159129959301,19.34639479814915],[-99.01564715374032,19.348205456225667],[-99.01745922531578,19.34936701160559],[-99.01884268607752,19.346438442484832],[-99.02062467259697,19.34455431744487],[-99.01987900624805,19.342231862690596],[-99.01868932312031,19.336568710579694],[-99.01797181638668,19.334348912709363],[-99.01754970663949,19.33272829111024],[-99.01813496743276,19.325489474982952],[-99.01731598988871,19.3210065172863],[-99.00146737073848,19.325646273400537],[-98.98900120427092,19.32547675938993]]]},"properties":{"_id":376,"id":375,"g_pnt_2":"19.3330090798,-99.0070986598","geo_shp":"{\"type\": \"Polygon\", \"coordinates\": [[[-98.98900120427093, 19.32547675938993], [-98.99720081902252, 19.32567065996997], [-98.99999152744142, 19.325673663937618], [-99.00146737073848, 19.325646273400537], [-99.00838439679552, 19.32363001696169], [-99.01007","deleg":"IZTAPALAPA","zona":"ORIENTE","sctr_18":"TEOTONGO","cv_sctr":4,"zp":5,"are_km2":5.402116998773953,"x":-99.004812,"y":19.335188,"fech_cr":"2018-08-17T00:00:00","anio":2018,"mes":8,"dia":17}},
{"type":"Feature","geometry":{"type":"Polygon","coordinates":[[[-99.07417210963744,19.356486645536883],[-99.08290447872596,19.35950891360552],[-99.08396261065408,19.36022837921584],[-99.08009303086244,19.370857564598985],[-99.08211108376793,19.371203896861655],[-99.08646895051707,19.36624899349974],[-99.08700903925045,19.366242861598895],[-99.09632539557774,19.36650126017217],[-99.09989176460688,19.359567899519867],[-99.09886251090292,19.35931856637844],[-99.10024252887172,19.355492115304735],[-99.09807903200876,19.355754033558213],[-99.08971593118174,19.35798218463704],[-99.08476441440985,19.355027932702015],[-99.08163191216724,19.35358864842536],[-99.07585629355852,19.350967110499216],[-99.07417210963744,19.356486645536883]]]},"properties":{"_id":377,"id":376,"g_pnt_2":"19.3605067412,-99.0875564238","geo_shp":"{\"type\": \"Polygon\", \"coordinates\": [[[-99.07417210963743, 19.356486645536883], [-99.07452813858083, 19.35527227220891], [-99.07500939785743, 19.353706005008465], [-99.07498153519907, 19.353573974240117], [-99.07546752040989, 19.35215944828318], [-99.0758","deleg":"IZTAPALAPA","zona":"ORIENTE","sctr_18":"ABASTO-REFORMA","cv_sctr":2,"zp":6,"are_km2":2.5290753245942,"x":-99.08721,"y":19.361195,"fech_cr":"2018-08-17T00:00:00","anio":2018,"mes":8,"dia":17}},
{"type":"Feature","geometry":{"type":"Polygon","coordinates":[[[-99.00585476190116,19.29719703088345],[-99.01035113475189,19.29769770960216],[-99.01296470845834,19.29764656919358],[-99.01215774970608,19.30132765427858],[-99.01224941580318,19.30394826481606],[-99.01450630908715,19.304671941142026],[-99.014018747662,19.309985693384956],[-99.01769402156032,19.311404316106625],[-99.01859373973552,19.31217153980821],[-99.0212773126712,19.309898137703513],[-99.02359461875106,19.30623481223042],[-99.02438230994824,19.303846094558725],[-99.0251166117139,19.30228560935906],[-99.02417323933136,19.300298492794496],[-99.02191395714016,19.29794251775693],[-99.02608439810024,19.29721586789169],[-99.02230835630156,19.292087380805217],[-99.0168492019008,19.28799055810392],[-99.01510009297496,19.286199133853795],[-99.01358741698904,19.28190716610854],[-99.0097198819049,19.28137020138658],[-99.01020731290645,19.28228905572473],[-99.0082300479464,19.294368630505637],[-99.006823417509,19.294913039025342],[-99.00585476190116,19.29719703088345]]]},"properties":{"_id":378,"id":377,"g_pnt_2":"19.2971872663,-99.0163674642","geo_shp":"{\"type\": \"Polygon\", \"coordinates\": [[[-99.00585476190115, 19.297197030883446], [-99.00633319611313, 19.296164710333183], [-99.00645310372119, 19.295668256340747], [-99.00670359369465, 19.295088920287927], [-99.00682341750901, 19.294913039025342], [-99.00","deleg":"TLAHUAC","zona":"ORIENTE","sctr_18":"MIXQUIC","cv_sctr":3,"zp":2,"are_km2":3.518477736080887,"x":-99.015969,"y":19.29685,"fech_cr":"2018-08-17T00:00:00","anio":2018,"mes":8,"dia":17}},
{"type":"Feature","geometry":{"type":"Polygon","coordinates":[[[-99.1242993109064,19.284472812996857],[-99.12588040720016,19.285446553606292],[-99.12551709722504,19.290650980371844],[-99.12687739228734,19.290810371935528],[-99.12957800637317,19.289077004506627],[-99.1267838241258,19.286223455554985],[-99.1277093247823,19.283555920328425],[-99.1242993109064,19.284472812996857]]]},"properties":{"_id":379,"id":378,"g_pnt_2":"19.2875494058,-99.1268499507","geo_shp":"{\"type\": \"Polygon\", \"coordinates\": [[[-99.12429931090641, 19.284472812996857], [-99.1277093247823, 19.283555920328425], [-99.12768505761797, 19.283926760569837], [-99.12761637190954, 19.284210145373844], [-99.12744840983929, 19.284726143472724], [-99.127","deleg":"TLALPAN","zona":"SUR","sctr_18":"COAPA","cv_sctr":3,"zp":5,"are_km2":0.189390774929327,"x":-99.128039,"y":19.289022,"fech_cr":"2018-08-17T00:00:00","anio":2018,"mes":8,"dia":17}},
{"type":"Feature","geometry":{"type":"Polygon","coordinates":[[[-99.10591670102684,19.424351455889525],[-99.1101715109151,19.42658702513439],[-99.11250833286508,19.426044052067123],[-99.1140638211033,19.4240852404588],[-99.11463159337544,19.419954643934705],[-99.11172820358988,19.41923361599473],[-99.10714243117732,19.41809446226655],[-99.10641091423828,19.421182631538706],[-99.1074339763626,19.42169175686279],[-99.10591670102684,19.424351455889525]]]},"properties":{"_id":380,"id":379,"g_pnt_2":"19.4223181675,-99.1103064177","geo_shp":"{\"type\": \"Polygon\", \"coordinates\": [[[-99.10591670102684, 19.424351455889525], [-99.1074339763626, 19.42169175686279], [-99.10641091423828, 19.421182631538706], [-99.10714243117731, 19.41809446226655], [-99.11172820358989, 19.41923361599473], [-99.114631","deleg":"VENUSTIANO CARRANZA","zona":"NORTE","sctr_18":"MERCED-BALBUENA","cv_sctr":3,"zp":7,"are_km2":0.592290170318847,"x":-99.110261,"y":19.42234,"fech_cr":"2018-08-17T00:00:00","anio":2018,"mes":8,"dia":17}},
{"type":"Feature","geometry":{"type":"Polygon","coordinates":[[[-99.10133364985953,19.501531464235647],[-99.10105617465824,19.500209863679057],[-99.10276126426984,19.49840372398218],[-99.10301401009612,19.49632085411006],[-99.1045137910577,19.49469448259079],[-99.10362421305084,19.49365593512012],[-99.1015729106022,19.49078032182847],[-99.09997197931357,19.489531756774852],[-99.09848578503028,19.493767255174443],[-99.09426829038917,19.499983699032565],[-99.10133364985953,19.501531464235647]]]},"properties":{"_id":381,"id":380,"g_pnt_2":"19.4963841704,-99.0997553791","geo_shp":"{\"type\": \"Polygon\", \"coordinates\": [[[-99.1018240115453, 19.49901411413964], [-99.10153887627925, 19.499314324218584], [-99.1013731299758, 19.49958410051916], [-99.1011995733057, 19.499861382276105], [-99.10105617465824, 19.500209863679054], [-99.1009950","deleg":"GUSTAVO A MADERO","zona":"NORTE","sctr_18":"QUIROGA","cv_sctr":4,"zp":10,"are_km2":0.659824374151426,"x":-99.099659,"y":19.494274,"fech_cr":"2018-08-17T00:00:00","anio":2018,"mes":8,"dia":17}},
{"type":"Feature","geometry":{"type":"Polygon","coordinates":[[[-99.13455086426382,19.413829129370317],[-99.13518745158385,19.409616985666982],[-99.13552583481577,19.40740194747477],[-99.13363287163072,19.407778686392575],[-99.12648629843412,19.4081777562638],[-99.1277473981944,19.412762166491135],[-99.12770615785328,19.413862538796177],[-99.1344555761443,19.414475849118816],[-99.13455086426382,19.413829129370317]]]},"properties":{"_id":383,"id":382,"g_pnt_2":"19.4108998731,-99.1312805016","geo_shp":"{\"type\": \"Polygon\", \"coordinates\": [[[-99.13475678595907, 19.41243563058473], [-99.13455086426382, 19.413829129370317], [-99.1344555761443, 19.414475849118816], [-99.12770615785328, 19.413862538796174], [-99.12781260311725, 19.413076995064802], [-99.1277","deleg":"CUAUHTEMOC","zona":"CENTRO","sctr_18":"ASTURIAS","cv_sctr":1,"zp":2,"are_km2":0.555569884362382,"x":-99.131008,"y":19.410083,"fech_cr":"2018-08-17T00:00:00","anio":2018,"mes":8,"dia":17}},
{"type":"Feature","geometry":{"type":"Polygon","coordinates":[[[-99.18991795283456,19.337880351878436],[-99.18344787978842,19.33667636747477],[-99.181712634571,19.338936467346507],[-99.18025522542835,19.34629313171018],[-99.18202677570522,19.346807427464903],[-99.18363785275376,19.34293005037675],[-99.18426578805942,19.342801170409633],[-99.18908246428138,19.338973978684727],[-99.18991795283456,19.337880351878436]]]},"properties":{"_id":384,"id":383,"g_pnt_2":"19.3407100581,-99.1840430652","geo_shp":"{\"type\": \"Polygon\", \"coordinates\": [[[-99.18991795283455, 19.337880351878436], [-99.18934812070472, 19.338674552336624], [-99.18908246428138, 19.338973978684727], [-99.18861748011832, 19.339301266647794], [-99.18821151274383, 19.339538114682814], [-99.18","deleg":"COYOACAN","zona":"SUR","sctr_18":"UNIVERSIDAD","cv_sctr":4,"zp":1,"are_km2":0.483290282329729,"x":-99.185086,"y":19.341543,"fech_cr":"2018-08-17T00:00:00","anio":2018,"mes":8,"dia":17}},
{"type":"Feature","geometry":{"type":"Polygon","coordinates":[[[-99.12481086322298,19.2977794339167],[-99.12680887833169,19.29873715307733],[-99.1309134824668,19.29909206421923],[-99.13117479775896,19.294485287998825],[-99.12536516481796,19.292111691688746],[-99.12498162495268,19.296033476635284],[-99.12481086322298,19.2977794339167]]]},"properties":{"_id":385,"id":384,"g_pnt_2":"19.2959146291,-99.1279469936","geo_shp":"{\"type\": \"Polygon\", \"coordinates\": [[[-99.12481086322298, 19.2977794339167], [-99.12498162495267, 19.296033476635284], [-99.12536516481796, 19.292111691688742], [-99.13117479775896, 19.294485287998825], [-99.13099990444437, 19.295858714067315], [-99.1308","deleg":"TLALPAN","zona":"SUR","sctr_18":"COAPA","cv_sctr":3,"zp":3,"are_km2":0.37113764846412,"x":-99.127992,"y":19.295602,"fech_cr":"2018-08-17T00:00:00","anio":2018,"mes":8,"dia":17}},
{"type":"Feature","geometry":{"type":"Polygon","coordinates":[[[-99.10517095727177,19.321494976515904],[-99.10666102783956,19.314577822810733],[-99.1041120435959,19.314179280676715],[-99.10243767940165,19.314697011697685],[-99.09898345947674,19.31448770422323],[-99.09848850460236,19.318681706646213],[-99.09863439501468,19.319724774026852],[-99.10070912603813,19.322340091154892],[-99.10517095727177,19.321494976515904]]]},"properties":{"_id":386,"id":385,"g_pnt_2":"19.3180131414,-99.1023967141","geo_shp":"{\"type\": \"Polygon\", \"coordinates\": [[[-99.10517095727177, 19.321494976515904], [-99.10517095727177, 19.321494976515904], [-99.10070912603813, 19.322340091154892], [-99.09961640509141, 19.32128200030294], [-99.09890023577624, 19.32045732679373], [-99.0986","deleg":"COYOACAN","zona":"SUR","sctr_18":"CULHUACAN","cv_sctr":2,"zp":5,"are_km2":0.606581006734273,"x":-99.103115,"y":19.315668,"fech_cr":"2018-08-17T00:00:00","anio":2018,"mes":8,"dia":17}},
{"type":"Feature","geometry":{"type":"Polygon","coordinates":[[[-99.2459283329095,19.393615747151983],[-99.2479859757478,19.389761807578072],[-99.24711941386896,19.385575999332183],[-99.2454462854922,19.386650679150353],[-99.24204624830864,19.386478096637266],[-99.23939619935923,19.38847713016167],[-99.23894298680314,19.391807307664077],[-99.239108243493,19.3940412107942],[-99.23372097692486,19.398687991616928],[-99.2290126977327,19.404240239991783],[-99.23159888159697,19.40509708022968],[-99.23246807953636,19.406044295734752],[-99.23500733948332,19.405100205867935],[-99.23816915476476,19.401921780574817],[-99.2402178194538,19.40012718075383],[-99.2420804093784,19.397025231732425],[-99.2437569288411,19.39615952992862],[-99.24409562222142,19.395987178489538],[-99.2459283329095,19.393615747151983]]]},"properties":{"_id":387,"id":386,"g_pnt_2":"19.3955587666,-99.2396158741","geo_shp":"{\"type\": \"Polygon\", \"coordinates\": [[[-99.2459283329095, 19.393615747151983], [-99.24532489465406, 19.39398195653152], [-99.24510321042297, 19.39412640681287], [-99.24491648574039, 19.39427632273363], [-99.24469496620017, 19.394531484113646], [-99.244607","deleg":"MIGUEL HIDALGO","zona":"PONIENTE","sctr_18":"CHAPULTEPEC","cv_sctr":2,"zp":10,"are_km2":1.601066278510277,"x":-99.238385,"y":19.396392,"fech_cr":"2018-08-17T00:00:00","anio":2018,"mes":8,"dia":17}},
{"type":"Feature","geometry":{"type":"Polygon","coordinates":[[[-99.18079143756351,19.43066961382685],[-99.18303940416472,19.436769246787925],[-99.18843907573336,19.437070278760483],[-99.18854447091176,19.43074541591936],[-99.18079143756351,19.43066961382685]]]},"properties":{"_id":388,"id":387,"g_pnt_2":"19.4336093054,-99.1852301454","geo_shp":"{\"type\": \"Polygon\", \"coordinates\": [[[-99.18304748003149, 19.436325126777547], [-99.18079143756351, 19.43066961382685], [-99.18305037141222, 19.43065849313245], [-99.18613830759455, 19.430707681354633], [-99.18854447091176, 19.43074541591936], [-99.18843","deleg":"MIGUEL HIDALGO","zona":"PONIENTE","sctr_18":"POLANCO-CASTILLO","cv_sctr":1,"zp":5,"are_km2":0.470252324515475,"x":-99.184398,"y":19.433799,"fech_cr":"2018-08-17T00:00:00","anio":2018,"mes":8,"dia":17}},
{"type":"Feature","geometry":{"type":"Polygon","coordinates":[[[-99.18429637545394,19.294837970906254],[-99.18337176196046,19.29445651124561],[-99.17374448474942,19.290368080779444],[-99.1740192815288,19.28795688587067],[-99.17570603434264,19.287387966090495],[-99.17770601464652,19.284984948912],[-99.1717950766528,19.283247474392184],[-99.17153100151168,19.28501145749094],[-99.16952921447329,19.290833152455257],[-99.167762640996,19.29027570304128],[-99.16730138801906,19.29165376366804],[-99.16973593296024,19.292489957258542],[-99.1752147955248,19.294326512332905],[-99.18166997597632,19.29463969178293],[-99.1841303925203,19.295016545052036],[-99.18429637545394,19.294837970906254]]]},"properties":{"_id":390,"id":389,"g_pnt_2":"19.2898980234,-99.1740025909","geo_shp":"{\"type\": \"Polygon\", \"coordinates\": [[[-99.18429637545394, 19.294837970906258], [-99.1841303925203, 19.295016545052036], [-99.18166997597632, 19.294639691782926], [-99.17835827735004, 19.294513173178906], [-99.176476517519, 19.29444504861638], [-99.175214","deleg":"TLALPAN","zona":"SUR","sctr_18":"HUIPULCO-HOSPITALES","cv_sctr":5,"zp":7,"are_km2":0.761573826871892,"x":-99.171778,"y":19.28933,"fech_cr":"2018-08-17T00:00:00","anio":2018,"mes":8,"dia":17}},
{"type":"Feature","geometry":{"type":"Polygon","coordinates":[[[-99.10343410795302,19.44425157981986],[-99.10904366365952,19.446109880489324],[-99.11019680797152,19.4481310974684],[-99.11297106322203,19.441030729611995],[-99.11184152338984,19.439790010282135],[-99.10714683945685,19.439347555267084],[-99.10646321590716,19.44122490833802],[-99.10471397968492,19.4406420000946],[-99.10382770848362,19.44314152508864],[-99.10343410795302,19.44425157981986]]]},"properties":{"_id":391,"id":390,"g_pnt_2":"19.4429147617,-99.1084897117","geo_shp":"{\"type\": \"Polygon\", \"coordinates\": [[[-99.10343410795302, 19.44425157981986], [-99.10382770848362, 19.443141525088638], [-99.10471397968493, 19.4406420000946], [-99.10559401902438, 19.440922201237623], [-99.10646321590716, 19.44122490833802], [-99.107146","deleg":"VENUSTIANO CARRANZA","zona":"NORTE","sctr_18":"MOCTEZUMA","cv_sctr":6,"zp":12,"are_km2":0.536117979695419,"x":-99.10819,"y":19.443784,"fech_cr":"2018-08-17T00:00:00","anio":2018,"mes":8,"dia":17}},
{"type":"Feature","geometry":{"type":"Polygon","coordinates":[[[-99.11983053324778,19.49104634393587],[-99.11715666109755,19.488348637146977],[-99.1138289071953,19.48716050024863],[-99.1134481203744,19.488934198421436],[-99.11554397516768,19.48946970986808],[-99.11459555541325,19.49167405390665],[-99.11094510420158,19.492465856896672],[-99.11017755927,19.49408939743258],[-99.10996426331552,19.49673285879536],[-99.10851399081808,19.50109485014683],[-99.10842002068388,19.502374907889568],[-99.11079837251766,19.504258900104546],[-99.116697930598,19.5013850179347],[-99.1179974452868,19.499560198369263],[-99.11983053324778,19.49104634393587]]]},"properties":{"_id":392,"id":391,"g_pnt_2":"19.4963272279,-99.1142322986","geo_shp":"{\"type\": \"Polygon\", \"coordinates\": [[[-99.11983053324778, 19.49104634393587], [-99.11799744528679, 19.499560198369263], [-99.11772467784046, 19.500186594270243], [-99.11750860696704, 19.500542998551403], [-99.1172210834566, 19.50093089985191], [-99.11704","deleg":"GUSTAVO A MADERO","zona":"NORTE","sctr_18":"QUIROGA","cv_sctr":4,"zp":8,"are_km2":1.315804928522573,"x":-99.113164,"y":19.49616,"fech_cr":"2018-08-17T00:00:00","anio":2018,"mes":8,"dia":17}},
{"type":"Feature","geometry":{"type":"Polygon","coordinates":[[[-99.12398422220298,19.306505308416167],[-99.1116002167952,19.305217274688495],[-99.1106246390887,19.31013734436578],[-99.1145841717134,19.311081343064355],[-99.118395206474,19.311430029981576],[-99.12033799269302,19.310753723451892],[-99.12365550763312,19.310508478264858],[-99.12398422220298,19.306505308416167]]]},"properties":{"_id":393,"id":392,"g_pnt_2":"19.3083937976,-99.1172546236","geo_shp":"{\"type\": \"Polygon\", \"coordinates\": [[[-99.12398422220298, 19.306505308416167], [-99.12363646538377, 19.310375725421256], [-99.12365550763313, 19.310508478264854], [-99.12352283545411, 19.310535591235006], [-99.1229921327133, 19.310625876120344], [-99.122","deleg":"COYOACAN","zona":"SUR","sctr_18":"CULHUACAN","cv_sctr":2,"zp":9,"are_km2":0.754597876834951,"x":-99.117305,"y":19.308322,"fech_cr":"2018-08-17T00:00:00","anio":2018,"mes":8,"dia":17}},
{"type":"Feature","geometry":{"type":"Polygon","coordinates":[[[-99.05122702104472,19.45153743772473],[-99.0573912834089,19.465292230640888],[-99.05824975588554,19.463462637969577],[-99.05896864142566,19.462193604041637],[-99.06215844191026,19.460781393117554],[-99.060602065627,19.45450207665835],[-99.05810407950406,19.44928994738504],[-99.05122702104472,19.45153743772473]]]},"properties":{"_id":394,"id":393,"g_pnt_2":"19.4562180551,-99.0570204479","geo_shp":"{\"type\": \"Polygon\", \"coordinates\": [[[-99.05122702104471, 19.45153743772473], [-99.05790438782357, 19.449268501504044], [-99.05810407950406, 19.44928994738504], [-99.05960245992604, 19.452648052522445], [-99.06006474280741, 19.453758543084966], [-99.0602","deleg":"GUSTAVO A MADERO","zona":"NORTE","sctr_18":"ARAGON","cv_sctr":1,"zp":4,"are_km2":1.045136741814346,"x":-99.060014,"y":19.45728,"fech_cr":"2018-08-17T00:00:00","anio":2018,"mes":8,"dia":17}},
{"type":"Feature","geometry":{"type":"Polygon","coordinates":[[[-99.06610863697418,19.44634660839135],[-99.06862639321984,19.457066736979463],[-99.06906227499482,19.45752839773483],[-99.0778104253376,19.45114505386853],[-99.07858769054604,19.451053437977233],[-99.080242227504,19.44946415684606],[-99.07961724431094,19.449623947686774],[-99.0750816935592,19.448030636822313],[-99.068153639457,19.445644525564113],[-99.0667879818093,19.445863926745165],[-99.06610863697418,19.44634660839135]]]},"properties":{"_id":395,"id":394,"g_pnt_2":"19.4508203418,-99.0715702916","geo_shp":"{\"type\": \"Polygon\", \"coordinates\": [[[-99.06610863697418, 19.44634660839135], [-99.0667879818093, 19.445863926745165], [-99.06719081315639, 19.44573453877832], [-99.0676485203909, 19.445611817366046], [-99.06815363945701, 19.445644525564113], [-99.069709","deleg":"GUSTAVO A MADERO","zona":"NORTE","sctr_18":"ARAGON","cv_sctr":1,"zp":7,"are_km2":0.967923028465422,"x":-99.073177,"y":19.451519,"fech_cr":"2018-08-17T00:00:00","anio":2018,"mes":8,"dia":17}},
{"type":"Feature","geometry":{"type":"Polygon","coordinates":[[[-99.12285149835988,19.442064367669175],[-99.12413801710797,19.44427799926702],[-99.12475847908333,19.445392463909155],[-99.12544093642678,19.44646503886555],[-99.12740056126144,19.446190011859542],[-99.12687288514256,19.44460742931873],[-99.12707787880812,19.442379222347004],[-99.12713221384644,19.441321592761163],[-99.12457074615234,19.441071217526613],[-99.12285149835988,19.442064367669175]]]},"properties":{"_id":396,"id":395,"g_pnt_2":"19.4437870155,-99.1256688076","geo_shp":"{\"type\": \"Polygon\", \"coordinates\": [[[-99.12285149835988, 19.442064367669175], [-99.12444536841127, 19.442183121391043], [-99.12457074615234, 19.441071217526613], [-99.12713221384645, 19.441321592761163], [-99.12707787880812, 19.442379222347004], [-99.12","deleg":"CUAUHTEMOC","zona":"CENTRO","sctr_18":"MORELOS","cv_sctr":3,"zp":5,"are_km2":0.186359916297771,"x":-99.125239,"y":19.444506,"fech_cr":"2018-08-17T00:00:00","anio":2018,"mes":8,"dia":17}},
{"type":"Feature","geometry":{"type":"Polygon","coordinates":[[[-99.1105916180992,19.34919392328157],[-99.110579969086,19.349144493607906],[-99.11189995827584,19.342839822791397],[-99.10919275590908,19.341568309721644],[-99.10810307233612,19.34019557452837],[-99.10754101789873,19.343163198982115],[-99.10648946041866,19.348752069228993],[-99.1105916180992,19.34919392328157]]]},"properties":{"_id":397,"id":396,"g_pnt_2":"19.3452153285,-99.1091671137","geo_shp":"{\"type\": \"Polygon\", \"coordinates\": [[[-99.1105916180992, 19.34919392328157], [-99.1092339109805, 19.349048782015654], [-99.10773602657466, 19.348858524584347], [-99.10648946041866, 19.348752069228993], [-99.10719415480747, 19.345169795389925], [-99.10730","deleg":"IZTAPALAPA","zona":"ORIENTE","sctr_18":"GRANJAS","cv_sctr":5,"zp":10,"are_km2":0.365587372935185,"x":-99.108981,"y":19.344083,"fech_cr":"2018-08-17T00:00:00","anio":2018,"mes":8,"dia":17}},
{"type":"Feature","geometry":{"type":"Polygon","coordinates":[[[-99.06543065777755,19.401465669070532],[-99.06365400445937,19.40042632569755],[-99.06167124024684,19.399296747654056],[-99.06023680207252,19.41267237333451],[-99.06414713722224,19.41300027963588],[-99.06543065777755,19.401465669070532]]]},"properties":{"_id":398,"id":397,"g_pnt_2":"19.4065812433,-99.0628315693","geo_shp":"{\"type\": \"Polygon\", \"coordinates\": [[[-99.06543065777755, 19.401465669070532], [-99.06527008626622, 19.402911676677405], [-99.06507529455723, 19.404533841908357], [-99.0648198103137, 19.406831057653953], [-99.06452777467507, 19.409687360326952], [-99.064","deleg":"IZTACALCO","zona":"NORTE","sctr_18":"PANTITLAN","cv_sctr":2,"zp":5,"are_km2":0.574800300018018,"x":-99.062951,"y":19.405976,"fech_cr":"2018-08-17T00:00:00","anio":2018,"mes":8,"dia":17}},
{"type":"Feature","geometry":{"type":"Polygon","coordinates":[[[-99.0451443674689,19.390071427850707],[-99.05821881619104,19.397493498093745],[-99.0582342969281,19.397372025677384],[-99.05855075286684,19.394378799065883],[-99.05940373012425,19.388957943307336],[-99.05992671598474,19.38546702446875],[-99.0542938498551,19.3834802123882],[-99.0550421514796,19.380863552215978],[-99.0511666303162,19.380027423991795],[-99.04875290479409,19.38399801936545],[-99.0451443674689,19.390071427850707]]]},"properties":{"_id":414,"id":413,"g_pnt_2":"19.388554902,-99.0533527911","geo_shp":"{\"type\": \"Polygon\", \"coordinates\": [[[-99.0451443674689, 19.390071427850707], [-99.04712904354939, 19.386714026299504], [-99.04875290479407, 19.38399801936545], [-99.04997781566084, 19.381971508666254], [-99.05116663031619, 19.380027423991795], [-99.0511","deleg":"IZTAPALAPA","zona":"ORIENTE","sctr_18":"OASIS","cv_sctr":1,"zp":7,"are_km2":1.680213201578137,"x":-99.052536,"y":19.388761,"fech_cr":"2018-08-17T00:00:00","anio":2018,"mes":8,"dia":17}},
{"type":"Feature","geometry":{"type":"Polygon","coordinates":[[[-99.01813496743276,19.325489474982952],[-99.01754970663949,19.33272829111024],[-99.01797181638668,19.334348912709363],[-99.01868932312031,19.336568710579694],[-99.01987900624805,19.342231862690596],[-99.02062467259697,19.34455431744487],[-99.0228202112152,19.344135424177175],[-99.03248974973263,19.34330428533651],[-99.03384928951836,19.343191788213073],[-99.0353895686642,19.33795227328495],[-99.03590967056864,19.33621184892137],[-99.03238267380884,19.33526028473505],[-99.03399753811271,19.33036329738823],[-99.0358291569334,19.32761047607579],[-99.03619286182048,19.325230110767283],[-99.03116991999909,19.32540727618479],[-99.0300339184816,19.325850230200626],[-99.02671892959268,19.32510639015924],[-99.02565102613372,19.32642850719369],[-99.02404739564368,19.324305919597176],[-99.02216979888604,19.32756492863175],[-99.01915244546824,19.32558056269442],[-99.01813496743276,19.325489474982952]]]},"properties":{"_id":415,"id":414,"g_pnt_2":"19.3344109049,-99.0265349155","geo_shp":"{\"type\": \"Polygon\", \"coordinates\": [[[-99.01719721607158, 19.331292304490244], [-99.01726971945196, 19.33091713743212], [-99.01728465800205, 19.330842031671057], [-99.01754670576963, 19.33048058391497], [-99.01788521985549, 19.330321123739722], [-99.0180","deleg":"IZTAPALAPA","zona":"ORIENTE","sctr_18":"QUETZAL","cv_sctr":2,"zp":2,"are_km2":3.35136317868475,"x":-99.026696,"y":19.333434,"fech_cr":"2018-08-17T00:00:00","anio":2018,"mes":8,"dia":17}},
{"type":"Feature","geometry":{"type":"Polygon","coordinates":[[[-99.01305871533968,19.352364046021076],[-99.01491719572267,19.353660195714458],[-99.01501307080886,19.357769224775815],[-99.01677750408088,19.35857894802989],[-99.02040381561504,19.35855037988841],[-99.02210229227856,19.359313152657105],[-99.02653053952588,19.361669980365512],[-99.02543200532818,19.3634969466686],[-99.03455210478138,19.368937640501525],[-99.0395645550432,19.371867031855047],[-99.03966802508516,19.37249495460635],[-99.04292360206908,19.374482708899517],[-99.04028975490765,19.379506960953535],[-99.04875290479409,19.38399801936545],[-99.0511666303162,19.380027423991795],[-99.0550421514796,19.380863552215978],[-99.0542938498551,19.3834802123882],[-99.05992671598474,19.38546702446875],[-99.06048888706609,19.381901799309983],[-99.0596351828016,19.37649297257998],[-99.05904307226886,19.374932521996698],[-99.05800194145353,19.371357691139902],[-99.05713898763982,19.37180018284955],[-99.05131842190325,19.369980261273497],[-99.0523758389547,19.37255699386432],[-99.0498304522355,19.372121454799863],[-99.04962474986756,19.369859443838692],[-99.05041119263028,19.36706194217735],[-99.05154562952134,19.366666130845186],[-99.05170426335374,19.36453795744364],[-99.05356425973184,19.364746734930744],[-99.05322974395251,19.368828388777505],[-99.0576903593042,19.36997600334129],[-99.05591522704536,19.36526931609052],[-99.0563545784467,19.362513558084768],[-99.04902575147312,19.361740868938032],[-99.04277520743116,19.36048384126915],[-99.04112269506749,19.360429904817053],[-99.04068509167836,19.360493900339268],[-99.03999514280332,19.36048085801004],[-99.02778213899126,19.359166414228937],[-99.02606278468838,19.357801418466384],[-99.0186967981804,19.353722388560197],[-99.01458948565416,19.351684829081563],[-99.01397348439912,19.35195176380357],[-99.01305871533968,19.352364046021076]]]},"properties":{"_id":416,"id":415,"g_pnt_2":"19.3690649397,-99.0428409543","geo_shp":"{\"type\": \"Polygon\", \"coordinates\": [[[-99.01305871533968, 19.352364046021076], [-99.01397348439912, 19.35195176380357], [-99.0139874806544, 19.351951943485478], [-99.01458948565417, 19.351684829081563], [-99.01869679818041, 19.353722388560197], [-99.0198","deleg":"IZTAPALAPA","zona":"ORIENTE","sctr_18":"SANTA CRUZ","cv_sctr":3,"zp":1,"are_km2":5.941059057037702,"x":-99.036791,"y":19.368577,"fech_cr":"2018-08-17T00:00:00","anio":2018,"mes":8,"dia":17}},
{"type":"Feature","geometry":{"type":"Polygon","coordinates":[[[-99.06306342304867,19.196456949014713],[-99.06244556418804,19.198628800637387],[-99.05840575881255,19.201903136599334],[-99.0556913890334,19.207128187673504],[-99.0538844032947,19.21672485445663],[-99.06749024645136,19.21465789078856],[-99.0735410070038,19.211677019132015],[-99.0778479304333,19.205894933480305],[-99.07989768635794,19.20122956668416],[-99.06306342304867,19.196456949014713]]]},"properties":{"_id":399,"id":398,"g_pnt_2":"19.2067633508,-99.0659725375","geo_shp":"{\"type\": \"Polygon\", \"coordinates\": [[[-99.06244556418805, 19.198628800637387], [-99.06306342304869, 19.196456949014713], [-99.07989768635794, 19.201229566684162], [-99.0778479304333, 19.205894933480305], [-99.07354100700381, 19.211677019132015], [-99.067","deleg":"MILPA ALTA","zona":"ORIENTE","sctr_18":"MILPA ALTA","cv_sctr":1,"zp":7,"are_km2":3.788441689762492,"x":-99.067464,"y":19.206237,"fech_cr":"2018-08-17T00:00:00","anio":2018,"mes":8,"dia":17}},
{"type":"Feature","geometry":{"type":"Polygon","coordinates":[[[-99.06306342304867,19.196456949014713],[-99.05413242977048,19.18621879542271],[-99.05194412038009,19.18848126986997],[-99.04833881278844,19.18800179687253],[-99.0470198964929,19.18829469865056],[-99.03524046835796,19.1833289859575],[-99.03459662771516,19.187855414930237],[-99.03299161774608,19.19171419958872],[-99.03318274424936,19.1947140460992],[-99.03481611108424,19.195768834977027],[-99.03510016457102,19.200341084272612],[-99.0369509848942,19.206188999680805],[-99.04082638763512,19.21146444109205],[-99.045312525896,19.21539037299397],[-99.04707187912808,19.21655971007879],[-99.05098564938346,19.217310528981287],[-99.0538844032947,19.21672485445663],[-99.0556913890334,19.207128187673504],[-99.05840575881255,19.201903136599334],[-99.06244556418804,19.198628800637387],[-99.06306342304867,19.196456949014713]]]},"properties":{"_id":400,"id":399,"g_pnt_2":"19.1995868446,-99.0469961909","geo_shp":"{\"type\": \"Polygon\", \"coordinates\": [[[-99.06306342304869, 19.196456949014713], [-99.06244556418805, 19.198628800637387], [-99.05840575881257, 19.201903136599338], [-99.0556913890334, 19.207128187673504], [-99.05503006320988, 19.21059010157007], [-99.0538","deleg":"MILPA ALTA","zona":"ORIENTE","sctr_18":"MILPA ALTA","cv_sctr":1,"zp":4,"are_km2":7.267907722046706,"x":-99.056445,"y":19.200226,"fech_cr":"2018-08-17T00:00:00","anio":2018,"mes":8,"dia":17}},
{"type":"Feature","geometry":{"type":"Polygon","coordinates":[[[-99.24694253701882,19.408221631961556],[-99.25117628159182,19.405697840055367],[-99.25529281807349,19.403646424158],[-99.2547633770844,19.39869550869455],[-99.25532552826424,19.396468827227288],[-99.25892631043176,19.393722602923305],[-99.25853864720544,19.391819364443897],[-99.25645616507126,19.392196925874405],[-99.25308853149896,19.393537506212873],[-99.25246145452952,19.392829822587434],[-99.24848693253256,19.39279236848209],[-99.2459283329095,19.393615747151983],[-99.24409562222142,19.395987178489538],[-99.2437569288411,19.39615952992862],[-99.2420804093784,19.397025231732425],[-99.2402178194538,19.40012718075383],[-99.23816915476476,19.401921780574817],[-99.24173421657588,19.399732301854325],[-99.24546836896896,19.400366081812205],[-99.24767734228791,19.402113686058733],[-99.2462833616432,19.403546879233932],[-99.24614724930088,19.40626171397825],[-99.24694253701882,19.408221631961556]]]},"properties":{"_id":401,"id":400,"g_pnt_2":"19.3988717521,-99.249839806","geo_shp":"{\"type\": \"Polygon\", \"coordinates\": [[[-99.25356666329903, 19.40457357655595], [-99.25312414718842, 19.404868460435512], [-99.25265218208438, 19.405275451471173], [-99.25204727338989, 19.40557046805926], [-99.25117628159182, 19.405697840055367], [-99.2504","deleg":"MIGUEL HIDALGO","zona":"PONIENTE","sctr_18":"CHAPULTEPEC","cv_sctr":2,"zp":11,"are_km2":1.70237862537122,"x":-99.251289,"y":19.39772,"fech_cr":"2018-08-17T00:00:00","anio":2018,"mes":8,"dia":17}},
{"type":"Feature","geometry":{"type":"Polygon","coordinates":[[[-99.14659609843396,19.555041860285197],[-99.15225837718232,19.54509167665607],[-99.15068398632596,19.544266057493775],[-99.1469139441024,19.542099508417373],[-99.14604095275132,19.543241935175043],[-99.14212879630956,19.54872364218688],[-99.13814747518448,19.552440004320665],[-99.13594186982844,19.55668599813948],[-99.13610794322024,19.557146970370987],[-99.1375462046814,19.55589336213726],[-99.1402498748687,19.55686002043976],[-99.14143760765504,19.558054313628578],[-99.14374445845084,19.55761498257077],[-99.14598890002522,19.556273089691143],[-99.14659609843396,19.555041860285197]]]},"properties":{"_id":402,"id":401,"g_pnt_2":"19.5509020671,-99.1444741099","geo_shp":"{\"type\": \"Polygon\", \"coordinates\": [[[-99.14915607368002, 19.55043538758219], [-99.14909594572467, 19.55056539767265], [-99.14928479938992, 19.550678301821954], [-99.14767031442015, 19.55329176142751], [-99.14659609843396, 19.555041860285197], [-99.14636","deleg":"GUSTAVO A MADERO","zona":"NORTE","sctr_18":"CUAUTEPEC","cv_sctr":1,"zp":8,"are_km2":1.429109470861211,"x":-99.142546,"y":19.553268,"fech_cr":"2018-08-17T00:00:00","anio":2018,"mes":8,"dia":17}},
{"type":"Feature","geometry":{"type":"Polygon","coordinates":[[[-99.16076815375376,19.5122578388469],[-99.15460576706468,19.514447241492128],[-99.1576530537192,19.521759654894513],[-99.15809383023782,19.52328870447769],[-99.15937222607356,19.52209534099452],[-99.16221501512236,19.516870611002652],[-99.16260555540995,19.517027785882007],[-99.16076815375376,19.5122578388469]]]},"properties":{"_id":403,"id":402,"g_pnt_2":"19.5170851163,-99.1587302723","geo_shp":"{\"type\": \"Polygon\", \"coordinates\": [[[-99.16076815375376, 19.5122578388469], [-99.16260555540997, 19.517027785882007], [-99.16221501512236, 19.516870611002652], [-99.15990882530751, 19.521121968700854], [-99.1596300519865, 19.52161856048274], [-99.159372","deleg":"GUSTAVO A MADERO","zona":"NORTE","sctr_18":"TICOMAN","cv_sctr":3,"zp":2,"are_km2":0.559055689607992,"x":-99.158984,"y":19.517034,"fech_cr":"2018-08-17T00:00:00","anio":2018,"mes":8,"dia":17}},
{"type":"Feature","geometry":{"type":"Polygon","coordinates":[[[-99.13432605316204,19.48419005937536],[-99.131946715354,19.48364765119393],[-99.12811197134856,19.48082559387073],[-99.12752231570836,19.481534110542228],[-99.12352161852792,19.486511028798965],[-99.13319178428804,19.49008498230729],[-99.13432605316204,19.48419005937536]]]},"properties":{"_id":404,"id":403,"g_pnt_2":"19.4856381266,-99.1294943255","geo_shp":"{\"type\": \"Polygon\", \"coordinates\": [[[-99.13432605316204, 19.48419005937536], [-99.13381501364692, 19.48697087161316], [-99.13319178428804, 19.49008498230729], [-99.12825254529443, 19.488241161950814], [-99.12352161852792, 19.486511028798965], [-99.12616","deleg":"GUSTAVO A MADERO","zona":"NORTE","sctr_18":"LINDAVISTA","cv_sctr":2,"zp":4,"are_km2":0.624334147491754,"x":-99.128668,"y":19.48665,"fech_cr":"2018-08-17T00:00:00","anio":2018,"mes":8,"dia":17}},
{"type":"Feature","geometry":{"type":"Polygon","coordinates":[[[-99.11763742850532,19.48204229976454],[-99.11901534412424,19.48250105502972],[-99.11715666109755,19.488348637146977],[-99.11983053324778,19.49104634393587],[-99.12005377671468,19.491394868628596],[-99.12199139513136,19.488359814498285],[-99.12352161852792,19.486511028798965],[-99.12752231570836,19.481534110542228],[-99.11900187528856,19.478541212223927],[-99.11763742850532,19.48204229976454]]]},"properties":{"_id":405,"id":404,"g_pnt_2":"19.4841857924,-99.1213616323","geo_shp":"{\"type\": \"Polygon\", \"coordinates\": [[[-99.11763742850532, 19.48204229976454], [-99.11900187528856, 19.478541212223927], [-99.12038100281261, 19.47899869133001], [-99.12679313952786, 19.481245688462604], [-99.12752231570836, 19.481534110542228], [-99.1261","deleg":"GUSTAVO A MADERO","zona":"NORTE","sctr_18":"TEPEYAC","cv_sctr":4,"zp":1,"are_km2":0.786559511615051,"x":-99.122634,"y":19.484441,"fech_cr":"2018-08-17T00:00:00","anio":2018,"mes":8,"dia":17}},
{"type":"Feature","geometry":{"type":"Polygon","coordinates":[[[-99.13023792338788,19.46889372764509],[-99.13207703832197,19.463615028333617],[-99.12609416571274,19.46037440048628],[-99.1234850991628,19.467112610239163],[-99.13023792338788,19.46889372764509]]]},"properties":{"_id":406,"id":405,"g_pnt_2":"19.4649449487,-99.1278215908","geo_shp":"{\"type\": \"Polygon\", \"coordinates\": [[[-99.13023792338788, 19.46889372764509], [-99.13023792338788, 19.46889372764509], [-99.12811592373929, 19.46839654140536], [-99.12670131892199, 19.468053471668423], [-99.12626002013222, 19.467979309209387], [-99.12551","deleg":"GUSTAVO A MADERO","zona":"NORTE","sctr_18":"TEPEYAC","cv_sctr":4,"zp":9,"are_km2":0.525862954092985,"x":-99.128385,"y":19.464842,"fech_cr":"2018-08-17T00:00:00","anio":2018,"mes":8,"dia":17}},
{"type":"Feature","geometry":{"type":"Polygon","coordinates":[[[-99.19418894848609,19.489149936032497],[-99.19137241742985,19.486648697600135],[-99.19228739083157,19.4832522896462],[-99.18949329250862,19.48239304393355],[-99.18937587200568,19.484912407654537],[-99.18936009045188,19.48543570316712],[-99.1890291771806,19.489812250891383],[-99.18567360732564,19.488776485624097],[-99.18619784360388,19.491808524130654],[-99.18433254414192,19.495913696362],[-99.18416387787234,19.4972684272143],[-99.19084852870805,19.4992677640743],[-99.19155327567088,19.496205887157895],[-99.19418894848609,19.489149936032497]]]},"properties":{"_id":407,"id":406,"g_pnt_2":"19.4920838439,-99.1894210745","geo_shp":"{\"type\": \"MultiPolygon\", \"coordinates\": [[[[-99.19418894848607, 19.489149936032497], [-99.19241403224551, 19.494305808250967], [-99.19155327567088, 19.496205887157895], [-99.19144006028077, 19.49660809072275], [-99.19106164382184, 19.497993234842422], [-","deleg":"AZCAPOTZALCO","zona":"PONIENTE","sctr_18":"HORMIGA","cv_sctr":3,"zp":8,"are_km2":0.994264737437139,"x":-99.192897,"y":19.491458,"fech_cr":"2018-08-17T00:00:00","anio":2018,"mes":8,"dia":17}},
{"type":"Feature","geometry":{"type":"Polygon","coordinates":[[[-99.20967893536611,19.43800181207565],[-99.2094598782872,19.443682421387912],[-99.21055566990285,19.443720557227383],[-99.21724189451687,19.443952985934793],[-99.21910606551886,19.44396466220972],[-99.22699617310826,19.438640184530403],[-99.2293090781562,19.43662612531423],[-99.22754025568024,19.435727748182003],[-99.22624998008946,19.430314983537446],[-99.22243677574964,19.43322015634084],[-99.21932672790004,19.437033409707503],[-99.21787296989042,19.438553579584887],[-99.21390159424168,19.438202852555897],[-99.20967893536611,19.43800181207565]]]},"properties":{"_id":408,"id":407,"g_pnt_2":"19.4388370868,-99.2194370818","geo_shp":"{\"type\": \"Polygon\", \"coordinates\": [[[-99.20945987828719, 19.443682421387912], [-99.20967893536613, 19.43800181207565], [-99.21390159424168, 19.438202852555897], [-99.21787296989042, 19.438553579584887], [-99.21932672790003, 19.437033409707503], [-99.221","deleg":"MIGUEL HIDALGO","zona":"PONIENTE","sctr_18":"SOTELO","cv_sctr":3,"zp":3,"are_km2":1.418339362979036,"x":-99.219381,"y":19.437144,"fech_cr":"2018-08-17T00:00:00","anio":2018,"mes":8,"dia":17}},
{"type":"Feature","geometry":{"type":"Polygon","coordinates":[[[-99.30472435431524,19.353390719682544],[-99.3059853162725,19.350770292148724],[-99.30493505943042,19.348881093607275],[-99.30240270181169,19.34900054557122],[-99.29648746776633,19.350454043266023],[-99.29472708203411,19.35160053219636],[-99.29096325787394,19.35582900278484],[-99.28739246032345,19.36115942058802],[-99.2912636772401,19.359809181490206],[-99.29358567186468,19.357924253940485],[-99.29441850738849,19.355955309989177],[-99.29718902201284,19.35410540049376],[-99.29984814148384,19.355574098005167],[-99.3021626115342,19.355428832700714],[-99.30472435431524,19.353390719682544]]]},"properties":{"_id":409,"id":408,"g_pnt_2":"19.353642249,-99.2978083722","geo_shp":"{\"type\": \"Polygon\", \"coordinates\": [[[-99.30472435431524, 19.353390719682544], [-99.30461367771024, 19.353369214320292], [-99.30449954415663, 19.35333189868606], [-99.30435049887639, 19.353311361072908], [-99.30423215811966, 19.353315716120285], [-99.304","deleg":"CUAJIMALPA","zona":"PONIENTE","sctr_18":"CUAJIMALPA","cv_sctr":6,"zp":3,"are_km2":0.936107155796105,"x":-99.295742,"y":19.354716,"fech_cr":"2018-08-17T00:00:00","anio":2018,"mes":8,"dia":17}},
{"type":"Feature","geometry":{"type":"Polygon","coordinates":[[[-99.13359172726962,19.41990833802061],[-99.14297945894458,19.420778933087725],[-99.14355951940934,19.414456410692015],[-99.13455086426382,19.413829129370317],[-99.1344555761443,19.414475849118816],[-99.13359172726962,19.41990833802061]]]},"properties":{"_id":410,"id":409,"g_pnt_2":"19.4172669313,-99.1387057088","geo_shp":"{\"type\": \"Polygon\", \"coordinates\": [[[-99.13359172726962, 19.41990833802061], [-99.13404097924641, 19.417289960195262], [-99.1344555761443, 19.414475849118816], [-99.13455086426382, 19.413829129370317], [-99.13837272739217, 19.41408527966649], [-99.14355","deleg":"CUAUHTEMOC","zona":"CENTRO","sctr_18":"ASTURIAS","cv_sctr":1,"zp":5,"are_km2":0.671391148950814,"x":-99.138435,"y":19.417686,"fech_cr":"2018-08-17T00:00:00","anio":2018,"mes":8,"dia":17}},
{"type":"Feature","geometry":{"type":"Polygon","coordinates":[[[-99.12609416571274,19.46037440048628],[-99.13207703832197,19.463615028333617],[-99.13341004985158,19.46418098555065],[-99.1407340395342,19.464619920077737],[-99.14119094882788,19.465009992180445],[-99.14215256557078,19.46377858083125],[-99.13994780004168,19.459615102990544],[-99.13610682665012,19.459316801264308],[-99.12774720871523,19.456255133017223],[-99.12609416571274,19.46037440048628]]]},"properties":{"_id":411,"id":410,"g_pnt_2":"19.4610321687,-99.1340169579","geo_shp":"{\"type\": \"Polygon\", \"coordinates\": [[[-99.12609416571274, 19.46037440048628], [-99.12774720871525, 19.456255133017226], [-99.12886452576605, 19.456680559600056], [-99.13301335437978, 19.458154772766314], [-99.13610682665013, 19.459316801264308], [-99.137","deleg":"CUAUHTEMOC","zona":"CENTRO","sctr_18":"TLATELOLCO","cv_sctr":5,"zp":4,"are_km2":0.871066075790212,"x":-99.134122,"y":19.460248,"fech_cr":"2018-08-17T00:00:00","anio":2018,"mes":8,"dia":17}},
{"type":"Feature","geometry":{"type":"Polygon","coordinates":[[[-99.26222494918574,19.316172441824456],[-99.26406601848184,19.314678012359117],[-99.26563300268415,19.312593074288184],[-99.26740205574072,19.313743980662423],[-99.26967198742112,19.31249198196081],[-99.27113204597308,19.308712031079352],[-99.27071704773648,19.306349540999346],[-99.26795599224477,19.30446905853415],[-99.26533223879473,19.306062365217265],[-99.2638490939158,19.307921145652735],[-99.25973500815478,19.311692997879753],[-99.2607669870613,19.312499593298455],[-99.2604527393234,19.314344651332323],[-99.26222494918574,19.316172441824456]]]},"properties":{"_id":412,"id":411,"g_pnt_2":"19.3101949015,-99.2658618031","geo_shp":"{\"type\": \"Polygon\", \"coordinates\": [[[-99.27113204597308, 19.308712031079352], [-99.2710220016586, 19.308937958037042], [-99.27076495659195, 19.309318016312417], [-99.27050562867096, 19.309815568611047], [-99.27034298648854, 19.310241036677393], [-99.270","deleg":"MAGDALENA CONTRERAS","zona":"SUR","sctr_18":"SAN JERONIMO","cv_sctr":2,"zp":11,"are_km2":0.840955606542628,"x":-99.268715,"y":19.307749,"fech_cr":"2018-08-17T00:00:00","anio":2018,"mes":8,"dia":17}},
{"type":"Feature","geometry":{"type":"Polygon","coordinates":[[[-99.27205251052332,19.301751575877763],[-99.27363574245268,19.300871551120512],[-99.2704153141526,19.29818354327112],[-99.27281548566948,19.296520274633043],[-99.2730759899654,19.29284611676532],[-99.275123770522,19.289336653607887],[-99.27769654899812,19.28662531029754],[-99.27567733397416,19.28514237523187],[-99.275088954404,19.282109275076916],[-99.2680232171402,19.278285399478417],[-99.2666714721741,19.28160126777613],[-99.26142900786378,19.287318022293213],[-99.26033398195878,19.28969797274878],[-99.25790293484084,19.292571012023863],[-99.25740571028096,19.293959918612757],[-99.25490968123064,19.295078773970495],[-99.25061624362569,19.297320125009563],[-99.24960569076563,19.299312354271933],[-99.2503963718588,19.30013226449884],[-99.25040411939904,19.302409415290235],[-99.25120786624696,19.303296002479815],[-99.25357891546282,19.303992067918458],[-99.25657639212696,19.30340557478295],[-99.2584867454436,19.30487115767816],[-99.26083295174628,19.30505390790163],[-99.26374200401312,19.30346377817294],[-99.26533223879473,19.306062365217265],[-99.26795599224477,19.30446905853415],[-99.26867863798108,19.304007160048496],[-99.26871135136228,19.303988855585267],[-99.27205251052332,19.301751575877763]]]},"properties":{"_id":413,"id":412,"g_pnt_2":"19.2939664272,-99.2647746177","geo_shp":"{\"type\": \"Polygon\", \"coordinates\": [[[-99.27205251052332, 19.301751575877763], [-99.271454195254, 19.3020416754103], [-99.27099400016772, 19.302338978983176], [-99.27085427167441, 19.30251253091553], [-99.27085370191615, 19.302513345160804], [-99.2705919","deleg":"MAGDALENA CONTRERAS","zona":"SUR","sctr_18":"DINAMO","cv_sctr":1,"zp":5,"are_km2":4.575250267786022,"x":-99.261265,"y":19.300258,"fech_cr":"2018-08-17T00:00:00","anio":2018,"mes":8,"dia":17}},
{"type":"Feature","geometry":{"type":"Polygon","coordinates":[[[-99.09542470819254,19.378291604026018],[-99.09419510799424,19.37858814135945],[-99.08645024006074,19.37843879592316],[-99.0862655920322,19.37934085316268],[-99.08110337305264,19.379177113334592],[-99.0770030259287,19.378144792917197],[-99.07555101976185,19.38336299751939],[-99.08421102091212,19.389307037783304],[-99.088268752641,19.38965288658267],[-99.09023681531468,19.38662363793987],[-99.09241241873984,19.383274867278946],[-99.09433102784612,19.38045943145623],[-99.09534996488068,19.37896423405513],[-99.09542470819254,19.378291604026018]]]},"properties":{"_id":417,"id":416,"g_pnt_2":"19.3830485388,-99.0850709198","geo_shp":"{\"type\": \"Polygon\", \"coordinates\": [[[-99.09542470819254, 19.378291604026014], [-99.0953056972534, 19.37849610076748], [-99.09514534425385, 19.378842512039256], [-99.09534996488067, 19.37896423405513], [-99.09522827190153, 19.379142793739955], [-99.09433","deleg":"IZTAPALAPA","zona":"ORIENTE","sctr_18":"ABASTO-REFORMA","cv_sctr":2,"zp":1,"are_km2":1.688250468866257,"x":-99.083983,"y":19.385185,"fech_cr":"2018-08-17T00:00:00","anio":2018,"mes":8,"dia":17}},
{"type":"Feature","geometry":{"type":"Polygon","coordinates":[[[-99.26641061030602,19.363020111655818],[-99.27257697179964,19.359030773572883],[-99.275946229859,19.35588897800786],[-99.27577447166408,19.35323070195014],[-99.27571407713164,19.35304289911587],[-99.27447529838976,19.35226282613987],[-99.271862125555,19.351982418198975],[-99.26861637758964,19.353448362985127],[-99.2682721211806,19.35457469997031],[-99.26376603767204,19.35527185428626],[-99.25978001680122,19.35641706039166],[-99.26057606992308,19.360112624536008],[-99.26236511743568,19.361557175797692],[-99.2642828197923,19.361868734323775],[-99.26641061030602,19.363020111655818]]]},"properties":{"_id":418,"id":417,"g_pnt_2":"19.3573283149,-99.2679226588","geo_shp":"{\"type\": \"Polygon\", \"coordinates\": [[[-99.26641061030602, 19.363020111655814], [-99.2663612197073, 19.3628612104461], [-99.26584167748193, 19.362664857128497], [-99.26529101626281, 19.36247839877138], [-99.26490663784467, 19.36231139910343], [-99.2645739","deleg":"CUAJIMALPA","zona":"PONIENTE","sctr_18":"EL YAQUI","cv_sctr":7,"zp":5,"are_km2":1.209686608323002,"x":-99.26776,"y":19.357503,"fech_cr":"2018-08-17T00:00:00","anio":2018,"mes":8,"dia":17}},
{"type":"Feature","geometry":{"type":"Polygon","coordinates":[[[-99.1633050774092,19.428144062263748],[-99.16469918134476,19.427507000655275],[-99.16740004728558,19.42627196881805],[-99.16536226231686,19.42223705506879],[-99.16265398091356,19.42286102412118],[-99.16094944136628,19.423269239699135],[-99.1633050774092,19.428144062263748]]]},"properties":{"_id":419,"id":418,"g_pnt_2":"19.424997255,-99.1642231954","geo_shp":"{\"type\": \"Polygon\", \"coordinates\": [[[-99.16330507740919, 19.428144062263748], [-99.16318628332806, 19.42765785035555], [-99.16094944136628, 19.423269239699135], [-99.16265398091357, 19.42286102412118], [-99.16536226231686, 19.42223705506879], [-99.16552","deleg":"CUAUHTEMOC","zona":"CENTRO","sctr_18":"ANGEL-ZONA ROSA","cv_sctr":3,"zp":10,"are_km2":0.255642950308947,"x":-99.164175,"y":19.425191,"fech_cr":"2018-08-17T00:00:00","anio":2018,"mes":8,"dia":17}},
{"type":"Feature","geometry":{"type":"Polygon","coordinates":[[[-99.1187187416055,19.43147438484433],[-99.11461773327076,19.431160158367867],[-99.10929887772944,19.432861082835444],[-99.10743691880576,19.433413314166778],[-99.1076092957614,19.433781589201185],[-99.10653263491466,19.43636113511701],[-99.1139890156265,19.43715038695279],[-99.11812754697576,19.437507441052876],[-99.11866092203933,19.43331404864812],[-99.1187187416055,19.43147438484433]]]},"properties":{"_id":420,"id":419,"g_pnt_2":"19.4344368805,-99.1135897962","geo_shp":"{\"type\": \"Polygon\", \"coordinates\": [[[-99.1187187416055, 19.43147438484433], [-99.11869203172037, 19.43181620855486], [-99.1187030180121, 19.432121856758666], [-99.11866092203933, 19.43331404864812], [-99.11858642034336, 19.434220850708098], [-99.1183086","deleg":"VENUSTIANO CARRANZA","zona":"NORTE","sctr_18":"CONGRESO","cv_sctr":4,"zp":6,"are_km2":0.655941487322318,"x":-99.112216,"y":19.434854,"fech_cr":"2018-08-17T00:00:00","anio":2018,"mes":8,"dia":17}},
{"type":"Feature","geometry":{"type":"Polygon","coordinates":[[[-99.10499685644145,19.46069503702609],[-99.09798774535456,19.45821730196886],[-99.09475903291084,19.466645575677283],[-99.1011376785395,19.46970219632513],[-99.10408081101971,19.46283315838817],[-99.10499685644145,19.46069503702609]]]},"properties":{"_id":421,"id":420,"g_pnt_2":"19.4637648557,-99.0998023425","geo_shp":"{\"type\": \"Polygon\", \"coordinates\": [[[-99.10499685644143, 19.46069503702609], [-99.10408081101973, 19.46283315838817], [-99.102731386605, 19.46598265661121], [-99.1011376785395, 19.46970219632513], [-99.09572619149586, 19.466935357787893], [-99.094759032","deleg":"GUSTAVO A MADERO","zona":"NORTE","sctr_18":"CUCHILLA","cv_sctr":2,"zp":7,"are_km2":0.788158454765347,"x":-99.099874,"y":19.46396,"fech_cr":"2018-08-17T00:00:00","anio":2018,"mes":8,"dia":17}},
{"type":"Feature","geometry":{"type":"Polygon","coordinates":[[[-99.12903768523248,19.38299671490376],[-99.1334988867236,19.383864554531584],[-99.13509220509184,19.376600725854015],[-99.12917265872876,19.376151238284812],[-99.12903768523248,19.38299671490376]]]},"properties":{"_id":422,"id":421,"g_pnt_2":"19.3798349227,-99.1317406661","geo_shp":"{\"type\": \"Polygon\", \"coordinates\": [[[-99.12903768523249, 19.382996714903758], [-99.12917265872875, 19.376151238284812], [-99.1312452339389, 19.37647448203669], [-99.13360323015375, 19.376703500050763], [-99.13451634092024, 19.37668167894375], [-99.13509","deleg":"IZTACALCO","zona":"NORTE","sctr_18":"IZTACCIHUATL","cv_sctr":1,"zp":7,"are_km2":0.425694184792278,"x":-99.132065,"y":19.380005,"fech_cr":"2018-08-17T00:00:00","anio":2018,"mes":8,"dia":17}},
{"type":"Feature","geometry":{"type":"Polygon","coordinates":[[[-99.12206601327252,19.36861204665916],[-99.12221475324904,19.37500318703831],[-99.12917265872876,19.376151238284812],[-99.12949498041894,19.365516988808885],[-99.12958585596084,19.36001770761639],[-99.12501902629182,19.367596998356653],[-99.12206601327252,19.36861204665916]]]},"properties":{"_id":461,"id":460,"g_pnt_2":"19.3701203895,-99.1264155028","geo_shp":"{\"type\": \"Polygon\", \"coordinates\": [[[-99.12206601327252, 19.368612046659162], [-99.12347996075748, 19.368479954868267], [-99.12399805425778, 19.368342047758066], [-99.12448405049179, 19.368069950190854], [-99.12501902629182, 19.367596998356653], [-99.12","deleg":"IZTAPALAPA","zona":"ORIENTE","sctr_18":"CHURUBUSCO","cv_sctr":3,"zp":6,"are_km2":0.840413761460816,"x":-99.127971,"y":19.368085,"fech_cr":"2018-08-17T00:00:00","anio":2018,"mes":8,"dia":17}},
{"type":"Feature","geometry":{"type":"Polygon","coordinates":[[[-99.12446276993916,19.4512636428289],[-99.11795354134924,19.444287276961205],[-99.1170330542068,19.443320206581856],[-99.11555378831903,19.4494014464029],[-99.12446276993916,19.4512636428289]]]},"properties":{"_id":423,"id":422,"g_pnt_2":"19.448004848,-99.1190634005","geo_shp":"{\"type\": \"Polygon\", \"coordinates\": [[[-99.12446276993917, 19.4512636428289], [-99.11555378831905, 19.4494014464029], [-99.11703305420681, 19.443320206581856], [-99.11795354134924, 19.444287276961205], [-99.123282015196, 19.44990698804528], [-99.124380745","deleg":"VENUSTIANO CARRANZA","zona":"NORTE","sctr_18":"CONSULADO","cv_sctr":5,"zp":3,"are_km2":0.337122775393114,"x":-99.119393,"y":19.447313,"fech_cr":"2018-08-17T00:00:00","anio":2018,"mes":8,"dia":17}},
{"type":"Feature","geometry":{"type":"Polygon","coordinates":[[[-99.12770615785328,19.413862538796177],[-99.1277473981944,19.412762166491135],[-99.1213825935853,19.412926588709293],[-99.12132239205974,19.41304836713779],[-99.12060803731714,19.418091261830824],[-99.120111016385,19.421459498637137],[-99.12575729719892,19.422180591984706],[-99.126856781393,19.41969553880289],[-99.12770615785328,19.413862538796177]]]},"properties":{"_id":424,"id":423,"g_pnt_2":"19.4172975472,-99.1239804394","geo_shp":"{\"type\": \"Polygon\", \"coordinates\": [[[-99.12781260311725, 19.413076995064802], [-99.12770615785328, 19.413862538796174], [-99.12752567873152, 19.415227362236422], [-99.12731117595055, 19.41669334128849], [-99.12711958631996, 19.417987225590924], [-99.126","deleg":"VENUSTIANO CARRANZA","zona":"NORTE","sctr_18":"MERCED-BALBUENA","cv_sctr":3,"zp":1,"are_km2":0.67340666077727,"x":-99.123972,"y":19.417473,"fech_cr":"2018-08-17T00:00:00","anio":2018,"mes":8,"dia":17}},
{"type":"Feature","geometry":{"type":"Polygon","coordinates":[[[-99.09770496887032,19.40213299329678],[-99.09845729689548,19.3961406502598],[-99.09336419309663,19.39537304940053],[-99.08723775502698,19.391279277057173],[-99.08611500917928,19.393057629639664],[-99.08882815211322,19.39455604968991],[-99.08834438672272,19.397629663975188],[-99.0901992806004,19.39904840307685],[-99.09106759113288,19.40077716276715],[-99.09224557084192,19.40135796710975],[-99.09770496887032,19.40213299329678]]]},"properties":{"_id":425,"id":424,"g_pnt_2":"19.3975099054,-99.0929308326","geo_shp":"{\"type\": \"Polygon\", \"coordinates\": [[[-99.09770496887033, 19.40213299329678], [-99.09770496887033, 19.40213299329678], [-99.09224557084191, 19.40135796710975], [-99.09158498935109, 19.401207370763053], [-99.09133032579949, 19.401056387749826], [-99.09120","deleg":"IZTACALCO","zona":"NORTE","sctr_18":"TLACOTAL","cv_sctr":3,"zp":4,"are_km2":0.732806849939061,"x":-99.093318,"y":19.39747,"fech_cr":"2018-08-17T00:00:00","anio":2018,"mes":8,"dia":17}},
{"type":"Feature","geometry":{"type":"Polygon","coordinates":[[[-99.12206601327252,19.36861204665916],[-99.12501902629182,19.367596998356653],[-99.12958585596084,19.36001770761639],[-99.13086887949648,19.357956356709277],[-99.12153286167626,19.356912726359955],[-99.12193619148896,19.3633153640211],[-99.12206601327252,19.36861204665916]]]},"properties":{"_id":426,"id":425,"g_pnt_2":"19.361844126,-99.1250472971","geo_shp":"{\"type\": \"Polygon\", \"coordinates\": [[[-99.12206601327252, 19.368612046659162], [-99.12193619148896, 19.3633153640211], [-99.12189001024478, 19.36113692840033], [-99.12162900086231, 19.358416007310733], [-99.12153286167626, 19.356912726359955], [-99.12568","deleg":"IZTAPALAPA","zona":"ORIENTE","sctr_18":"CHURUBUSCO","cv_sctr":3,"zp":5,"are_km2":0.763938018750411,"x":-99.124472,"y":19.362994,"fech_cr":"2018-08-17T00:00:00","anio":2018,"mes":8,"dia":17}},
{"type":"Feature","geometry":{"type":"Polygon","coordinates":[[[-99.08203929141484,19.328544422168797],[-99.09121657584063,19.330293218491448],[-99.092000930815,19.32859859466584],[-99.09314860003298,19.32884890188488],[-99.0954635940012,19.329244284084528],[-99.09561179568274,19.32740383507198],[-99.09771493713907,19.32199810171718],[-99.09718912293516,19.32174920978314],[-99.0869862668372,19.320025514623737],[-99.0837376813525,19.319470033333968],[-99.08203929141484,19.328544422168797]]]},"properties":{"_id":427,"id":426,"g_pnt_2":"19.3248935832,-99.0893819764","geo_shp":"{\"type\": \"Polygon\", \"coordinates\": [[[-99.08203929141483, 19.328544422168797], [-99.0837376813525, 19.319470033333968], [-99.08698626683721, 19.320025514623737], [-99.09242902659138, 19.32095599372039], [-99.0969401680808, 19.321714998527955], [-99.09718","deleg":"IZTAPALAPA","zona":"ORIENTE","sctr_18":"ESTRELLA","cv_sctr":4,"zp":6,"are_km2":1.398318443190824,"x":-99.08949,"y":19.324863,"fech_cr":"2018-08-17T00:00:00","anio":2018,"mes":8,"dia":17}},
{"type":"Feature","geometry":{"type":"Polygon","coordinates":[[[-99.14137301941106,19.36859545431111],[-99.1422092199953,19.36360956870507],[-99.14242799732916,19.362361823419658],[-99.13838225188486,19.361781374125396],[-99.13733066308708,19.366556284028732],[-99.1370108628768,19.367979431662175],[-99.14137301941106,19.36859545431111]]]},"properties":{"_id":428,"id":427,"g_pnt_2":"19.3652098715,-99.1397867176","geo_shp":"{\"type\": \"Polygon\", \"coordinates\": [[[-99.1415554106729, 19.367319541105985], [-99.14137301941106, 19.36859545431111], [-99.13991575504257, 19.368386813688623], [-99.1389836226588, 19.36826759660142], [-99.13875950785648, 19.36819908053638], [-99.1370108","deleg":"BENITO JUAREZ","zona":"SUR","sctr_18":"NATIVITAS","cv_sctr":4,"zp":6,"are_km2":0.312324578157205,"x":-99.139715,"y":19.365443,"fech_cr":"2018-08-17T00:00:00","anio":2018,"mes":8,"dia":17}},
{"type":"Feature","geometry":{"type":"Polygon","coordinates":[[[-99.01731598988871,19.3210065172863],[-99.01813496743276,19.325489474982952],[-99.01915244546824,19.32558056269442],[-99.02216979888604,19.32756492863175],[-99.02404739564368,19.324305919597176],[-99.02565102613372,19.32642850719369],[-99.02671892959268,19.32510639015924],[-99.0300339184816,19.325850230200626],[-99.03116991999909,19.32540727618479],[-99.03619286182048,19.325230110767283],[-99.04256744735464,19.324139585116725],[-99.04753426908896,19.325944749499424],[-99.04858771953856,19.32625266186445],[-99.05120116515886,19.325291135105264],[-99.05065745380912,19.32392223627768],[-99.05346761558818,19.32031362136763],[-99.05704329587137,19.318934991323424],[-99.04819580385296,19.31168169375306],[-99.0463607440801,19.31099511223739],[-99.04500997921215,19.312601927289737],[-99.04342186577384,19.311278719782933],[-99.04001555536388,19.314514142898815],[-99.03870690017672,19.31341985205567],[-99.03802972209375,19.315087476445324],[-99.03311698530568,19.316420883318315],[-99.01731598988871,19.3210065172863]]]},"properties":{"_id":462,"id":461,"g_pnt_2":"19.320088947,-99.0381870304","geo_shp":"{\"type\": \"Polygon\", \"coordinates\": [[[-99.01731598988871, 19.3210065172863], [-99.02020846946144, 19.320168954486324], [-99.02173209078144, 19.319750146662884], [-99.02326169716416, 19.31930050630726], [-99.02587406918789, 19.31853248042755], [-99.033116","deleg":"IZTAPALAPA","zona":"ORIENTE","sctr_18":"QUETZAL","cv_sctr":2,"zp":4,"are_km2":3.99457164578479,"x":-99.03718,"y":19.318813,"fech_cr":"2018-08-17T00:00:00","anio":2018,"mes":8,"dia":17}},
{"type":"Feature","geometry":{"type":"Polygon","coordinates":[[[-99.18555259620491,19.30222665528787],[-99.184796562192,19.295534914473706],[-99.18429637545394,19.294837970906254],[-99.1841303925203,19.295016545052036],[-99.18166997597632,19.29463969178293],[-99.1752147955248,19.294326512332905],[-99.1743136204826,19.2970025724611],[-99.1743269491052,19.302398232219268],[-99.17988916166024,19.30289949599549],[-99.18555259620491,19.30222665528787]]]},"properties":{"_id":429,"id":428,"g_pnt_2":"19.2987298037,-99.1797259464","geo_shp":"{\"type\": \"Polygon\", \"coordinates\": [[[-99.18555259620493, 19.30222665528787], [-99.18038106433659, 19.302893226378437], [-99.17988916166023, 19.30289949599549], [-99.17895159212135, 19.302890566297805], [-99.1743269491052, 19.302398232219268], [-99.17436","deleg":"TLALPAN","zona":"SUR","sctr_18":"HUIPULCO-HOSPITALES","cv_sctr":5,"zp":1,"are_km2":0.997401952358861,"x":-99.180418,"y":19.298868,"fech_cr":"2018-08-17T00:00:00","anio":2018,"mes":8,"dia":17}},
{"type":"Feature","geometry":{"type":"Polygon","coordinates":[[[-99.0884710347544,19.43280862296246],[-99.08555291800424,19.43328983420058],[-99.07683313482222,19.438168769105364],[-99.0757574585751,19.44233886002209],[-99.07719422233828,19.442087638757577],[-99.07990113794956,19.44104035202717],[-99.08207962402882,19.442332856613337],[-99.08581997183975,19.442795664201007],[-99.0850693666231,19.440947625542965],[-99.08577701260212,19.437727246384263],[-99.0864251064671,19.4348921695813],[-99.0884710347544,19.43280862296246]]]},"properties":{"_id":430,"id":429,"g_pnt_2":"19.4384853916,-99.0819300907","geo_shp":"{\"type\": \"Polygon\", \"coordinates\": [[[-99.0757574585751, 19.44233886002209], [-99.07672764404425, 19.438499684428784], [-99.07683313482222, 19.438168769105364], [-99.07918660246064, 19.43680378564247], [-99.08555291800425, 19.43328983420058], [-99.086012","deleg":"VENUSTIANO CARRANZA","zona":"NORTE","sctr_18":"MOCTEZUMA","cv_sctr":6,"zp":2,"are_km2":0.702173352927777,"x":-99.082115,"y":19.437805,"fech_cr":"2018-08-17T00:00:00","anio":2018,"mes":8,"dia":17}},
{"type":"Feature","geometry":{"type":"Polygon","coordinates":[[[-99.09201993790847,19.42623300207388],[-99.08860606854324,19.432551614800808],[-99.09576298216932,19.436105495515296],[-99.09927455438977,19.429756692808944],[-99.09510221391984,19.427697693738104],[-99.09201993790847,19.42623300207388]]]},"properties":{"_id":431,"id":430,"g_pnt_2":"19.4311430403,-99.0939224273","geo_shp":"{\"type\": \"Polygon\", \"coordinates\": [[[-99.08947765425107, 19.430918613903035], [-99.09201993790847, 19.42623300207388], [-99.09205191146441, 19.426175596326242], [-99.09510221391984, 19.427697693738104], [-99.09908626866871, 19.429663345670814], [-99.099","deleg":"VENUSTIANO CARRANZA","zona":"NORTE","sctr_18":"MOCTEZUMA","cv_sctr":6,"zp":5,"are_km2":0.677876213298758,"x":-99.094376,"y":19.430336,"fech_cr":"2018-08-17T00:00:00","anio":2018,"mes":8,"dia":17}},
{"type":"Feature","geometry":{"type":"Polygon","coordinates":[[[-99.09997197931357,19.489531756774852],[-99.1015729106022,19.49078032182847],[-99.10362421305084,19.49365593512012],[-99.10631794478006,19.49180301004743],[-99.11045810904136,19.49212362764102],[-99.11218904348664,19.49089805177608],[-99.1134481203744,19.488934198421436],[-99.1138289071953,19.48716050024863],[-99.11247304224612,19.48665578088011],[-99.1134748976904,19.48346260287034],[-99.10595703842247,19.481650767351585],[-99.09997197931357,19.489531756774852]]]},"properties":{"_id":432,"id":431,"g_pnt_2":"19.4876773973,-99.1072895422","geo_shp":"{\"type\": \"Polygon\", \"coordinates\": [[[-99.09997197931357, 19.489531756774852], [-99.10060557831477, 19.48875841498138], [-99.10096275782057, 19.488337061307277], [-99.10227221626452, 19.48660028254543], [-99.10264269438848, 19.486126499551485], [-99.1040","deleg":"GUSTAVO A MADERO","zona":"NORTE","sctr_18":"QUIROGA","cv_sctr":4,"zp":6,"are_km2":1.201212100956612,"x":-99.107703,"y":19.487652,"fech_cr":"2018-08-17T00:00:00","anio":2018,"mes":8,"dia":17}},
{"type":"Feature","geometry":{"type":"Polygon","coordinates":[[[-99.10318959308226,19.396461215840795],[-99.1016957287442,19.402662314005138],[-99.1023232300531,19.4057854057426],[-99.10098877217136,19.40763943130602],[-99.11338092604608,19.405100018682976],[-99.11313816691414,19.39768280378588],[-99.10318959308226,19.396461215840795]]]},"properties":{"_id":433,"id":432,"g_pnt_2":"19.40181572,-99.1072921138","geo_shp":"{\"type\": \"Polygon\", \"coordinates\": [[[-99.10201073725841, 19.406246506220036], [-99.10212850383712, 19.406166094557797], [-99.1022424452998, 19.406061283070418], [-99.10230494408715, 19.405939057637887], [-99.1023232300531, 19.4057854057426], [-99.102304","deleg":"IZTACALCO","zona":"NORTE","sctr_18":"TLACOTAL","cv_sctr":3,"zp":1,"are_km2":1.220853859037453,"x":-99.105252,"y":19.402224,"fech_cr":"2018-08-17T00:00:00","anio":2018,"mes":8,"dia":17}},
{"type":"Feature","geometry":{"type":"Polygon","coordinates":[[[-99.10340135004238,19.3858190477809],[-99.10903414230904,19.387259540366067],[-99.11176707612822,19.387591013182952],[-99.11102644054608,19.38420700674894],[-99.11091892436843,19.383784647385767],[-99.1096998382848,19.384015668827363],[-99.10462887225522,19.383254242322057],[-99.10340135004238,19.3858190477809]]]},"properties":{"_id":434,"id":433,"g_pnt_2":"19.3853028311,-99.1077382089","geo_shp":"{\"type\": \"Polygon\", \"coordinates\": [[[-99.10340135004238, 19.3858190477809], [-99.10361371175313, 19.38460533629946], [-99.10371574955428, 19.38452601697203], [-99.1038132077388, 19.384433414690147], [-99.10403981140988, 19.383160135554043], [-99.1046288","deleg":"IZTACALCO","zona":"NORTE","sctr_18":"TLACOTAL","cv_sctr":3,"zp":10,"are_km2":0.285762531256885,"x":-99.105855,"y":19.383582,"fech_cr":"2018-08-17T00:00:00","anio":2018,"mes":8,"dia":17}},
{"type":"Feature","geometry":{"type":"Polygon","coordinates":[[[-99.21472557471054,19.28052840231692],[-99.21727293634966,19.283145004776472],[-99.21824608155131,19.28588257623285],[-99.21669121971898,19.290289098972583],[-99.22430466804256,19.289740078965952],[-99.2249734917004,19.28968683705895],[-99.2241193097797,19.279838561989948],[-99.21472557471054,19.28052840231692]]]},"properties":{"_id":435,"id":434,"g_pnt_2":"19.2849519063,-99.2208109929","geo_shp":"{\"type\": \"Polygon\", \"coordinates\": [[[-99.21472557471054, 19.28052840231692], [-99.2155325384103, 19.280464639329654], [-99.21678594855241, 19.280330029360222], [-99.21988832052983, 19.28011863308292], [-99.22112010613306, 19.28004421137016], [-99.221182","deleg":"TLALPAN","zona":"SUR","sctr_18":"PADIERNA","cv_sctr":6,"zp":4,"are_km2":0.851477478800443,"x":-99.219849,"y":19.285065,"fech_cr":"2018-08-17T00:00:00","anio":2018,"mes":8,"dia":17}},
{"type":"Feature","geometry":{"type":"Polygon","coordinates":[[[-99.1572506432041,19.31822667480774],[-99.15163620222933,19.32454931083629],[-99.15681850888036,19.328647368895023],[-99.1581464730705,19.32977413968655],[-99.15922692914263,19.328143412470975],[-99.15884865057674,19.327790816182876],[-99.16266726746063,19.32319976973904],[-99.1634294286462,19.32121456661077],[-99.15945768500862,19.318029632570106],[-99.1572506432041,19.31822667480774]]]},"properties":{"_id":436,"id":435,"g_pnt_2":"19.3233821745,-99.1577371744","geo_shp":"{\"type\": \"Polygon\", \"coordinates\": [[[-99.15163620222931, 19.32454931083629], [-99.1529760587471, 19.323082349554902], [-99.15560800548764, 19.320045135742745], [-99.15683443770727, 19.31860174085816], [-99.15690025070914, 19.318638106651306], [-99.15725","deleg":"COYOACAN","zona":"SUR","sctr_18":"XOTEPINGO","cv_sctr":5,"zp":7,"are_km2":0.852983914007356,"x":-99.157534,"y":19.323903,"fech_cr":"2018-08-17T00:00:00","anio":2018,"mes":8,"dia":17}},
{"type":"Feature","geometry":{"type":"Polygon","coordinates":[[[-99.1577232439265,19.314025670905902],[-99.15945768500862,19.318029632570106],[-99.1634294286462,19.32121456661077],[-99.16616907041806,19.318053828931284],[-99.1648193733767,19.316952349973334],[-99.16698076463746,19.315885097548957],[-99.1695888424022,19.312864423780187],[-99.16974977550468,19.311449404158225],[-99.16332199026682,19.307255214581673],[-99.16298501470446,19.308103896184335],[-99.16131328380284,19.312702197489667],[-99.1577232439265,19.314025670905902]]]},"properties":{"_id":437,"id":436,"g_pnt_2":"19.3142070416,-99.1637375472","geo_shp":"{\"type\": \"Polygon\", \"coordinates\": [[[-99.1579525623388, 19.31462567397129], [-99.1577232439265, 19.314025670905902], [-99.15805403849242, 19.31383631350684], [-99.15875897352383, 19.313495698792785], [-99.1590402809312, 19.313419084249045], [-99.1605955","deleg":"COYOACAN","zona":"SUR","sctr_18":"XOTEPINGO","cv_sctr":5,"zp":6,"are_km2":0.962965951345599,"x":-99.16401,"y":19.314426,"fech_cr":"2018-08-17T00:00:00","anio":2018,"mes":8,"dia":17}},
{"type":"Feature","geometry":{"type":"Polygon","coordinates":[[[-99.15388528354464,19.36109335804763],[-99.15729643351692,19.37328419512964],[-99.16058389939684,19.373797289515053],[-99.1635174114905,19.374288409868157],[-99.16316733559614,19.371772703015576],[-99.16730115294736,19.36567261964764],[-99.1607428894992,19.363367571827684],[-99.15644234937037,19.36149119073935],[-99.15388528354464,19.36109335804763]]]},"properties":{"_id":438,"id":437,"g_pnt_2":"19.3676703954,-99.1601148093","geo_shp":"{\"type\": \"Polygon\", \"coordinates\": [[[-99.15388528354464, 19.36109335804763], [-99.15586621288563, 19.361318430778304], [-99.15644234937035, 19.36149119073935], [-99.15967476011622, 19.36291517730552], [-99.16074288949919, 19.363367571827684], [-99.16216","deleg":"BENITO JUAREZ","zona":"SUR","sctr_18":"PORTALES","cv_sctr":5,"zp":2,"are_km2":1.1576776478994,"x":-99.160597,"y":19.367504,"fech_cr":"2018-08-17T00:00:00","anio":2018,"mes":8,"dia":17}},
{"type":"Feature","geometry":{"type":"Polygon","coordinates":[[[-99.27167359357357,19.323885357603185],[-99.27137818740265,19.32133904807905],[-99.27355775550632,19.317968052455672],[-99.27469657910174,19.314175000483605],[-99.27238263180404,19.31171594971417],[-99.2723300572536,19.306004519427756],[-99.27290006025008,19.30470548240058],[-99.27205251052332,19.301751575877763],[-99.26871135136228,19.303988855585267],[-99.26867863798108,19.304007160048496],[-99.26795599224477,19.30446905853415],[-99.27071704773648,19.306349540999346],[-99.27113204597308,19.308712031079352],[-99.26967198742112,19.31249198196081],[-99.26740205574072,19.313743980662423],[-99.26563300268415,19.312593074288184],[-99.26406601848184,19.314678012359117],[-99.26222494918574,19.316172441824456],[-99.26064001894925,19.318815006435248],[-99.25859430478222,19.321279805415212],[-99.25864800858965,19.323285660961105],[-99.25798338315764,19.32694210566701],[-99.25916449947744,19.327186077135213],[-99.2618931217956,19.325739391003392],[-99.2630456640531,19.323298983238505],[-99.26510519801248,19.32423574732142],[-99.26899918560936,19.32505618653254],[-99.27167359357357,19.323885357603185]]]},"properties":{"_id":439,"id":438,"g_pnt_2":"19.3175239447,-99.2671370196","geo_shp":"{\"type\": \"Polygon\", \"coordinates\": [[[-99.27167359357355, 19.323885357603185], [-99.27122446863362, 19.32394730206122], [-99.27092947339369, 19.32401443916532], [-99.27072602652596, 19.324121477173478], [-99.27057158299664, 19.32421506638321], [-99.27044","deleg":"ALVARO OBREGON","zona":"PONIENTE","sctr_18":"ALPES","cv_sctr":1,"zp":2,"are_km2":1.964466076423069,"x":-99.269622,"y":19.313273,"fech_cr":"2018-08-17T00:00:00","anio":2018,"mes":8,"dia":17}},
{"type":"Feature","geometry":{"type":"Polygon","coordinates":[[[-99.157916817979,19.41140041299257],[-99.15949847060662,19.41753780984108],[-99.16461275597904,19.416505478280303],[-99.1667820840877,19.409795074590875],[-99.157916817979,19.41140041299257]]]},"properties":{"_id":440,"id":439,"g_pnt_2":"19.4135023712,-99.1622066505","geo_shp":"{\"type\": \"Polygon\", \"coordinates\": [[[-99.15846597058153, 19.413521720081178], [-99.157916817979, 19.41140041299257], [-99.1589890668624, 19.411163864497656], [-99.15932192816008, 19.411137453904875], [-99.16071122648135, 19.410878203422754], [-99.165635","deleg":"CUAUHTEMOC","zona":"CENTRO","sctr_18":"ROMA","cv_sctr":4,"zp":11,"are_km2":0.527498220802877,"x":-99.162626,"y":19.413633,"fech_cr":"2018-08-17T00:00:00","anio":2018,"mes":8,"dia":17}},
{"type":"Feature","geometry":{"type":"Polygon","coordinates":[[[-99.14107518098272,19.25028311145251],[-99.1371925962933,19.2462321184403],[-99.13657391876944,19.24392593011238],[-99.13215683561502,19.24411797466171],[-99.12965103921611,19.24251481723386],[-99.1249363871958,19.246266292960012],[-99.12132552133764,19.24630496452606],[-99.11987025441464,19.24692791159708],[-99.11739052954592,19.246557067433635],[-99.12200003124237,19.255421760300433],[-99.12448145920771,19.255085144418263],[-99.12899124259197,19.25525852981394],[-99.13259488092226,19.25581377137183],[-99.13366763053293,19.253053543647813],[-99.13664681205827,19.2507187545376],[-99.1376418989582,19.25045319853732],[-99.14000972979504,19.252057343879468],[-99.14107518098272,19.25028311145251]]]},"properties":{"_id":441,"id":440,"g_pnt_2":"19.2495174469,-99.1290161546","geo_shp":"{\"type\": \"Polygon\", \"coordinates\": [[[-99.14107518098271, 19.250283111452514], [-99.14000972979503, 19.252057343879468], [-99.13944453423248, 19.251745878113944], [-99.1376418989582, 19.250453198537322], [-99.13757724638516, 19.250401279310015], [-99.137","deleg":"XOCHIMILCO","zona":"ORIENTE","sctr_18":"LA NORIA","cv_sctr":5,"zp":5,"are_km2":2.099149453566327,"x":-99.128518,"y":19.248601,"fech_cr":"2018-08-17T00:00:00","anio":2018,"mes":8,"dia":17}},
{"type":"Feature","geometry":{"type":"Polygon","coordinates":[[[-99.12200003124237,19.255421760300433],[-99.1250947503804,19.26162291152714],[-99.12623379958484,19.265703905481672],[-99.12724239416896,19.2680056951842],[-99.12717883206714,19.26567062385739],[-99.1287003350514,19.261095579936185],[-99.12981784246271,19.259945081392093],[-99.13197965880671,19.259102288221005],[-99.13420666267488,19.26004666245635],[-99.13573700816968,19.25772867259031],[-99.1379948660167,19.255397378765352],[-99.1385523904037,19.25336054145285],[-99.13956607801454,19.252796078066165],[-99.14000972979504,19.252057343879468],[-99.1376418989582,19.25045319853732],[-99.13664681205827,19.2507187545376],[-99.13366763053293,19.253053543647813],[-99.13259488092226,19.25581377137183],[-99.12899124259197,19.25525852981394],[-99.12448145920771,19.255085144418263],[-99.12200003124237,19.255421760300433]]]},"properties":{"_id":442,"id":441,"g_pnt_2":"19.2572990896,-99.1305623852","geo_shp":"{\"type\": \"Polygon\", \"coordinates\": [[[-99.12200003124235, 19.255421760300433], [-99.12223376715744, 19.25533583471463], [-99.12257506094397, 19.25529213410034], [-99.12448145920771, 19.255085144418263], [-99.12617995782757, 19.255155199245166], [-99.1273","deleg":"XOCHIMILCO","zona":"ORIENTE","sctr_18":"LA NORIA","cv_sctr":5,"zp":10,"are_km2":1.139717353423733,"x":-99.133398,"y":19.259145,"fech_cr":"2018-08-17T00:00:00","anio":2018,"mes":8,"dia":17}},
{"type":"Feature","geometry":{"type":"Polygon","coordinates":[[[-99.09908576706454,19.42097908892389],[-99.0983181054266,19.41619095565647],[-99.09764075190608,19.41629597795025],[-99.09593633420522,19.419188508043472],[-99.09388741091882,19.422893058824055],[-99.097865545699,19.42266872082998],[-99.09908576706454,19.42097908892389]]]},"properties":{"_id":443,"id":442,"g_pnt_2":"19.4201267295,-99.0969106813","geo_shp":"{\"type\": \"Polygon\", \"coordinates\": [[[-99.09908576706454, 19.420979088923886], [-99.09879442302622, 19.42087685020172], [-99.0981662427765, 19.42057596339312], [-99.09786554569901, 19.42266872082998], [-99.09667544580276, 19.42266474905572], [-99.0966317","deleg":"VENUSTIANO CARRANZA","zona":"NORTE","sctr_18":"ZARAGOZA","cv_sctr":7,"zp":5,"are_km2":0.210563400926782,"x":-99.096748,"y":19.419542,"fech_cr":"2018-08-17T00:00:00","anio":2018,"mes":8,"dia":17}},
{"type":"Feature","geometry":{"type":"Polygon","coordinates":[[[-99.13970296725442,19.54058998520738],[-99.1429087630138,19.541900459645053],[-99.14825821257574,19.533871306116502],[-99.149056750582,19.53133451771028],[-99.15101883373774,19.528753828263984],[-99.14444626379782,19.524033343764252],[-99.14233099932054,19.521430923486527],[-99.1408541295416,19.52063324512745],[-99.14000993648214,19.521266533806557],[-99.14045458951736,19.526151741581128],[-99.14181810591424,19.528831954765],[-99.14183849298136,19.535480813385313],[-99.13970296725442,19.54058998520738]]]},"properties":{"_id":444,"id":443,"g_pnt_2":"19.531119829,-99.144325695","geo_shp":"{\"type\": \"Polygon\", \"coordinates\": [[[-99.13970296725442, 19.54058998520738], [-99.1412845474942, 19.536306289818643], [-99.14149001664475, 19.53604096588447], [-99.14170651293736, 19.535742103569763], [-99.14183849298136, 19.535480813385313], [-99.14190","deleg":"GUSTAVO A MADERO","zona":"NORTE","sctr_18":"CUAUTEPEC","cv_sctr":1,"zp":13,"are_km2":1.370027317159003,"x":-99.145358,"y":19.531264,"fech_cr":"2018-08-17T00:00:00","anio":2018,"mes":8,"dia":17}},
{"type":"Feature","geometry":{"type":"Polygon","coordinates":[[[-99.12979803711497,19.553133597458977],[-99.13147993063689,19.554180921308493],[-99.13516930926762,19.555895247553902],[-99.13594186982844,19.55668599813948],[-99.13814747518448,19.552440004320665],[-99.14212879630956,19.54872364218688],[-99.14604095275132,19.543241935175043],[-99.1429087630138,19.541900459645053],[-99.13970296725442,19.54058998520738],[-99.13833940134002,19.54005465305436],[-99.13448271457516,19.544942385100008],[-99.1342675497917,19.546075316986723],[-99.13376359636004,19.54773526373944],[-99.13108631717704,19.552181460927304],[-99.12979803711497,19.553133597458977]]]},"properties":{"_id":445,"id":444,"g_pnt_2":"19.5478872522,-99.1377666698","geo_shp":"{\"type\": \"Polygon\", \"coordinates\": [[[-99.12932552562935, 19.553301131817783], [-99.12979803711497, 19.553133597458974], [-99.13033246828742, 19.55279303778861], [-99.13090341954982, 19.55234815631859], [-99.13108631717705, 19.552181460927304], [-99.1312","deleg":"GUSTAVO A MADERO","zona":"NORTE","sctr_18":"CUAUTEPEC","cv_sctr":1,"zp":9,"are_km2":1.37331422226252,"x":-99.137603,"y":19.54837,"fech_cr":"2018-08-17T00:00:00","anio":2018,"mes":8,"dia":17}},
{"type":"Feature","geometry":{"type":"Polygon","coordinates":[[[-98.98185858934173,19.3234908477901],[-98.98088265146502,19.33484705138944],[-98.98170464147115,19.337314732315107],[-98.98104113777008,19.3400215818286],[-98.9846881305551,19.341557901811377],[-98.98410303960694,19.34499448086748],[-98.99503919275485,19.34712604222677],[-98.9961095793594,19.341464510252255],[-98.99416098251685,19.34165289671941],[-98.9947400848449,19.3399008430048],[-98.99457860636626,19.337316383287895],[-98.9936829491849,19.334259310906813],[-98.9906403931469,19.334031155775033],[-98.98900120427092,19.32547675938993],[-98.98185858934173,19.3234908477901]]]},"properties":{"_id":463,"id":462,"g_pnt_2":"19.3362257161,-98.9876430229","geo_shp":"{\"type\": \"Polygon\", \"coordinates\": [[[-98.98088265146502, 19.33484705138944], [-98.98185858934171, 19.3234908477901], [-98.98900120427093, 19.32547675938993], [-98.9906403931469, 19.334031155775033], [-98.9936829491849, 19.334259310906813], [-98.99460223","deleg":"IZTAPALAPA","zona":"ORIENTE","sctr_18":"TEOTONGO","cv_sctr":4,"zp":4,"are_km2":2.652169788156784,"x":-98.988496,"y":19.335309,"fech_cr":"2018-08-17T00:00:00","anio":2018,"mes":8,"dia":17}},
{"type":"Feature","geometry":{"type":"Polygon","coordinates":[[[-99.11311271014311,19.393920314433917],[-99.11094457764074,19.393679709708607],[-99.09896790518394,19.39257778098273],[-99.09877736362355,19.39388338824797],[-99.11262984923978,19.39515101348991],[-99.11302765706668,19.394738464480763],[-99.11311271014311,19.393920314433917]]]},"properties":{"_id":446,"id":445,"g_pnt_2":"19.3938908755,-99.1059038902","geo_shp":"{\"type\": \"Polygon\", \"coordinates\": [[[-99.11311271014311, 19.393920314433917], [-99.11302765706667, 19.394738464480763], [-99.11270011622334, 19.394709385494373], [-99.11262984923978, 19.39515101348991], [-99.11002679282535, 19.39497085824311], [-99.1040","deleg":"IZTACALCO","zona":"NORTE","sctr_18":"TLACOTAL","cv_sctr":3,"zp":6,"are_km2":0.219079073327552,"x":-99.105945,"y":19.393864,"fech_cr":"2018-08-17T00:00:00","anio":2018,"mes":8,"dia":17}},
{"type":"Feature","geometry":{"type":"Polygon","coordinates":[[[-99.11464326782088,19.453015293721535],[-99.12341611823804,19.45565450547354],[-99.12446276993916,19.4512636428289],[-99.11555378831903,19.4494014464029],[-99.11464326782088,19.453015293721535]]]},"properties":{"_id":447,"id":446,"g_pnt_2":"19.4523791716,-99.1196612212","geo_shp":"{\"type\": \"Polygon\", \"coordinates\": [[[-99.11464326782088, 19.453015293721535], [-99.11555378831905, 19.4494014464029], [-99.12446276993917, 19.4512636428289], [-99.12351607300468, 19.455295008639894], [-99.12341611823803, 19.45565450547354], [-99.1195830","deleg":"VENUSTIANO CARRANZA","zona":"NORTE","sctr_18":"CONSULADO","cv_sctr":5,"zp":4,"are_km2":0.439944670171518,"x":-99.119289,"y":19.454222,"fech_cr":"2018-08-17T00:00:00","anio":2018,"mes":8,"dia":17}},
{"type":"Feature","geometry":{"type":"Polygon","coordinates":[[[-99.20838434355488,19.43054893681745],[-99.2084580079456,19.430721923827925],[-99.2096539608046,19.432645029938016],[-99.21228568459684,19.43514152116776],[-99.21390159424168,19.438202852555897],[-99.2178704928321,19.438553401805443],[-99.21932672790004,19.437033409707503],[-99.22243677574964,19.43322015634084],[-99.22624998008946,19.430314983537446],[-99.22320683818016,19.42860800923051],[-99.22616420527196,19.426842273632776],[-99.22413988386144,19.42646068265788],[-99.22153262738702,19.425177730383087],[-99.22040386857526,19.42617225469232],[-99.2165580928706,19.427795350160075],[-99.21427156249506,19.428882765512338],[-99.21102187359888,19.429100041913333],[-99.20838434355488,19.43054893681745]]]},"properties":{"_id":448,"id":447,"g_pnt_2":"19.4318250733,-99.2174716275","geo_shp":"{\"type\": \"Polygon\", \"coordinates\": [[[-99.20838434355487, 19.43054893681745], [-99.20927837468396, 19.429983053307126], [-99.21010769132872, 19.429394826867966], [-99.21050135512493, 19.429220847359783], [-99.21102187359888, 19.429100041913333], [-99.212","deleg":"MIGUEL HIDALGO","zona":"PONIENTE","sctr_18":"CHAPULTEPEC","cv_sctr":2,"zp":1,"are_km2":1.474033965070805,"x":-99.217327,"y":19.432407,"fech_cr":"2018-08-17T00:00:00","anio":2018,"mes":8,"dia":17}},
{"type":"Feature","geometry":{"type":"Polygon","coordinates":[[[-99.1273107457178,19.53021927260128],[-99.12719395543913,19.534202047834217],[-99.13039191089489,19.535289071287515],[-99.1346959777454,19.536002957904604],[-99.13725652509488,19.535183037908556],[-99.13667744055,19.537651284094853],[-99.13833940134002,19.54005465305436],[-99.13970296725442,19.54058998520738],[-99.14183849298136,19.535480813385313],[-99.14181810591424,19.528831954765],[-99.13496703639204,19.53068783084616],[-99.1273107457178,19.53021927260128]]]},"properties":{"_id":449,"id":448,"g_pnt_2":"19.5336222289,-99.1357090469","geo_shp":"{\"type\": \"Polygon\", \"coordinates\": [[[-99.12714993843585, 19.532279056835225], [-99.1273107457178, 19.53021927260128], [-99.13496703639204, 19.53068783084616], [-99.13604299126315, 19.530485666352206], [-99.13681147077658, 19.530304695696255], [-99.13934","deleg":"GUSTAVO A MADERO","zona":"NORTE","sctr_18":"CUAUTEPEC","cv_sctr":1,"zp":14,"are_km2":1.085703877537926,"x":-99.134533,"y":19.534716,"fech_cr":"2018-08-17T00:00:00","anio":2018,"mes":8,"dia":17}},
{"type":"Feature","geometry":{"type":"Polygon","coordinates":[[[-99.14845392098796,19.498497909870498],[-99.1565466342337,19.50190478556315],[-99.15375266472228,19.49436400983997],[-99.1514055769516,19.488147909649022],[-99.14356314910376,19.486175413435586],[-99.14381224254528,19.486827734062235],[-99.14845392098796,19.498497909870498]]]},"properties":{"_id":450,"id":449,"g_pnt_2":"19.4936479637,-99.1500423464","geo_shp":"{\"type\": \"Polygon\", \"coordinates\": [[[-99.14845392098796, 19.498497909870494], [-99.1449379639667, 19.489776001530473], [-99.14381224254528, 19.486827734062235], [-99.14356314910377, 19.486175413435586], [-99.14852519769023, 19.487416528547097], [-99.151","deleg":"GUSTAVO A MADERO","zona":"NORTE","sctr_18":"LINDAVISTA","cv_sctr":2,"zp":13,"are_km2":1.059630262324192,"x":-99.150037,"y":19.494029,"fech_cr":"2018-08-17T00:00:00","anio":2018,"mes":8,"dia":17}},
{"type":"Feature","geometry":{"type":"Polygon","coordinates":[[[-99.11900187528856,19.478541212223927],[-99.11055607200768,19.475413926928905],[-99.10812998163718,19.478630903063745],[-99.11201134417789,19.48039839068233],[-99.11763742850532,19.48204229976454],[-99.11900187528856,19.478541212223927]]]},"properties":{"_id":451,"id":450,"g_pnt_2":"19.4787833011,-99.1136954994","geo_shp":"{\"type\": \"Polygon\", \"coordinates\": [[[-99.11900187528856, 19.478541212223927], [-99.11763742850532, 19.48204229976454], [-99.11671586667883, 19.481733988672513], [-99.11430163846397, 19.481037007292038], [-99.11201134417789, 19.48039839068233], [-99.1114","deleg":"GUSTAVO A MADERO","zona":"NORTE","sctr_18":"TEPEYAC","cv_sctr":4,"zp":2,"are_km2":0.445430243534299,"x":-99.112995,"y":19.478723,"fech_cr":"2018-08-17T00:00:00","anio":2018,"mes":8,"dia":17}},
{"type":"Feature","geometry":{"type":"Polygon","coordinates":[[[-99.15866117942248,19.495391601388633],[-99.16885894549272,19.497386290178717],[-99.17229207947167,19.49834511047174],[-99.17429968663052,19.499478766081612],[-99.17230858458522,19.49413066734942],[-99.17102684472452,19.490117546411103],[-99.1685557315388,19.48479262685864],[-99.16387761260378,19.484536274622936],[-99.16141679485304,19.48399179737855],[-99.15866117942248,19.495391601388633]]]},"properties":{"_id":452,"id":451,"g_pnt_2":"19.4915064984,-99.1659402328","geo_shp":"{\"type\": \"Polygon\", \"coordinates\": [[[-99.17190790202272, 19.498223377400972], [-99.16885894549273, 19.497386290178717], [-99.164430902655, 19.496467895703788], [-99.15866117942247, 19.495391601388633], [-99.1596867439157, 19.49120383352369], [-99.161416","deleg":"AZCAPOTZALCO","zona":"PONIENTE","sctr_18":"LA RAZA","cv_sctr":4,"zp":2,"are_km2":1.625206313246549,"x":-99.166475,"y":19.491737,"fech_cr":"2018-08-17T00:00:00","anio":2018,"mes":8,"dia":17}},
{"type":"Feature","geometry":{"type":"Polygon","coordinates":[[[-99.178512117327,19.45821564329614],[-99.18015601579192,19.455663949505173],[-99.1744960067534,19.451599007390016],[-99.16862545913033,19.456209435865155],[-99.16796233177948,19.45645976216676],[-99.178512117327,19.45821564329614]]]},"properties":{"_id":453,"id":452,"g_pnt_2":"19.4553680425,-99.174724035","geo_shp":"{\"type\": \"Polygon\", \"coordinates\": [[[-99.17851211732699, 19.45821564329614], [-99.17723299915157, 19.457980743897394], [-99.16796233177948, 19.456459762166762], [-99.16832023357517, 19.45632964934125], [-99.16862545913031, 19.456209435865155], [-99.1688","deleg":"MIGUEL HIDALGO","zona":"PONIENTE","sctr_18":"TACUBA","cv_sctr":4,"zp":12,"are_km2":0.474355699404614,"x":-99.174058,"y":19.454907,"fech_cr":"2018-08-17T00:00:00","anio":2018,"mes":8,"dia":17}},
{"type":"Feature","geometry":{"type":"Polygon","coordinates":[[[-99.19024037483024,19.45023258717585],[-99.18864465541662,19.447630320116644],[-99.18210393266811,19.44676116303163],[-99.18197594824308,19.447579562578664],[-99.1880104567112,19.45490765749559],[-99.1885456202544,19.456409613519863],[-99.19024037483024,19.45023258717585]]]},"properties":{"_id":454,"id":453,"g_pnt_2":"19.450266399,-99.1867693343","geo_shp":"{\"type\": \"Polygon\", \"coordinates\": [[[-99.19024037483025, 19.45023258717585], [-99.18935623499569, 19.45340003995264], [-99.1887063072805, 19.45596452219561], [-99.18854562025439, 19.456409613519863], [-99.18838339944548, 19.45593955248349], [-99.1881817","deleg":"MIGUEL HIDALGO","zona":"PONIENTE","sctr_18":"TACUBA","cv_sctr":4,"zp":8,"are_km2":0.414051108061203,"x":-99.187421,"y":19.452707,"fech_cr":"2018-08-17T00:00:00","anio":2018,"mes":8,"dia":17}},
{"type":"Feature","geometry":{"type":"Polygon","coordinates":[[[-99.19357794901278,19.410111031647062],[-99.19374580891544,19.407487838446475],[-99.19303309950185,19.406684059907427],[-99.1839269891058,19.40716599640962],[-99.18174901612048,19.410745947533027],[-99.188156930954,19.412924561639848],[-99.19357794901278,19.410111031647062]]]},"properties":{"_id":455,"id":454,"g_pnt_2":"19.4094913857,-99.1881208351","geo_shp":"{\"type\": \"Polygon\", \"coordinates\": [[[-99.19357794901278, 19.410111031647062], [-99.19114877077577, 19.411392258404515], [-99.18944298117968, 19.41228199982684], [-99.188156930954, 19.412924561639848], [-99.18672083418866, 19.412380708015142], [-99.18361","deleg":"MIGUEL HIDALGO","zona":"PONIENTE","sctr_18":"TACUBAYA","cv_sctr":5,"zp":7,"are_km2":0.59293431722038,"x":-99.187785,"y":19.409807,"fech_cr":"2018-08-17T00:00:00","anio":2018,"mes":8,"dia":17}},
{"type":"Feature","geometry":{"type":"Polygon","coordinates":[[[-99.14173107273714,19.42604148748702],[-99.14710786096352,19.426575225618464],[-99.14863698243252,19.42645106742964],[-99.1533770375766,19.425075020484545],[-99.1536925300202,19.421842145849343],[-99.14297945894458,19.420778933087725],[-99.14173107273714,19.42604148748702]]]},"properties":{"_id":456,"id":455,"g_pnt_2":"19.4237518058,-99.1475430588","geo_shp":"{\"type\": \"Polygon\", \"coordinates\": [[[-99.14173107273714, 19.42604148748702], [-99.14291608303942, 19.421503807721777], [-99.14297945894458, 19.420778933087725], [-99.14670234396948, 19.421146871751386], [-99.14971134815137, 19.42143470749954], [-99.1536","deleg":"CUAUHTEMOC","zona":"CENTRO","sctr_18":"ASTURIAS","cv_sctr":1,"zp":8,"are_km2":0.627628391489017,"x":-99.147712,"y":19.423675,"fech_cr":"2018-08-17T00:00:00","anio":2018,"mes":8,"dia":17}},
{"type":"Feature","geometry":{"type":"Polygon","coordinates":[[[-99.21900432277953,19.382930893905662],[-99.2229094417088,19.38091878190722],[-99.22365778820502,19.37962158265985],[-99.21902977183656,19.380169476751792],[-99.21977586061408,19.375392770131747],[-99.21776290995604,19.37454989108202],[-99.21484351922452,19.375655332035983],[-99.21436323399053,19.37407899464679],[-99.21202949867028,19.374621552666312],[-99.20718697622765,19.37655144540166],[-99.2051344931594,19.377027890515222],[-99.20153143840382,19.37581670261096],[-99.19939599217756,19.38183900115903],[-99.20136052245508,19.382261158816817],[-99.20791901559544,19.380106596984103],[-99.20925427068936,19.38119610091956],[-99.2095045417011,19.381352255978086],[-99.21252323634904,19.3825485128906],[-99.21617042778306,19.382033222395528],[-99.21900432277953,19.382930893905662]]]},"properties":{"_id":502,"id":501,"g_pnt_2":"19.3788415928,-99.2114658767","geo_shp":"{\"type\": \"Polygon\", \"coordinates\": [[[-99.21962324507089, 19.382663715628166], [-99.21900432277953, 19.382930893905662], [-99.21822867161244, 19.38307154928938], [-99.21793889425163, 19.383077319329292], [-99.2177059171199, 19.38304388759283], [-99.21749","deleg":"ALVARO OBREGON","zona":"PONIENTE","sctr_18":"PLATEROS","cv_sctr":2,"zp":6,"are_km2":1.456920083935677,"x":-99.211571,"y":19.378823,"fech_cr":"2018-08-17T00:00:00","anio":2018,"mes":8,"dia":17}},
{"type":"Feature","geometry":{"type":"Polygon","coordinates":[[[-99.14297945894458,19.420778933087725],[-99.1536925300202,19.421842145849343],[-99.15396457664389,19.418609939053106],[-99.15420453115692,19.41519384045059],[-99.14355951940934,19.414456410692015],[-99.14297945894458,19.420778933087725]]]},"properties":{"_id":457,"id":456,"g_pnt_2":"19.4180783842,-99.1486588248","geo_shp":"{\"type\": \"Polygon\", \"coordinates\": [[[-99.14297945894458, 19.420778933087725], [-99.14309249945264, 19.419554323914646], [-99.14322336785041, 19.418132316697445], [-99.14349626411533, 19.41520469361152], [-99.14355951940934, 19.414456410692015], [-99.147","deleg":"CUAUHTEMOC","zona":"CENTRO","sctr_18":"ASTURIAS","cv_sctr":1,"zp":9,"are_km2":0.813222858107933,"x":-99.148562,"y":19.418524,"fech_cr":"2018-08-17T00:00:00","anio":2018,"mes":8,"dia":17}},
{"type":"Feature","geometry":{"type":"Polygon","coordinates":[[[-99.14663226040716,19.47547571616202],[-99.14550834004083,19.47243852209373],[-99.14321039135176,19.46655529555909],[-99.14243299628576,19.46457593525571],[-99.14119094882788,19.465009992180445],[-99.13691510460038,19.470059274728985],[-99.13855164976076,19.47364408619489],[-99.14663226040716,19.47547571616202]]]},"properties":{"_id":458,"id":457,"g_pnt_2":"19.4706003055,-99.1416482237","geo_shp":"{\"type\": \"Polygon\", \"coordinates\": [[[-99.14663226040715, 19.47547571616202], [-99.144857880503, 19.47504984292267], [-99.14226135432838, 19.47446038529878], [-99.13935302301836, 19.47380452281551], [-99.13855164976076, 19.47364408619489], [-99.137952313","deleg":"GUSTAVO A MADERO","zona":"NORTE","sctr_18":"LINDAVISTA","cv_sctr":2,"zp":10,"are_km2":0.659218587679479,"x":-99.141495,"y":19.469285,"fech_cr":"2018-08-17T00:00:00","anio":2018,"mes":8,"dia":17}},
{"type":"Feature","geometry":{"type":"Polygon","coordinates":[[[-99.15338321910764,19.394994581396695],[-99.15279099323168,19.403215983707774],[-99.15506697370633,19.403297022465175],[-99.15737596988852,19.4030441504338],[-99.16197096430017,19.40164929767809],[-99.16020440266468,19.4006458677861],[-99.1605916497749,19.395499531584875],[-99.15338321910764,19.394994581396695]]]},"properties":{"_id":459,"id":458,"g_pnt_2":"19.3992047869,-99.1567669683","geo_shp":"{\"type\": \"Polygon\", \"coordinates\": [[[-99.1529854186017, 19.401115180356935], [-99.15320095870993, 19.39746257947952], [-99.15338321910765, 19.394994581396695], [-99.15570334061015, 19.39514399137441], [-99.1571859871496, 19.395234629381303], [-99.160591","deleg":"BENITO JUAREZ","zona":"SUR","sctr_18":"NARVARTE-ALAMOS","cv_sctr":1,"zp":1,"are_km2":0.681148951856515,"x":-99.155918,"y":19.399042,"fech_cr":"2018-08-17T00:00:00","anio":2018,"mes":8,"dia":17}},
{"type":"Feature","geometry":{"type":"Polygon","coordinates":[[[-99.1422092199953,19.36360956870507],[-99.1502986797524,19.364890229466113],[-99.15141041750653,19.35844212316602],[-99.15272017357748,19.356971848651696],[-99.14351478323884,19.356551758237377],[-99.14299655223228,19.35931049587435],[-99.14242799732916,19.362361823419658],[-99.1422092199953,19.36360956870507]]]},"properties":{"_id":460,"id":459,"g_pnt_2":"19.360469999,-99.1470707258","geo_shp":"{\"type\": \"Polygon\", \"coordinates\": [[[-99.1422092199953, 19.36360956870507], [-99.14242799732916, 19.362361823419658], [-99.14246049644089, 19.36217670437632], [-99.14299655223229, 19.35931049587435], [-99.14351478323884, 19.356551758237377], [-99.152720","deleg":"BENITO JUAREZ","zona":"SUR","sctr_18":"PORTALES","cv_sctr":5,"zp":7,"are_km2":0.736988577771392,"x":-99.147465,"y":19.360721,"fech_cr":"2018-08-17T00:00:00","anio":2018,"mes":8,"dia":17}},
{"type":"Feature","geometry":{"type":"Polygon","coordinates":[[[-98.97822378316016,19.214201040343035],[-98.97706260246903,19.208625751047833],[-98.9753968722312,19.207403875371767],[-98.97265764201566,19.206766130986683],[-98.97090261947348,19.204567017520528],[-98.96937097372908,19.203536350972055],[-98.96706775093412,19.20359966929973],[-98.96623936244517,19.208379781378895],[-98.9677039148168,19.209675996668945],[-98.96705513000602,19.21108869305518],[-98.96831837751012,19.212076853621575],[-98.97006259247114,19.212215246642767],[-98.97103230712588,19.21363788457836],[-98.968122299377,19.216086232000055],[-98.96667672561922,19.218980013485453],[-98.96478218273714,19.22037104957766],[-98.9622632841055,19.219405838652825],[-98.95995901046378,19.219349675852463],[-98.9582087881346,19.222766166876863],[-98.95613959536428,19.221839475651144],[-98.94939446747136,19.22117615976444],[-98.94736483216953,19.221723648185822],[-98.94656792081896,19.22450212975274],[-98.96936316600828,19.231818593729287],[-98.97110734696396,19.22572903044275],[-98.96925320016108,19.225065434745552],[-98.9707186991368,19.220910032584687],[-98.9723003514765,19.220891750785235],[-98.97628544947642,19.22282471107415],[-98.9780717754841,19.221981332714098],[-98.98078087149707,19.222300856859707],[-98.9834324777317,19.219192517290164],[-98.9781325051309,19.214545465501654],[-98.97822378316016,19.214201040343035]]]},"properties":{"_id":464,"id":463,"g_pnt_2":"19.2194074233,-98.9674529576","geo_shp":"{\"type\": \"Polygon\", \"coordinates\": [[[-98.94656792081895, 19.22450212975274], [-98.94736483216951, 19.221723648185826], [-98.94908586966395, 19.222017234780527], [-98.94939446747135, 19.22117615976444], [-98.95613959536429, 19.221839475651144], [-98.9568","deleg":"TLAHUAC","zona":"ORIENTE","sctr_18":"MIXQUIC","cv_sctr":3,"zp":5,"are_km2":4.135157334776088,"x":-98.974533,"y":19.217556,"fech_cr":"2018-08-17T00:00:00","anio":2018,"mes":8,"dia":17}},
{"type":"Feature","geometry":{"type":"Polygon","coordinates":[[[-99.2870166596185,19.36492575447922],[-99.28662095543925,19.361562543572873],[-99.28066333507194,19.36291175548142],[-99.2733143410892,19.36458497155638],[-99.2714707296495,19.36597700733718],[-99.26924081952048,19.36855498267281],[-99.26933373271687,19.37085982286502],[-99.2691916941415,19.37291005636707],[-99.26732222809984,19.372715789992064],[-99.26627486171198,19.37365363206199],[-99.26245481206873,19.374526530470803],[-99.25971732970936,19.37611531090647],[-99.25959401467745,19.376237044066094],[-99.26184152948186,19.375160595878665],[-99.26439726510628,19.375034077961537],[-99.26125285980125,19.377856848069374],[-99.26798520110364,19.37704134554969],[-99.26870463431182,19.377969902660524],[-99.2667013456178,19.38124513089178],[-99.26696999869846,19.38253884503798],[-99.26901464705908,19.38374254617523],[-99.27208772213544,19.383741500150048],[-99.2754729154447,19.383147057141056],[-99.27994572344517,19.380783650554584],[-99.28012548666996,19.380265965915633],[-99.27872611677503,19.377918314408163],[-99.27826873772923,19.37354024930648],[-99.27683033729518,19.37182527951374],[-99.27674555035752,19.37163335725247],[-99.27821883941202,19.369724155434007],[-99.27901512734816,19.366726936937948],[-99.2807020016038,19.36736710524437],[-99.28107801263133,19.36763611978405],[-99.28260115644088,19.36724541129608],[-99.28365217302157,19.364036656276227],[-99.2870166596185,19.36492575447922]]]},"properties":{"_id":465,"id":464,"g_pnt_2":"19.3733800802,-99.2739977997","geo_shp":"{\"type\": \"Polygon\", \"coordinates\": [[[-99.2870166596185, 19.36492575447922], [-99.2868929169202, 19.36505871340647], [-99.28660052668425, 19.365347115216395], [-99.28621837136414, 19.365596976339074], [-99.28596005278901, 19.36576765264512], [-99.2856542","deleg":"CUAJIMALPA","zona":"PONIENTE","sctr_18":"EL YAQUI","cv_sctr":7,"zp":3,"are_km2":2.700370080115745,"x":-99.264088,"y":19.376082,"fech_cr":"2018-08-17T00:00:00","anio":2018,"mes":8,"dia":17}},
{"type":"Feature","geometry":{"type":"Polygon","coordinates":[[[-99.26696999869846,19.38253884503798],[-99.2667013456178,19.38124513089178],[-99.26870463431182,19.377969902660524],[-99.26798520110364,19.37704134554969],[-99.26125285980125,19.377856848069374],[-99.26439726510628,19.375034077961537],[-99.26184152948186,19.375160595878665],[-99.25959401467745,19.376237044066094],[-99.2581114483385,19.37769142265891],[-99.25611720714464,19.37927349001671],[-99.25009976137235,19.38313490814757],[-99.24711941386896,19.385575999332183],[-99.2479859757478,19.389761807578072],[-99.2459283329095,19.393615747151983],[-99.24848693253256,19.39279236848209],[-99.25246145452952,19.392829822587434],[-99.25308853149896,19.393537506212873],[-99.25645616507126,19.392196925874405],[-99.25853864720544,19.391819364443897],[-99.25991436509014,19.388790227255505],[-99.26221141482696,19.387914430693876],[-99.26384365976848,19.383985913620723],[-99.26696999869846,19.38253884503798]]]},"properties":{"_id":466,"id":465,"g_pnt_2":"19.3847900119,-99.2570301675","geo_shp":"{\"type\": \"Polygon\", \"coordinates\": [[[-99.26696999869846, 19.38253884503798], [-99.26663671622053, 19.382785611148453], [-99.26599969248481, 19.383117323544894], [-99.26530689950334, 19.38341377767009], [-99.26466234016132, 19.383682051756832], [-99.2638","deleg":"CUAJIMALPA","zona":"PONIENTE","sctr_18":"EL YAQUI","cv_sctr":7,"zp":2,"are_km2":2.514657394708494,"x":-99.25743,"y":19.384751,"fech_cr":"2018-08-17T00:00:00","anio":2018,"mes":8,"dia":17}},
{"type":"Feature","geometry":{"type":"Polygon","coordinates":[[[-99.275946229859,19.35588897800786],[-99.27257697179964,19.359030773572883],[-99.26641061030602,19.363020111655818],[-99.26618335151184,19.364034114546115],[-99.2671281421675,19.368320222810627],[-99.26825979214507,19.3681707919472],[-99.268654518215,19.36830812527921],[-99.26783903434703,19.371216849110468],[-99.26933373271687,19.37085982286502],[-99.26924081952048,19.36855498267281],[-99.2714707296495,19.36597700733718],[-99.2733143410892,19.36458497155638],[-99.28066333507194,19.36291175548142],[-99.27817430024784,19.360363505969797],[-99.2810278314852,19.358633192093667],[-99.28196694152427,19.355641069978507],[-99.28112447864042,19.354300451962107],[-99.275946229859,19.35588897800786]]]},"properties":{"_id":467,"id":466,"g_pnt_2":"19.3618004983,-99.2736674915","geo_shp":"{\"type\": \"Polygon\", \"coordinates\": [[[-99.27594622985899, 19.35588897800786], [-99.27671420555528, 19.35553841451848], [-99.27758406394662, 19.355473736393535], [-99.2783387480624, 19.35531740694662], [-99.27926050119838, 19.35503203079454], [-99.2798885","deleg":"CUAJIMALPA","zona":"PONIENTE","sctr_18":"EL YAQUI","cv_sctr":7,"zp":4,"are_km2":1.233182723792257,"x":-99.270191,"y":19.361427,"fech_cr":"2018-08-17T00:00:00","anio":2018,"mes":8,"dia":17}},
{"type":"Feature","geometry":{"type":"Polygon","coordinates":[[[-99.18711559919008,19.280780460383983],[-99.1905256003125,19.286071210379568],[-99.195603579433,19.285647572846777],[-99.1938490453575,19.278280262814494],[-99.18711559919008,19.280780460383983]]]},"properties":{"_id":468,"id":467,"g_pnt_2":"19.2824104427,-99.1918130752","geo_shp":"{\"type\": \"Polygon\", \"coordinates\": [[[-99.19045533961652, 19.285887273359126], [-99.19007197476485, 19.285058451374052], [-99.18956388844607, 19.28426988592372], [-99.18911928970012, 19.283649447380256], [-99.18861433915092, 19.282931913253737], [-99.187","deleg":"TLALPAN","zona":"SUR","sctr_18":"FUENTE","cv_sctr":4,"zp":6,"are_km2":0.46551363140043,"x":-99.192974,"y":19.281474,"fech_cr":"2018-08-17T00:00:00","anio":2018,"mes":8,"dia":17}},
{"type":"Feature","geometry":{"type":"Polygon","coordinates":[[[-99.1938490453575,19.278280262814494],[-99.19202019921865,19.273809003887965],[-99.19363804869236,19.272361422633868],[-99.1944369015556,19.270610937987374],[-99.19414494735334,19.268439001481855],[-99.18924296885922,19.268856086685783],[-99.18249057203712,19.26822515043273],[-99.18093489797972,19.274265066246965],[-99.17764229224612,19.27478453807742],[-99.17756665082688,19.277185244877572],[-99.178220120051,19.279246051050517],[-99.18060732873238,19.279733016058305],[-99.18431953346644,19.27980965565605],[-99.18711559919008,19.280780460383983],[-99.1938490453575,19.278280262814494]]]},"properties":{"_id":469,"id":468,"g_pnt_2":"19.2744377588,-99.1866082548","geo_shp":"{\"type\": \"Polygon\", \"coordinates\": [[[-99.1938490453575, 19.278280262814494], [-99.19020850701244, 19.279581289638354], [-99.1899907609053, 19.279666742996255], [-99.18988872416242, 19.279819588551348], [-99.18711559919008, 19.280780460383983], [-99.1865","deleg":"TLALPAN","zona":"SUR","sctr_18":"FUENTE","cv_sctr":4,"zp":8,"are_km2":1.749004058041991,"x":-99.184084,"y":19.274503,"fech_cr":"2018-08-17T00:00:00","anio":2018,"mes":8,"dia":17}},
{"type":"Feature","geometry":{"type":"Polygon","coordinates":[[[-99.12774720871523,19.456255133017223],[-99.13610682665012,19.459316801264308],[-99.13994780004168,19.459615102990544],[-99.13774507569975,19.455478436161048],[-99.1380076741669,19.45404621566483],[-99.13058102339308,19.45234295989457],[-99.13012598318991,19.45230894373807],[-99.12774720871523,19.456255133017223]]]},"properties":{"_id":470,"id":469,"g_pnt_2":"19.4559485754,-99.1339187632","geo_shp":"{\"type\": \"Polygon\", \"coordinates\": [[[-99.13739031215657, 19.459475890504873], [-99.13610682665013, 19.459316801264308], [-99.13301335437978, 19.458154772766314], [-99.12886452576605, 19.456680559600056], [-99.12774720871525, 19.456255133017226], [-99.12","deleg":"CUAUHTEMOC","zona":"CENTRO","sctr_18":"TLATELOLCO","cv_sctr":5,"zp":6,"are_km2":0.599030678445733,"x":-99.133437,"y":19.455969,"fech_cr":"2018-08-17T00:00:00","anio":2018,"mes":8,"dia":17}},
{"type":"Feature","geometry":{"type":"Polygon","coordinates":[[[-99.15446224112952,19.43239626740735],[-99.15923899570431,19.430431953200152],[-99.15984497474189,19.4297949857642],[-99.15699905608676,19.42423602734785],[-99.15626357049752,19.424406661045097],[-99.15382420636044,19.431192897078155],[-99.15446224112952,19.43239626740735]]]},"properties":{"_id":471,"id":470,"g_pnt_2":"19.4287224255,-99.1566989128","geo_shp":"{\"type\": \"Polygon\", \"coordinates\": [[[-99.15446224112951, 19.43239626740735], [-99.1540739429939, 19.431665447433378], [-99.15382420636045, 19.431192897078155], [-99.15512234124606, 19.427732882806904], [-99.15630062437086, 19.4246058202249], [-99.156263","deleg":"CUAUHTEMOC","zona":"CENTRO","sctr_18":"REVOLUCION","cv_sctr":3,"zp":7,"are_km2":0.294612045885315,"x":-99.156832,"y":19.428315,"fech_cr":"2018-08-17T00:00:00","anio":2018,"mes":8,"dia":17}},
{"type":"Feature","geometry":{"type":"Polygon","coordinates":[[[-99.14022029967992,19.43545064158077],[-99.1463823239834,19.436705089295643],[-99.1494121736524,19.434786899278528],[-99.14549288787843,19.43426878874279],[-99.14053587235564,19.433537206279613],[-99.14022029967992,19.43545064158077]]]},"properties":{"_id":472,"id":471,"g_pnt_2":"19.4350900825,-99.1443161852","geo_shp":"{\"type\": \"Polygon\", \"coordinates\": [[[-99.14022029967991, 19.43545064158077], [-99.14053587235563, 19.433537206279613], [-99.14549288787845, 19.43426878874279], [-99.1494121736524, 19.434786899278528], [-99.1463823239834, 19.436705089295643], [-99.142838","deleg":"CUAUHTEMOC","zona":"CENTRO","sctr_18":"REVOLUCION","cv_sctr":1,"zp":13,"are_km2":0.188701306446796,"x":-99.144826,"y":19.435127,"fech_cr":"2018-08-17T00:00:00","anio":2018,"mes":8,"dia":17}},
{"type":"Feature","geometry":{"type":"Polygon","coordinates":[[[-99.108673755723,19.45199888462949],[-99.1113382840248,19.45297668319462],[-99.11411436092028,19.45511435965827],[-99.11555378831903,19.4494014464029],[-99.11019680797152,19.4481310974684],[-99.108673755723,19.45199888462949]]]},"properties":{"_id":473,"id":472,"g_pnt_2":"19.4511741067,-99.1123516994","geo_shp":"{\"type\": \"Polygon\", \"coordinates\": [[[-99.1137112208754, 19.454779947266186], [-99.11226540231215, 19.45358091395265], [-99.1113382840248, 19.45297668319462], [-99.108673755723, 19.45199888462949], [-99.1091320967469, 19.45070775559433], [-99.10923686989","deleg":"VENUSTIANO CARRANZA","zona":"NORTE","sctr_18":"CONSULADO","cv_sctr":5,"zp":8,"are_km2":0.314580323916186,"x":-99.111835,"y":19.45163,"fech_cr":"2018-08-17T00:00:00","anio":2018,"mes":8,"dia":17}},
{"type":"Feature","geometry":{"type":"Polygon","coordinates":[[[-99.09371823851988,19.501328967405534],[-99.09332681345116,19.498118273868357],[-99.08964213914976,19.496920387934345],[-99.08870144654124,19.499163182986212],[-99.08503312063026,19.50753172561059],[-99.08987056266106,19.50951314956777],[-99.09276801291792,19.504348120978765],[-99.09349184362377,19.502056434298556],[-99.09371823851988,19.501328967405534]]]},"properties":{"_id":474,"id":473,"g_pnt_2":"19.5033510976,-99.0898065138","geo_shp":"{\"type\": \"Polygon\", \"coordinates\": [[[-99.09371823851987, 19.501328967405538], [-99.09349184362375, 19.502056434298556], [-99.09276801291793, 19.504348120978765], [-99.08987056266106, 19.50951314956777], [-99.08503312063026, 19.50753172561059], [-99.0869","deleg":"GUSTAVO A MADERO","zona":"NORTE","sctr_18":"QUIROGA","cv_sctr":4,"zp":3,"are_km2":0.723583010891303,"x":-99.089376,"y":19.504109,"fech_cr":"2018-08-17T00:00:00","anio":2018,"mes":8,"dia":17}},
{"type":"Feature","geometry":{"type":"Polygon","coordinates":[[[-99.07609249788698,19.48194585243117],[-99.0765516687762,19.48088319045052],[-99.07862526219168,19.47543818874541],[-99.07882910061628,19.472534655976656],[-99.07042725570288,19.470968271041443],[-99.06926507881556,19.473375814829968],[-99.07035777831088,19.474461361313033],[-99.0660050993998,19.479825142806696],[-99.07609249788698,19.48194585243117]]]},"properties":{"_id":475,"id":474,"g_pnt_2":"19.4764943341,-99.0732982492","geo_shp":"{\"type\": \"Polygon\", \"coordinates\": [[[-99.07609249788698, 19.48194585243117], [-99.0660050993998, 19.479825142806696], [-99.06783794907678, 19.477548779320678], [-99.07035777831088, 19.474461361313033], [-99.06926507881556, 19.473375814829968], [-99.0693","deleg":"GUSTAVO A MADERO","zona":"NORTE","sctr_18":"PRADERA","cv_sctr":3,"zp":10,"are_km2":1.041392185191951,"x":-99.073886,"y":19.475969,"fech_cr":"2018-08-17T00:00:00","anio":2018,"mes":8,"dia":17}},
{"type":"Feature","geometry":{"type":"Polygon","coordinates":[[[-99.18262506703697,19.38451424795312],[-99.18617959617865,19.384457321813212],[-99.18666082641826,19.380469559218923],[-99.18114479173586,19.37994552338681],[-99.17560809428012,19.382234880152932],[-99.17455932982573,19.38536394232147],[-99.18026473499388,19.384573178668436],[-99.18262506703697,19.38451424795312]]]},"properties":{"_id":476,"id":475,"g_pnt_2":"19.3826297069,-99.1810747965","geo_shp":"{\"type\": \"Polygon\", \"coordinates\": [[[-99.18262506703697, 19.38451424795312], [-99.18026473499388, 19.384573178668436], [-99.17628921707258, 19.38510379457373], [-99.17455932982571, 19.38536394232147], [-99.17560809428012, 19.382234880152932], [-99.18114","deleg":"BENITO JUAREZ","zona":"SUR","sctr_18":"NAPOLES","cv_sctr":3,"zp":4,"are_km2":0.530136183095975,"x":-99.179461,"y":19.382553,"fech_cr":"2018-08-17T00:00:00","anio":2018,"mes":8,"dia":17}},
{"type":"Feature","geometry":{"type":"Polygon","coordinates":[[[-99.1224264900393,19.33691266146134],[-99.11923172721708,19.336892636642283],[-99.11673577397454,19.338366601249927],[-99.11378778229592,19.338251335577777],[-99.11502268145396,19.342333117241953],[-99.11914020352482,19.348788430074254],[-99.1224264900393,19.33691266146134]]]},"properties":{"_id":477,"id":476,"g_pnt_2":"19.3414015365,-99.118340912","geo_shp":"{\"type\": \"Polygon\", \"coordinates\": [[[-99.1224264900393, 19.33691266146134], [-99.12013715560293, 19.34501901442342], [-99.11914020352482, 19.348788430074258], [-99.11806001172356, 19.347160251404798], [-99.1173904427468, 19.346150981373547], [-99.116332","deleg":"COYOACAN","zona":"SUR","sctr_18":"TAXQUEA","cv_sctr":3,"zp":7,"are_km2":0.627843621952146,"x":-99.118111,"y":19.342672,"fech_cr":"2018-08-17T00:00:00","anio":2018,"mes":8,"dia":17}},
{"type":"Feature","geometry":{"type":"Polygon","coordinates":[[[-99.19337697960108,19.4373269964007],[-99.19516436786672,19.437400095789823],[-99.19547403266134,19.430924985789837],[-99.19085670828788,19.43078104831181],[-99.18854447091176,19.43074541591936],[-99.18843907573336,19.437070278760483],[-99.19337697960108,19.4373269964007]]]},"properties":{"_id":478,"id":477,"g_pnt_2":"19.4340140577,-99.1919152013","geo_shp":"{\"type\": \"Polygon\", \"coordinates\": [[[-99.19337697960107, 19.4373269964007], [-99.19010730365771, 19.43715765046925], [-99.18843907573337, 19.437070278760483], [-99.18854447091176, 19.43074541591936], [-99.19085670828787, 19.43078104831181], [-99.1923932","deleg":"MIGUEL HIDALGO","zona":"PONIENTE","sctr_18":"POLANCO-CASTILLO","cv_sctr":1,"zp":4,"are_km2":0.511432427704911,"x":-99.191957,"y":19.434072,"fech_cr":"2018-08-17T00:00:00","anio":2018,"mes":8,"dia":17}},
{"type":"Feature","geometry":{"type":"Polygon","coordinates":[[[-99.218846995574,19.48107281759538],[-99.22009928278928,19.47742127409028],[-99.22076751435472,19.47425376600289],[-99.21146283451856,19.471838349018917],[-99.21005600360716,19.476426856778183],[-99.210036560915,19.477680218308183],[-99.2103669266129,19.47776316196389],[-99.21256209618764,19.47936062177865],[-99.218846995574,19.48107281759538]]]},"properties":{"_id":479,"id":478,"g_pnt_2":"19.476367923,-99.2153861582","geo_shp":"{\"type\": \"Polygon\", \"coordinates\": [[[-99.218846995574, 19.48107281759538], [-99.21256209618764, 19.479360621778646], [-99.21266009174548, 19.479027198971618], [-99.21157722864399, 19.478708354042297], [-99.21163978395529, 19.478231545927716], [-99.21101","deleg":"AZCAPOTZALCO","zona":"PONIENTE","sctr_18":"CLAVERIA","cv_sctr":1,"zp":1,"are_km2":0.771052861971588,"x":-99.216174,"y":19.477668,"fech_cr":"2018-08-17T00:00:00","anio":2018,"mes":8,"dia":17}},
{"type":"Feature","geometry":{"type":"Polygon","coordinates":[[[-99.1563827995976,19.482936188146763],[-99.16141679485304,19.48399179737855],[-99.16387761260378,19.484536274622936],[-99.1685557315388,19.48479262685864],[-99.16628723342716,19.479903821160804],[-99.1641486698188,19.473994785790683],[-99.16317786249536,19.471553778266617],[-99.158706718649,19.472880591345753],[-99.1563827995976,19.482936188146763]]]},"properties":{"_id":480,"id":479,"g_pnt_2":"19.4790674347,-99.1619787506","geo_shp":"{\"type\": \"Polygon\", \"coordinates\": [[[-99.1563827995976, 19.482936188146763], [-99.15747158764934, 19.47822518283207], [-99.15870671864899, 19.472880591345753], [-99.15924096799822, 19.472880122635363], [-99.16295080017798, 19.471643455399818], [-99.1631","deleg":"AZCAPOTZALCO","zona":"PONIENTE","sctr_18":"LA RAZA","cv_sctr":4,"zp":4,"are_km2":1.140211613291548,"x":-99.161545,"y":19.47815,"fech_cr":"2018-08-17T00:00:00","anio":2018,"mes":8,"dia":17}},
{"type":"Feature","geometry":{"type":"Polygon","coordinates":[[[-99.15823260494456,19.463172838791856],[-99.15323126594946,19.462602520266664],[-99.1523256009485,19.46763862018137],[-99.15163815270088,19.472447504563092],[-99.1523037779798,19.47253054468731],[-99.158706718649,19.472880591345753],[-99.16317786249536,19.471553778266617],[-99.16210675498785,19.46873019988128],[-99.1610017248097,19.468084811351805],[-99.1589824695884,19.46838872293114],[-99.15893949711572,19.46418371609187],[-99.15823260494456,19.463172838791856]]]},"properties":{"_id":481,"id":480,"g_pnt_2":"19.4685394037,-99.1565756729","geo_shp":"{\"type\": \"Polygon\", \"coordinates\": [[[-99.15466999801836, 19.462860950701394], [-99.15693799200663, 19.463282958475478], [-99.15763200261678, 19.463296003198767], [-99.15823260494456, 19.463172838791856], [-99.15893949711571, 19.464183716091874], [-99.15","deleg":"AZCAPOTZALCO","zona":"PONIENTE","sctr_18":"LA RAZA","cv_sctr":4,"zp":7,"are_km2":0.920130103513957,"x":-99.157598,"y":19.467466,"fech_cr":"2018-08-17T00:00:00","anio":2018,"mes":8,"dia":17}},
{"type":"Feature","geometry":{"type":"Polygon","coordinates":[[[-99.12005377671468,19.491394868628596],[-99.12519477762535,19.499335748368377],[-99.12733232024276,19.5016546712279],[-99.12954939376826,19.50503715029839],[-99.13098766244394,19.502167569333405],[-99.13172872654452,19.497943381234908],[-99.12199139513136,19.488359814498285],[-99.12005377671468,19.491394868628596]]]},"properties":{"_id":503,"id":502,"g_pnt_2":"19.4964518073,-99.1263442708","geo_shp":"{\"type\": \"Polygon\", \"coordinates\": [[[-99.12005377671467, 19.491394868628596], [-99.120683081873, 19.4900903171698], [-99.12078983623047, 19.489868913885623], [-99.12199139513136, 19.488359814498285], [-99.12398083273014, 19.490277518341202], [-99.128830","deleg":"GUSTAVO A MADERO","zona":"NORTE","sctr_18":"LINDAVISTA","cv_sctr":2,"zp":2,"are_km2":0.902080448242252,"x":-99.125893,"y":19.496698,"fech_cr":"2018-08-17T00:00:00","anio":2018,"mes":8,"dia":17}},
{"type":"Feature","geometry":{"type":"Polygon","coordinates":[[[-99.1047224875238,19.194799221731877],[-99.1025739568524,19.194463952935667],[-99.10094283833716,19.19310012690945],[-99.10063040939414,19.188943471340767],[-99.09856152206665,19.185638870084823],[-99.0943240254838,19.184364575404462],[-99.08773900855805,19.184607980958543],[-99.0841899761455,19.186530030448417],[-99.08363648649988,19.188405932096178],[-99.08105879705036,19.19347846934846],[-99.08252304717692,19.195302941358857],[-99.08513428956776,19.198541492684928],[-99.09245566516972,19.19969399177286],[-99.09705170840066,19.200518227581497],[-99.09978881578118,19.200645278056395],[-99.10198487384864,19.200030031682836],[-99.10456882131814,19.198342999181975],[-99.1047224875238,19.194799221731877]]]},"properties":{"_id":482,"id":481,"g_pnt_2":"19.1927845273,-99.0927392812","geo_shp":"{\"type\": \"Polygon\", \"coordinates\": [[[-99.10472248752379, 19.194799221731877], [-99.10455113289017, 19.196994637684604], [-99.10456882131814, 19.198342999181975], [-99.10198487384865, 19.200030031682836], [-99.10135985155318, 19.20009861473965], [-99.100","deleg":"MILPA ALTA","zona":"ORIENTE","sctr_18":"MILPA ALTA","cv_sctr":1,"zp":6,"are_km2":3.222182123012723,"x":-99.092413,"y":19.191632,"fech_cr":"2018-08-17T00:00:00","anio":2018,"mes":8,"dia":17}},
{"type":"Feature","geometry":{"type":"Polygon","coordinates":[[[-99.16627615926645,19.29855463396127],[-99.16760750906752,19.298042146597787],[-99.16973593296024,19.292489957258542],[-99.16730138801906,19.29165376366804],[-99.16434116703344,19.29068307621771],[-99.1628206684096,19.294482679534102],[-99.16397235549944,19.294982616207555],[-99.16463114671689,19.29684698036041],[-99.16628164651196,19.296825511146928],[-99.16627615926645,19.29855463396127]]]},"properties":{"_id":483,"id":482,"g_pnt_2":"19.294364652,-99.166235954","geo_shp":"{\"type\": \"Polygon\", \"coordinates\": [[[-99.16760750906752, 19.298042146597787], [-99.16719747989468, 19.298052464150025], [-99.1668506163341, 19.298122643884756], [-99.16662997251511, 19.298202649426486], [-99.16627615926645, 19.298554633961274], [-99.166","deleg":"TLALPAN","zona":"SUR","sctr_18":"HUIPULCO-HOSPITALES","cv_sctr":5,"zp":4,"are_km2":0.363457076452998,"x":-99.166048,"y":19.294889,"fech_cr":"2018-08-17T00:00:00","anio":2018,"mes":8,"dia":17}},
{"type":"Feature","geometry":{"type":"Polygon","coordinates":[[[-99.05413242977048,19.18621879542271],[-99.06306342304867,19.196456949014713],[-99.07989768635794,19.20122956668416],[-99.08252304717692,19.195302941358857],[-99.08105879705036,19.19347846934846],[-99.08363648649988,19.188405932096178],[-99.0841899761455,19.186530030448417],[-99.0840989925551,19.185865962549176],[-99.08058390326131,19.180470969285665],[-99.07713166072996,19.178216484343093],[-99.07609770818162,19.176378772646164],[-99.07335053300504,19.1699649140947],[-99.07017470452372,19.1695166964331],[-99.05413242977048,19.18621879542271]]]},"properties":{"_id":484,"id":483,"g_pnt_2":"19.1864413909,-99.0705299161","geo_shp":"{\"type\": \"Polygon\", \"coordinates\": [[[-99.05413242977048, 19.18621879542271], [-99.05442937140518, 19.185889363984117], [-99.07017470452371, 19.1695166964331], [-99.07335053300505, 19.1699649140947], [-99.07609770818162, 19.176378772646164], [-99.0771316","deleg":"MILPA ALTA","zona":"ORIENTE","sctr_18":"MILPA ALTA","cv_sctr":1,"zp":5,"are_km2":6.498767415271747,"x":-99.069161,"y":19.185376,"fech_cr":"2018-08-17T00:00:00","anio":2018,"mes":8,"dia":17}},
{"type":"Feature","geometry":{"type":"Polygon","coordinates":[[[-99.08958496369377,19.44299249309856],[-99.0953600068229,19.444881864299017],[-99.10249423688003,19.446566578170614],[-99.10343410795302,19.44425157981986],[-99.10382770848362,19.44314152508864],[-99.09439252862472,19.439856140334474],[-99.0934812822831,19.440267285540234],[-99.09310356485136,19.44044055185156],[-99.08958496369377,19.44299249309856]]]},"properties":{"_id":485,"id":484,"g_pnt_2":"19.4431990344,-99.097221617","geo_shp":"{\"type\": \"Polygon\", \"coordinates\": [[[-99.08958496369377, 19.442992493098558], [-99.09310356485136, 19.440440551851562], [-99.0934812822831, 19.440267285540234], [-99.09439252862471, 19.439856140334474], [-99.0980029236792, 19.441129266115418], [-99.1002","deleg":"VENUSTIANO CARRANZA","zona":"NORTE","sctr_18":"MOCTEZUMA","cv_sctr":6,"zp":9,"are_km2":0.5790035749367,"x":-99.096706,"y":19.443212,"fech_cr":"2018-08-17T00:00:00","anio":2018,"mes":8,"dia":17}},
{"type":"Feature","geometry":{"type":"Polygon","coordinates":[[[-99.0667879818093,19.445863926745165],[-99.06182677385571,19.444148701421927],[-99.05148294014388,19.447984643230615],[-99.05047336589386,19.449475515907352],[-99.05122702104472,19.45153743772473],[-99.05810407950406,19.44928994738504],[-99.06610863697418,19.44634660839135],[-99.0667879818093,19.445863926745165]]]},"properties":{"_id":486,"id":485,"g_pnt_2":"19.4475812531,-99.0578807381","geo_shp":"{\"type\": \"Polygon\", \"coordinates\": [[[-99.05115618537388, 19.451378755638878], [-99.05047336589386, 19.449475515907352], [-99.05064333835857, 19.449207590924267], [-99.05081228295678, 19.449006002827673], [-99.05120781617165, 19.44832363512334], [-99.051","deleg":"GUSTAVO A MADERO","zona":"NORTE","sctr_18":"ARAGON","cv_sctr":1,"zp":5,"are_km2":0.577855754750524,"x":-99.058631,"y":19.447842,"fech_cr":"2018-08-17T00:00:00","anio":2018,"mes":8,"dia":17}},
{"type":"Feature","geometry":{"type":"Polygon","coordinates":[[[-99.18957617133356,19.2357484972885],[-99.19016368156358,19.234996116810755],[-99.19312358024808,19.23381673802551],[-99.19561782960776,19.233541326871663],[-99.20097307450789,19.23384643025259],[-99.20375752225016,19.23281890905585],[-99.208158599676,19.232094995390607],[-99.21254580097605,19.232226788945535],[-99.21656082487588,19.232878505305024],[-99.22002703193002,19.231841976635483],[-99.2269068219092,19.231866478497743],[-99.22987731344412,19.23299440499525],[-99.228896640918,19.23036145598751],[-99.22626832781468,19.225826353567967],[-99.224031054232,19.222960390378212],[-99.2236600002943,19.22055604405192],[-99.22300796558626,19.21944798087473],[-99.22303303797644,19.215889011306597],[-99.2253810206928,19.21232602346861],[-99.22933993383404,19.20836396192993],[-99.22930195110968,19.20738403066514],[-99.22589704440388,19.207541992865835],[-99.22439206078045,19.20848703613497],[-99.21998699635348,19.208903961635592],[-99.22050098440047,19.207765020881386],[-99.2162870490465,19.206877006524284],[-99.21611703189669,19.208752932781636],[-99.2145410129016,19.208230043741167],[-99.20955703784236,19.2092250077216],[-99.20567997726508,19.208952026044862],[-99.20461100818076,19.20941397477092],[-99.2021819906292,19.20904503156569],[-99.19794098574194,19.210367025695763],[-99.19694194803476,19.209825014114696],[-99.19790905173376,19.207688043835528],[-99.19633100799064,19.203318012858745],[-99.19496602943047,19.205165011266928],[-99.19315705035818,19.205540011200156],[-99.1931060327913,19.210160967596895],[-99.18927400304078,19.21157903605255],[-99.18875602527407,19.212172005112],[-99.18987732822131,19.21299157912195],[-99.19405640465637,19.219341207767663],[-99.19403521148134,19.226411936758353],[-99.19371704651962,19.22915608655725],[-99.19299573626336,19.23025775331063],[-99.19127742088251,19.23210057388817],[-99.18903405202892,19.23543038204426],[-99.18957617133356,19.2357484972885]]]},"properties":{"_id":487,"id":486,"g_pnt_2":"19.2205002258,-99.2087624689","geo_shp":"{\"type\": \"Polygon\", \"coordinates\": [[[-99.23041420031518, 19.23244431816531], [-99.23055870364382, 19.232567322416138], [-99.22987731344412, 19.23299440499525], [-99.22853075952963, 19.23258694625323], [-99.22754294893043, 19.232076723394155], [-99.22690","deleg":"TLALPAN","zona":"SUR","sctr_18":"FUENTE","cv_sctr":4,"zp":11,"are_km2":9.487122864032388,"x":-99.20945,"y":19.218329,"fech_cr":"2018-08-17T00:00:00","anio":2018,"mes":8,"dia":17}},
{"type":"Feature","geometry":{"type":"Polygon","coordinates":[[[-99.19187498929196,19.402995007132464],[-99.1919009663941,19.400618963962287],[-99.1895435032774,19.39718339821508],[-99.18862605461013,19.394936489755096],[-99.18497391011616,19.395196009703103],[-99.18459608550836,19.399233906689187],[-99.1839269891058,19.40716599640962],[-99.1860637281109,19.403171952442147],[-99.19187498929196,19.402995007132464]]]},"properties":{"_id":511,"id":510,"g_pnt_2":"19.3999371415,-99.1875129148","geo_shp":"{\"type\": \"Polygon\", \"coordinates\": [[[-99.19187498929196, 19.402995007132464], [-99.19028703472921, 19.403168573966237], [-99.18923339214349, 19.403184315149538], [-99.18738950570888, 19.40309801748879], [-99.18650819139387, 19.40314510674956], [-99.1860","deleg":"MIGUEL HIDALGO","zona":"PONIENTE","sctr_18":"TACUBAYA","cv_sctr":5,"zp":9,"are_km2":0.615566862096623,"x":-99.188761,"y":19.398441,"fech_cr":"2018-08-17T00:00:00","anio":2018,"mes":8,"dia":17}},
{"type":"Feature","geometry":{"type":"Polygon","coordinates":[[[-99.12409398297493,19.43321615226925],[-99.12944894346666,19.433864573203913],[-99.13013973697204,19.428920904531843],[-99.12808785402876,19.42862005234232],[-99.1248332046432,19.428487205598188],[-99.1247307128281,19.429117204613544],[-99.12409398297493,19.43321615226925]]]},"properties":{"_id":488,"id":487,"g_pnt_2":"19.4310727729,-99.1271427227","geo_shp":"{\"type\": \"Polygon\", \"coordinates\": [[[-99.12409398297491, 19.43321615226925], [-99.12437582028895, 19.43129192144173], [-99.12457289491007, 19.43014743137076], [-99.1247307128281, 19.429117204613544], [-99.1248332046432, 19.428487205598188], [-99.1262514","deleg":"CUAUHTEMOC","zona":"CENTRO","sctr_18":"CENTRO","cv_sctr":2,"zp":8,"are_km2":0.312576130494189,"x":-99.127177,"y":19.430735,"fech_cr":"2018-08-17T00:00:00","anio":2018,"mes":8,"dia":17}},
{"type":"Feature","geometry":{"type":"Polygon","coordinates":[[[-99.12707787880812,19.442379222347004],[-99.12687288514256,19.44460742931873],[-99.12740056126144,19.446190011859542],[-99.13001401844636,19.446540356592916],[-99.1322798158094,19.44684193315558],[-99.1323999814199,19.442770996790433],[-99.12845396878528,19.442484988557663],[-99.12707787880812,19.442379222347004]]]},"properties":{"_id":489,"id":488,"g_pnt_2":"19.44450362,-99.129791021","geo_shp":"{\"type\": \"Polygon\", \"coordinates\": [[[-99.12687288514255, 19.44460742931873], [-99.12707787880812, 19.442379222347004], [-99.12845396878528, 19.442484988557666], [-99.13047010642762, 19.442659965849533], [-99.1323999814199, 19.442770996790433], [-99.1322","deleg":"CUAUHTEMOC","zona":"CENTRO","sctr_18":"MORELOS","cv_sctr":3,"zp":4,"are_km2":0.235080312031638,"x":-99.129637,"y":19.444611,"fech_cr":"2018-08-17T00:00:00","anio":2018,"mes":8,"dia":17}},
{"type":"Feature","geometry":{"type":"Polygon","coordinates":[[[-99.10648946041866,19.348752069228993],[-99.10754101789873,19.343163198982115],[-99.09893819437563,19.340656285877472],[-99.09381043213978,19.33953424221805],[-99.09242153035936,19.341817360024425],[-99.09164977415634,19.34486638255307],[-99.0962472258634,19.34508489600929],[-99.10600823359168,19.34781666664689],[-99.10648946041866,19.348752069228993]]]},"properties":{"_id":490,"id":489,"g_pnt_2":"19.3436522689,-99.0996343007","geo_shp":"{\"type\": \"Polygon\", \"coordinates\": [[[-99.10648946041866, 19.348752069228993], [-99.10567604811888, 19.348559585893213], [-99.10607000894439, 19.347939363995145], [-99.10600823359167, 19.34781666664689], [-99.10263751422224, 19.346903158025285], [-99.099","deleg":"IZTAPALAPA","zona":"ORIENTE","sctr_18":"GRANJAS","cv_sctr":5,"zp":6,"are_km2":0.902481247061455,"x":-99.099152,"y":19.344131,"fech_cr":"2018-08-17T00:00:00","anio":2018,"mes":8,"dia":17}},
{"type":"Feature","geometry":{"type":"Polygon","coordinates":[[[-99.09764075190608,19.41629597795025],[-99.09046843176294,19.412147484987315],[-99.0888433969313,19.41509404664596],[-99.08990004801244,19.415709357999017],[-99.09593633420522,19.419188508043472],[-99.09764075190608,19.41629597795025]]]},"properties":{"_id":491,"id":490,"g_pnt_2":"19.4156603361,-99.0931810146","geo_shp":"{\"type\": \"Polygon\", \"coordinates\": [[[-99.09426692329285, 19.414339192951317], [-99.09764075190608, 19.41629597795025], [-99.09753875998098, 19.41633055688063], [-99.09743887707847, 19.416387909706295], [-99.0973535885337, 19.416480863318167], [-99.09725","deleg":"VENUSTIANO CARRANZA","zona":"NORTE","sctr_18":"ZARAGOZA","cv_sctr":7,"zp":4,"are_km2":0.319892230499976,"x":-99.092314,"y":19.415668,"fech_cr":"2018-08-17T00:00:00","anio":2018,"mes":8,"dia":17}},
{"type":"Feature","geometry":{"type":"Polygon","coordinates":[[[-99.04814808651098,19.299551013078975],[-99.05949542814508,19.30379961625612],[-99.06297914889451,19.304951677192715],[-99.06437577598813,19.300991707379055],[-99.06233433825612,19.29684096730558],[-99.06133211608812,19.29334193790824],[-99.0593230248078,19.291846925786743],[-99.05517998201074,19.29679916478322],[-99.05491303853708,19.29120498985853],[-99.04814808651098,19.299551013078975]]]},"properties":{"_id":492,"id":491,"g_pnt_2":"19.2985089796,-99.0573923358","geo_shp":"{\"type\": \"Polygon\", \"coordinates\": [[[-99.04814808651098, 19.299551013078975], [-99.04854000639584, 19.29909196693611], [-99.05272749140194, 19.293909852897084], [-99.05491303853708, 19.29120498985853], [-99.05504502200307, 19.29397017460536], [-99.05517","deleg":"TLAHUAC","zona":"ORIENTE","sctr_18":"ZAPOTITLA","cv_sctr":4,"zp":4,"are_km2":1.363145876006879,"x":-99.056261,"y":19.298079,"fech_cr":"2018-08-17T00:00:00","anio":2018,"mes":8,"dia":17}},
{"type":"Feature","geometry":{"type":"Polygon","coordinates":[[[-99.2227432361906,19.322244445123417],[-99.2235601897064,19.32622856440921],[-99.22436553370623,19.327118338667848],[-99.2302169148994,19.32668880039516],[-99.23215764719949,19.325504560601715],[-99.23278451713784,19.32731972131998],[-99.23629304666044,19.324421042808257],[-99.23898805236286,19.324100034124935],[-99.23728571737487,19.322881795940425],[-99.2347232275662,19.317659829677424],[-99.2364267509372,19.316842422009213],[-99.23454094202702,19.315529045409416],[-99.23207674749256,19.315940523739588],[-99.23097271612878,19.316614245601716],[-99.2307233839389,19.316799383788663],[-99.22987513222996,19.318093309594385],[-99.22574496872976,19.321450671691473],[-99.2227432361906,19.322244445123417]]]},"properties":{"_id":517,"id":516,"g_pnt_2":"19.3222472301,-99.2306539504","geo_shp":"{\"type\": \"Polygon\", \"coordinates\": [[[-99.2227432361906, 19.322244445123417], [-99.22394891126618, 19.321710191440246], [-99.22409613669362, 19.32182027155864], [-99.2246459489618, 19.321797543017354], [-99.2252341737177, 19.32167182505279], [-99.2257449","deleg":"MAGDALENA CONTRERAS","zona":"SUR","sctr_18":"SAN JERONIMO","cv_sctr":2,"zp":5,"are_km2":1.262778279269938,"x":-99.230283,"y":19.321421,"fech_cr":"2018-08-17T00:00:00","anio":2018,"mes":8,"dia":17}},
{"type":"Feature","geometry":{"type":"Polygon","coordinates":[[[-99.1533770375766,19.425075020484545],[-99.15626357049752,19.424406661045097],[-99.15699905608676,19.42423602734785],[-99.16094944136628,19.423269239699135],[-99.15949847060662,19.41753780984108],[-99.15396457664389,19.418609939053106],[-99.1536925300202,19.421842145849343],[-99.1533770375766,19.425075020484545]]]},"properties":{"_id":493,"id":492,"g_pnt_2":"19.4213093972,-99.1568943655","geo_shp":"{\"type\": \"Polygon\", \"coordinates\": [[[-99.1533770375766, 19.425075020484545], [-99.15369253002021, 19.421842145849343], [-99.15382499099721, 19.42048800374995], [-99.15396457664389, 19.418609939053102], [-99.15708641839299, 19.418005083026866], [-99.1594","deleg":"CUAUHTEMOC","zona":"CENTRO","sctr_18":"ROMA","cv_sctr":4,"zp":10,"are_km2":0.466365012016683,"x":-99.157161,"y":19.421306,"fech_cr":"2018-08-17T00:00:00","anio":2018,"mes":8,"dia":17}},
{"type":"Feature","geometry":{"type":"Polygon","coordinates":[[[-99.15491303380804,19.40578198665052],[-99.1564217341648,19.405727281351016],[-99.16283179032104,19.40541970055213],[-99.16197096430017,19.40164929767809],[-99.15737596988852,19.4030441504338],[-99.15506697370633,19.403297022465175],[-99.15491303380804,19.40578198665052]]]},"properties":{"_id":494,"id":493,"g_pnt_2":"19.4041026845,-99.1590215566","geo_shp":"{\"type\": \"Polygon\", \"coordinates\": [[[-99.15491303380803, 19.40578198665052], [-99.15506697370631, 19.403297022465175], [-99.15665205331553, 19.403161724033875], [-99.15737596988853, 19.4030441504338], [-99.1599679555902, 19.40224096411544], [-99.1619709","deleg":"CUAUHTEMOC","zona":"CENTRO","sctr_18":"ROMA","cv_sctr":4,"zp":15,"are_km2":0.264449779794894,"x":-99.160474,"y":19.404226,"fech_cr":"2018-08-17T00:00:00","anio":2018,"mes":8,"dia":17}},
{"type":"Feature","geometry":{"type":"Polygon","coordinates":[[[-99.2938823928764,19.369313990535343],[-99.29216480283591,19.367774020660036],[-99.29210045848929,19.366023883068852],[-99.28779663735844,19.366629485816116],[-99.2870166596185,19.36492575447922],[-99.28365217302157,19.364036656276227],[-99.28260115644088,19.36724541129608],[-99.28107801263133,19.36763611978405],[-99.2807020016038,19.36736710524437],[-99.27901512734816,19.366726936937948],[-99.27821883941202,19.369724155434007],[-99.27674555035752,19.37163335725247],[-99.27683033729518,19.37182527951374],[-99.27826873772923,19.37354024930648],[-99.27872611677503,19.377918314408163],[-99.28012548666996,19.380265965915633],[-99.27994572344517,19.380783650554584],[-99.28234243400068,19.38073023941616],[-99.28401499463624,19.379394576515615],[-99.28546936598056,19.375709440498415],[-99.2872264508814,19.375973287435013],[-99.28814302296114,19.374471581207462],[-99.29006421905784,19.374816480179717],[-99.29275089505408,19.371565386694844],[-99.2938823928764,19.369313990535343]]]},"properties":{"_id":495,"id":494,"g_pnt_2":"19.371867754,-99.2845271223","geo_shp":"{\"type\": \"Polygon\", \"coordinates\": [[[-99.2938823928764, 19.369313990535346], [-99.29361689570011, 19.369462727602958], [-99.29335515266361, 19.36984725171724], [-99.29321003166933, 19.370431411056856], [-99.29301219398141, 19.370930068164295], [-99.2928","deleg":"CUAJIMALPA","zona":"PONIENTE","sctr_18":"CUAJIMALPA","cv_sctr":6,"zp":1,"are_km2":1.83699252373691,"x":-99.285319,"y":19.373122,"fech_cr":"2018-08-17T00:00:00","anio":2018,"mes":8,"dia":17}},
{"type":"Feature","geometry":{"type":"Polygon","coordinates":[[[-99.14659609843396,19.555041860285197],[-99.15174352286677,19.557833381962364],[-99.15247102662472,19.558566710420955],[-99.15515262170302,19.554055398871515],[-99.1595752341765,19.548097407018933],[-99.15078000963553,19.544094715066652],[-99.15068398632596,19.544266057493775],[-99.15225837718232,19.54509167665607],[-99.14659609843396,19.555041860285197]]]},"properties":{"_id":496,"id":495,"g_pnt_2":"19.5514689557,-99.152865324","geo_shp":"{\"type\": \"Polygon\", \"coordinates\": [[[-99.14659609843396, 19.555041860285197], [-99.14767031442015, 19.55329176142751], [-99.14928479938992, 19.550678301821954], [-99.14909594572467, 19.55056539767265], [-99.14915607368002, 19.55043538758219], [-99.15225","deleg":"GUSTAVO A MADERO","zona":"NORTE","sctr_18":"CUAUTEPEC","cv_sctr":1,"zp":7,"are_km2":1.02259575077863,"x":-99.153086,"y":19.551329,"fech_cr":"2018-08-17T00:00:00","anio":2018,"mes":8,"dia":17}},
{"type":"Feature","geometry":{"type":"Polygon","coordinates":[[[-99.10528485598644,19.380049072426026],[-99.10087635527724,19.37961305774327],[-99.10080359858752,19.379609573340034],[-99.09999097003003,19.384998970111496],[-99.10340135004238,19.3858190477809],[-99.10462887225522,19.383254242322057],[-99.10483840299506,19.38299329183086],[-99.10528485598644,19.380049072426026]]]},"properties":{"_id":497,"id":496,"g_pnt_2":"19.3824729361,-99.102453258","geo_shp":"{\"type\": \"Polygon\", \"coordinates\": [[[-99.10528485598644, 19.380049072426022], [-99.1052273695247, 19.380543290740082], [-99.10517680018555, 19.380687381970585], [-99.104837142889, 19.381023873280615], [-99.10477220660792, 19.381188578776804], [-99.10467","deleg":"IZTACALCO","zona":"NORTE","sctr_18":"TLACOTAL","cv_sctr":3,"zp":11,"are_km2":0.268775503898083,"x":-99.102638,"y":19.382695,"fech_cr":"2018-08-17T00:00:00","anio":2018,"mes":8,"dia":17}},
{"type":"Feature","geometry":{"type":"Polygon","coordinates":[[[-99.09924914457712,19.390390129160306],[-99.11333399594793,19.391654502650898],[-99.1139498885966,19.390293122459735],[-99.11222427320486,19.389373248327463],[-99.09955203368156,19.38811009864849],[-99.09943268028032,19.38900860758217],[-99.09924914457712,19.390390129160306]]]},"properties":{"_id":498,"id":497,"g_pnt_2":"19.3899511959,-99.106570585","geo_shp":"{\"type\": \"Polygon\", \"coordinates\": [[[-99.11089469477322, 19.391460791131358], [-99.10786707276569, 19.39117828453518], [-99.10430316422092, 19.390851208601266], [-99.09924914457713, 19.390390129160302], [-99.09943268028032, 19.38900860758217], [-99.0995","deleg":"IZTACALCO","zona":"NORTE","sctr_18":"TLACOTAL","cv_sctr":3,"zp":8,"are_km2":0.373571233800612,"x":-99.10855,"y":19.389888,"fech_cr":"2018-08-17T00:00:00","anio":2018,"mes":8,"dia":17}},
{"type":"Feature","geometry":{"type":"Polygon","coordinates":[[[-99.09023681531468,19.38662363793987],[-99.09217832815416,19.38714314906448],[-99.09190292122211,19.388342870529463],[-99.09943268028032,19.38900860758217],[-99.09955203368156,19.38811009864849],[-99.09999097003003,19.384998970111496],[-99.09241241873984,19.383274867278946],[-99.09023681531468,19.38662363793987]]]},"properties":{"_id":499,"id":498,"g_pnt_2":"19.3863148142,-99.0954097443","geo_shp":"{\"type\": \"Polygon\", \"coordinates\": [[[-99.09116386587309, 19.386896839091662], [-99.09023681531467, 19.38662363793987], [-99.09241241873985, 19.383274867278942], [-99.09999097003003, 19.384998970111496], [-99.09955203368155, 19.388110098648486], [-99.099","deleg":"IZTACALCO","zona":"NORTE","sctr_18":"TLACOTAL","cv_sctr":3,"zp":15,"are_km2":0.448840649717598,"x":-99.094032,"y":19.386968,"fech_cr":"2018-08-17T00:00:00","anio":2018,"mes":8,"dia":17}},
{"type":"Feature","geometry":{"type":"Polygon","coordinates":[[[-99.21602226405176,19.42684838769519],[-99.21708921421606,19.42418940400392],[-99.21884971618894,19.421570158291672],[-99.21844676043374,19.41983079849746],[-99.21450114063984,19.419307971442613],[-99.21281541382392,19.41969550236185],[-99.21080837608592,19.42036374007181],[-99.2102925023576,19.42296330632914],[-99.2123461606646,19.426334142028455],[-99.21439626912004,19.426062681007796],[-99.21602226405176,19.42684838769519]]]},"properties":{"_id":500,"id":499,"g_pnt_2":"19.4227271223,-99.2144457149","geo_shp":"{\"type\": \"Polygon\", \"coordinates\": [[[-99.216481515767, 19.42657942157603], [-99.21635379678239, 19.426665341405112], [-99.21617941044065, 19.426757281584756], [-99.21602226405176, 19.42684838769519], [-99.21590260561464, 19.426835154256384], [-99.215621","deleg":"MIGUEL HIDALGO","zona":"PONIENTE","sctr_18":"CHAPULTEPEC","cv_sctr":2,"zp":8,"are_km2":0.555071280141511,"x":-99.214572,"y":19.423046,"fech_cr":"2018-08-17T00:00:00","anio":2018,"mes":8,"dia":17}},
{"type":"Feature","geometry":{"type":"Polygon","coordinates":[[[-99.21683680570362,19.39725420582165],[-99.21893378779166,19.396560940401784],[-99.21780082456316,19.396264599047942],[-99.21886935591502,19.393387967789987],[-99.21873556733958,19.392189456787143],[-99.21545121203827,19.391340850175418],[-99.21522842227289,19.38856011767037],[-99.2149592598989,19.38701091879616],[-99.20776323082195,19.389800279255653],[-99.20337444857846,19.38917250926712],[-99.20160261339284,19.390013182958302],[-99.19711900403465,19.39247879965934],[-99.19934099049132,19.393219368489355],[-99.20028361235046,19.395690872238813],[-99.20302283686934,19.39584816313939],[-99.20576710482132,19.395088892123265],[-99.21176358271688,19.39698037852569],[-99.21459862965784,19.395234583098738],[-99.2163619842256,19.395768610295864],[-99.21683680570362,19.39725420582165]]]},"properties":{"_id":501,"id":500,"g_pnt_2":"19.392576404,-99.2089701531","geo_shp":"{\"type\": \"Polygon\", \"coordinates\": [[[-99.21683680570362, 19.397254205821646], [-99.21689193570998, 19.397172529532472], [-99.21694102710089, 19.397061759004632], [-99.2169838018154, 19.39692767870873], [-99.21700819554972, 19.396793620343086], [-99.2170","deleg":"ALVARO OBREGON","zona":"PONIENTE","sctr_18":"PLATEROS","cv_sctr":2,"zp":3,"are_km2":1.393793593025391,"x":-99.214781,"y":19.393135,"fech_cr":"2018-08-17T00:00:00","anio":2018,"mes":8,"dia":17}},
{"type":"Feature","geometry":{"type":"Polygon","coordinates":[[[-99.17577023153112,19.467592365609892],[-99.17690630742104,19.46606534220432],[-99.17744197973374,19.459949304479277],[-99.178512117327,19.45821564329614],[-99.16796233177948,19.45645976216676],[-99.17120621468536,19.461842364746072],[-99.17279046692371,19.464540953774808],[-99.17577023153112,19.467592365609892]]]},"properties":{"_id":504,"id":503,"g_pnt_2":"19.461078004,-99.1739513977","geo_shp":"{\"type\": \"Polygon\", \"coordinates\": [[[-99.17744197973374, 19.459949304479277], [-99.17690630742105, 19.46606534220432], [-99.17577023153112, 19.467592365609892], [-99.17567220937266, 19.46734600373179], [-99.17298042271277, 19.464784066439858], [-99.1727","deleg":"AZCAPOTZALCO","zona":"PONIENTE","sctr_18":"CUITLAHUAC","cv_sctr":2,"zp":4,"are_km2":0.6594882761885,"x":-99.172999,"y":19.462025,"fech_cr":"2018-08-17T00:00:00","anio":2018,"mes":8,"dia":17}},
{"type":"Feature","geometry":{"type":"Polygon","coordinates":[[[-99.1523037779798,19.47253054468731],[-99.15163815270088,19.472447504563092],[-99.14550834004083,19.47243852209373],[-99.14663226040716,19.47547571616202],[-99.14768984386208,19.478341421374644],[-99.15055881169098,19.479688110430367],[-99.15166363071756,19.47699396768903],[-99.1523037779798,19.47253054468731]]]},"properties":{"_id":505,"id":504,"g_pnt_2":"19.475371508,-99.1492400508","geo_shp":"{\"type\": \"Polygon\", \"coordinates\": [[[-99.1523037779798, 19.47253054468731], [-99.15216521202464, 19.47342222626022], [-99.15202099416769, 19.474385309893243], [-99.15185747871804, 19.475398568493627], [-99.15156880986767, 19.47698085206364], [-99.151663","deleg":"AZCAPOTZALCO","zona":"PONIENTE","sctr_18":"LA RAZA","cv_sctr":4,"zp":6,"are_km2":0.383986610265748,"x":-99.148053,"y":19.475668,"fech_cr":"2018-08-17T00:00:00","anio":2018,"mes":8,"dia":17}},
{"type":"Feature","geometry":{"type":"Polygon","coordinates":[[[-99.20456643033432,19.446079281428748],[-99.20490567735696,19.43947579604888],[-99.2055610194629,19.43783299988841],[-99.2005742699308,19.43762131416661],[-99.20041073084384,19.440514725986375],[-99.19883512853296,19.443613218140428],[-99.19921431318348,19.44379265185253],[-99.20456643033432,19.446079281428748]]]},"properties":{"_id":506,"id":505,"g_pnt_2":"19.4415083577,-99.2024945586","geo_shp":"{\"type\": \"Polygon\", \"coordinates\": [[[-99.20456643033431, 19.446079281428748], [-99.20241705444515, 19.44510770288486], [-99.19921431318348, 19.443792651852526], [-99.19883512853296, 19.443613218140428], [-99.20029529200272, 19.440764564386637], [-99.200","deleg":"MIGUEL HIDALGO","zona":"PONIENTE","sctr_18":"SOTELO","cv_sctr":3,"zp":8,"are_km2":0.417065530588291,"x":-99.202199,"y":19.441858,"fech_cr":"2018-08-17T00:00:00","anio":2018,"mes":8,"dia":17}},
{"type":"Feature","geometry":{"type":"Polygon","coordinates":[[[-99.18864465541662,19.447630320116644],[-99.19028153315494,19.44761894017475],[-99.19057310542998,19.44586875999919],[-99.19364918955895,19.446284127482123],[-99.19395738922468,19.444609298339692],[-99.19240615790444,19.44419232505388],[-99.19273981285632,19.442203592050607],[-99.19167944885228,19.441576687187737],[-99.18946847951746,19.439129165692226],[-99.18328050569323,19.437613575102137],[-99.18210393266811,19.44676116303163],[-99.18864465541662,19.447630320116644]]]},"properties":{"_id":507,"id":506,"g_pnt_2":"19.443147941,-99.1873190582","geo_shp":"{\"type\": \"Polygon\", \"coordinates\": [[[-99.18864465541662, 19.447630320116644], [-99.18538616904104, 19.447173752255974], [-99.18210393266813, 19.44676116303163], [-99.18231544103621, 19.445409546865857], [-99.18267160233079, 19.442904125005878], [-99.183","deleg":"MIGUEL HIDALGO","zona":"PONIENTE","sctr_18":"TACUBA","cv_sctr":4,"zp":9,"are_km2":0.934163465128997,"x":-99.187964,"y":19.443833,"fech_cr":"2018-08-17T00:00:00","anio":2018,"mes":8,"dia":17}},
{"type":"Feature","geometry":{"type":"Polygon","coordinates":[[[-99.16932983728556,19.43556662496883],[-99.1746604205082,19.439021109982914],[-99.17639542522518,19.4407694890366],[-99.18197594824308,19.447579562578664],[-99.18210393266811,19.44676116303163],[-99.18328050569323,19.437613575102137],[-99.18303940416472,19.436769246787925],[-99.17937504628084,19.435701035821673],[-99.17353514884122,19.432449168015346],[-99.17186710835374,19.43140021342253],[-99.17085473820477,19.4330744078496],[-99.17021902362347,19.434124733199617],[-99.16932983728556,19.43556662496883]]]},"properties":{"_id":508,"id":507,"g_pnt_2":"19.4384111448,-99.1774524613","geo_shp":"{\"type\": \"Polygon\", \"coordinates\": [[[-99.16932983728555, 19.43556662496883], [-99.17021902362347, 19.434124733199614], [-99.17085473820475, 19.4330744078496], [-99.17186710835374, 19.43140021342253], [-99.17353514884122, 19.432449168015342], [-99.175724","deleg":"MIGUEL HIDALGO","zona":"PONIENTE","sctr_18":"TACUBA","cv_sctr":4,"zp":10,"are_km2":1.058863883412981,"x":-99.176308,"y":19.439491,"fech_cr":"2018-08-17T00:00:00","anio":2018,"mes":8,"dia":17}},
{"type":"Feature","geometry":{"type":"Polygon","coordinates":[[[-99.16314970454084,19.45559681060126],[-99.16650562790124,19.45619991690571],[-99.16796233177948,19.45645976216676],[-99.16862545913033,19.456209435865155],[-99.1744960067534,19.451599007390016],[-99.1725183145016,19.45017674250733],[-99.17120815973904,19.4482589235232],[-99.16820420035648,19.44450495057048],[-99.16535359105768,19.442941882519737],[-99.1643726806351,19.447518643493183],[-99.16330799369892,19.455067060424025],[-99.16314970454084,19.45559681060126]]]},"properties":{"_id":509,"id":508,"g_pnt_2":"19.450577573,-99.1678094911","geo_shp":"{\"type\": \"Polygon\", \"coordinates\": [[[-99.16314970454083, 19.45559681060126], [-99.16330799369891, 19.455067060424025], [-99.16392526582122, 19.451086672469227], [-99.16401029937401, 19.44924290909354], [-99.1643726806351, 19.447518643493183], [-99.16535","deleg":"MIGUEL HIDALGO","zona":"PONIENTE","sctr_18":"TACUBA","cv_sctr":4,"zp":13,"are_km2":1.016692532074323,"x":-99.168819,"y":19.44969,"fech_cr":"2018-08-17T00:00:00","anio":2018,"mes":8,"dia":17}},
{"type":"Feature","geometry":{"type":"Polygon","coordinates":[[[-99.21557676121397,19.40814062646937],[-99.21779095370074,19.4081709737131],[-99.219265015922,19.40735996543797],[-99.22102601418398,19.404983989894372],[-99.2225000136797,19.405910995610768],[-99.2242609979278,19.40475200556546],[-99.22821297851144,19.404945011469437],[-99.2290126977327,19.404240239991783],[-99.23372097692486,19.398687991616928],[-99.239108243493,19.3940412107942],[-99.23894298680314,19.391807307664077],[-99.23766835205517,19.392785231019513],[-99.23525516578316,19.392976172769092],[-99.2321608014076,19.394209820357386],[-99.22795781801658,19.394956682371628],[-99.22402094668416,19.394980374223316],[-99.21893378779166,19.396560940401784],[-99.21683680570362,19.39725420582165],[-99.21167262544007,19.399186318797447],[-99.2108867240907,19.399936910342507],[-99.20250238761062,19.405182351888502],[-99.20303857717856,19.40984132387668],[-99.20552382082477,19.418026052178075],[-99.20615195983297,19.418373924195382],[-99.20704982083784,19.41869726571187],[-99.20816800299411,19.416553059975733],[-99.21172289206936,19.414481126732287],[-99.21021497580668,19.4122270686985],[-99.21029698123336,19.409483941551255],[-99.21338906037349,19.40724395744098],[-99.21557676121397,19.40814062646937]]]},"properties":{"_id":510,"id":509,"g_pnt_2":"19.4032054163,-99.2180105674","geo_shp":"{\"type\": \"Polygon\", \"coordinates\": [[[-99.2284579584847, 19.404888037311423], [-99.22821297851144, 19.404945011469437], [-99.22716900755543, 19.404384988011422], [-99.22684094479018, 19.404693944801952], [-99.22645200957686, 19.404926066051367], [-99.226","deleg":"MIGUEL HIDALGO","zona":"PONIENTE","sctr_18":"TACUBAYA","cv_sctr":5,"zp":1,"are_km2":3.959837470356698,"x":-99.218475,"y":19.404468,"fech_cr":"2018-08-17T00:00:00","anio":2018,"mes":8,"dia":17}},
{"type":"Feature","geometry":{"type":"Polygon","coordinates":[[[-99.13518745158385,19.409616985666982],[-99.14398130168864,19.410152403265624],[-99.14408050067829,19.40912518703777],[-99.14465651186684,19.403161635380897],[-99.13620320065482,19.40269440878165],[-99.13552583481577,19.40740194747477],[-99.13518745158385,19.409616985666982]]]},"properties":{"_id":512,"id":511,"g_pnt_2":"19.4064429789,-99.1400081905","geo_shp":"{\"type\": \"Polygon\", \"coordinates\": [[[-99.13518745158383, 19.409616985666986], [-99.13552583481575, 19.40740194747477], [-99.13552848376922, 19.407380345321755], [-99.13554003538938, 19.40729800297496], [-99.13620320065482, 19.40269440878165], [-99.13971","deleg":"CUAUHTEMOC","zona":"CENTRO","sctr_18":"ASTURIAS","cv_sctr":1,"zp":7,"are_km2":0.699812414848208,"x":-99.139922,"y":19.406424,"fech_cr":"2018-08-17T00:00:00","anio":2018,"mes":8,"dia":17}},
{"type":"Feature","geometry":{"type":"Polygon","coordinates":[[[-99.14709907332836,19.444638972596746],[-99.1529078538138,19.44567757088096],[-99.15536799526777,19.439139965711345],[-99.1530549270142,19.438135945617763],[-99.14882985378938,19.437199720142846],[-99.14709907332836,19.444638972596746]]]},"properties":{"_id":513,"id":512,"g_pnt_2":"19.4414776517,-99.1510308383","geo_shp":"{\"type\": \"Polygon\", \"coordinates\": [[[-99.14709907332836, 19.444638972596742], [-99.14751794722163, 19.442728064612982], [-99.14767310965615, 19.441858331635515], [-99.148366462577, 19.43936074158845], [-99.14882985378938, 19.437199720142846], [-99.15182","deleg":"CUAUHTEMOC","zona":"CENTRO","sctr_18":"BUENAVISTA","cv_sctr":2,"zp":5,"are_km2":0.550147667000735,"x":-99.151233,"y":19.441438,"fech_cr":"2018-08-17T00:00:00","anio":2018,"mes":8,"dia":17}},
{"type":"Feature","geometry":{"type":"Polygon","coordinates":[[[-99.13855164976076,19.47364408619489],[-99.1427236754434,19.48404048008307],[-99.14896112781648,19.48175923461519],[-99.14768984386208,19.478341421374644],[-99.14663226040716,19.47547571616202],[-99.13855164976076,19.47364408619489]]]},"properties":{"_id":514,"id":513,"g_pnt_2":"19.478706189,-99.1439135839","geo_shp":"{\"type\": \"Polygon\", \"coordinates\": [[[-99.13855164976076, 19.47364408619489], [-99.13935302301836, 19.47380452281551], [-99.14226135432838, 19.47446038529878], [-99.144857880503, 19.47504984292267], [-99.14663226040715, 19.47547571616202], [-99.147147196","deleg":"GUSTAVO A MADERO","zona":"NORTE","sctr_18":"LINDAVISTA","cv_sctr":2,"zp":11,"are_km2":0.705308199270729,"x":-99.143086,"y":19.477347,"fech_cr":"2018-08-17T00:00:00","anio":2018,"mes":8,"dia":17}},
{"type":"Feature","geometry":{"type":"Polygon","coordinates":[[[-99.15272017357748,19.356971848651696],[-99.15388528354464,19.36109335804763],[-99.15644234937037,19.36149119073935],[-99.1607428894992,19.363367571827684],[-99.16730115294736,19.36567261964764],[-99.16945442683786,19.362505422551617],[-99.17129287124249,19.359010786401303],[-99.16982023639788,19.35788777687106],[-99.16308706031994,19.35740724725072],[-99.1586230863956,19.357219770137835],[-99.15272017357748,19.356971848651696]]]},"properties":{"_id":515,"id":514,"g_pnt_2":"19.3604425807,-99.1625735954","geo_shp":"{\"type\": \"Polygon\", \"coordinates\": [[[-99.15272017357748, 19.356971848651696], [-99.15862308639561, 19.357219770137835], [-99.16308706031994, 19.35740724725072], [-99.16982023639787, 19.35788777687106], [-99.17129287124247, 19.359010786401303], [-99.1703","deleg":"BENITO JUAREZ","zona":"SUR","sctr_18":"PORTALES","cv_sctr":5,"zp":1,"are_km2":1.166266107412566,"x":-99.16201,"y":19.361321,"fech_cr":"2018-08-17T00:00:00","anio":2018,"mes":8,"dia":17}},
{"type":"Feature","geometry":{"type":"Polygon","coordinates":[[[-99.1224264900393,19.33691266146134],[-99.12676208719002,19.338054335675277],[-99.12956793151125,19.331394934240883],[-99.13053221936984,19.325166019115223],[-99.1259419185502,19.322051742058314],[-99.125332296625,19.328677785049347],[-99.12405446839276,19.32858602131179],[-99.12345376297176,19.33137251534685],[-99.1224264900393,19.33691266146134]]]},"properties":{"_id":516,"id":515,"g_pnt_2":"19.3306684621,-99.1265905566","geo_shp":"{\"type\": \"Polygon\", \"coordinates\": [[[-99.1224264900393, 19.33691266146134], [-99.12261168691913, 19.335544213138462], [-99.12345376297176, 19.33137251534685], [-99.12405446839277, 19.32858602131179], [-99.125332296625, 19.328677785049347], [-99.12554123","deleg":"COYOACAN","zona":"SUR","sctr_18":"TAXQUEA","cv_sctr":3,"zp":12,"are_km2":0.864823889552324,"x":-99.126479,"y":19.330053,"fech_cr":"2018-08-17T00:00:00","anio":2018,"mes":8,"dia":17}},
{"type":"Feature","geometry":{"type":"Polygon","coordinates":[[[-99.10957411011546,19.362041304615857],[-99.12193619148896,19.3633153640211],[-99.12153286167626,19.356912726359955],[-99.11989863309635,19.357105501055244],[-99.1165166608049,19.3564093464425],[-99.1108860675157,19.35590267856406],[-99.10957411011546,19.362041304615857]]]},"properties":{"_id":518,"id":517,"g_pnt_2":"19.3596360794,-99.1159688643","geo_shp":"{\"type\": \"Polygon\", \"coordinates\": [[[-99.10957411011546, 19.362041304615854], [-99.1108860675157, 19.35590267856406], [-99.11293034413625, 19.356066723585258], [-99.11483692670795, 19.356205978597185], [-99.11537569751303, 19.35627034863765], [-99.11651","deleg":"IZTAPALAPA","zona":"ORIENTE","sctr_18":"CHURUBUSCO","cv_sctr":3,"zp":4,"are_km2":0.837336605320254,"x":-99.115753,"y":19.359609,"fech_cr":"2018-08-17T00:00:00","anio":2018,"mes":8,"dia":17}},
{"type":"Feature","geometry":{"type":"Polygon","coordinates":[[[-99.09314860003298,19.32884890188488],[-99.092000930815,19.32859859466584],[-99.09121657584063,19.330293218491448],[-99.08203929141484,19.328544422168797],[-99.0748282377427,19.32744599395491],[-99.07434776333572,19.338156187692615],[-99.07583841618566,19.34277145519879],[-99.07960770851444,19.34325129160056],[-99.08129564796852,19.342304830080725],[-99.08192290549148,19.344282925344565],[-99.0836159879064,19.344093356495325],[-99.08639001134976,19.34201047462412],[-99.08794143384272,19.339221477916738],[-99.08950840093584,19.338149824841825],[-99.09107594132662,19.338149048294444],[-99.09166566057348,19.33665498308322],[-99.09269468505612,19.330863482397707],[-99.09314860003298,19.32884890188488]]]},"properties":{"_id":519,"id":518,"g_pnt_2":"19.3353268314,-99.0825080239","geo_shp":"{\"type\": \"Polygon\", \"coordinates\": [[[-99.09314860003298, 19.328848901884882], [-99.09273419131655, 19.330354181226596], [-99.09271180690766, 19.33066961248502], [-99.09269468505613, 19.330863482397707], [-99.09264094718392, 19.331121449044858], [-99.092","deleg":"IZTAPALAPA","zona":"ORIENTE","sctr_18":"ESTRELLA","cv_sctr":4,"zp":3,"are_km2":2.625350332137829,"x":-99.082767,"y":19.334185,"fech_cr":"2018-08-17T00:00:00","anio":2018,"mes":8,"dia":17}},
{"type":"Feature","geometry":{"type":"Polygon","coordinates":[[[-99.0353895686642,19.33795227328495],[-99.04117302535008,19.335976294965334],[-99.04745830159324,19.337481190646628],[-99.0473159306734,19.330397744127733],[-99.04795593316618,19.32867379225733],[-99.04858714899424,19.32625483109561],[-99.04753426908896,19.325944749499424],[-99.04256744735464,19.324139585116725],[-99.03619286182048,19.325230110767283],[-99.0358291569334,19.32761047607579],[-99.03399753811271,19.33036329738823],[-99.03238267380884,19.33526028473505],[-99.03590967056864,19.33621184892137],[-99.0353895686642,19.33795227328495]]]},"properties":{"_id":520,"id":519,"g_pnt_2":"19.3310013311,-99.0409380849","geo_shp":"{\"type\": \"Polygon\", \"coordinates\": [[[-99.03538956866421, 19.33795227328495], [-99.03590967056863, 19.33621184892137], [-99.03511381784668, 19.33598876978767], [-99.03417820214783, 19.335732273490216], [-99.03399159238839, 19.335675821999033], [-99.03315","deleg":"IZTAPALAPA","zona":"ORIENTE","sctr_18":"QUETZAL","cv_sctr":2,"zp":3,"are_km2":1.853150154130057,"x":-99.041712,"y":19.331045,"fech_cr":"2018-08-17T00:00:00","anio":2018,"mes":8,"dia":17}},
{"type":"Feature","geometry":{"type":"Polygon","coordinates":[[[-99.15689832841676,19.23454095519894],[-99.1572227503562,19.234919455160977],[-99.15857938748992,19.23568162583875],[-99.16041596826692,19.2393029556612],[-99.16050693195504,19.23940400992609],[-99.1611833497572,19.239518558295902],[-99.16130718067754,19.23956400018532],[-99.1624890411057,19.240278032745795],[-99.1664879645249,19.241185006398812],[-99.1696910556785,19.24481899989954],[-99.1744341125229,19.24464625518085],[-99.17501599687314,19.246300987325665],[-99.17785436674218,19.24754990634631],[-99.18177297473184,19.24778393254764],[-99.18310799093636,19.24841597571281],[-99.18035498877936,19.25019302535421],[-99.17889606966102,19.252098014387776],[-99.17962800394136,19.253940028627763],[-99.18232008051632,19.257156924749875],[-99.18457100553482,19.258329047254275],[-99.18357102822124,19.25981696284484],[-99.18406200731934,19.261059988719392],[-99.18352198253903,19.26200598203022],[-99.18266012538604,19.26313025090184],[-99.18175198507848,19.2660470399636],[-99.18197586670132,19.26817071332928],[-99.18249057203712,19.26822515043273],[-99.18924296885922,19.268856086685783],[-99.19414494735334,19.268439001481855],[-99.19372438698817,19.26444254819636],[-99.19574217421402,19.26282506374913],[-99.19295139588232,19.26078646840001],[-99.19523254547298,19.2537006246493],[-99.19304211862236,19.25170729812642],[-99.19342934673028,19.250366211956013],[-99.19527244198396,19.25050596789954],[-99.19422449141427,19.247168133118667],[-99.19434869474246,19.244041620586017],[-99.1952514710506,19.242026479045865],[-99.18957617133356,19.2357484972885],[-99.18903405202892,19.23543038204426],[-99.18574064587185,19.233172021714346],[-99.18378093647028,19.234248694459477],[-99.18213420671408,19.233839296805773],[-99.1808878621213,19.232572426046424],[-99.17851188830534,19.231901344510153],[-99.17501698719664,19.233228408026378],[-99.17103329973143,19.23384593582038],[-99.16515952468664,19.233591127396423],[-99.1634788249461,19.234760602929565],[-99.15880743524184,19.232894683059364],[-99.15823555374844,19.234510883119828],[-99.15689832841676,19.23454095519894]]]},"properties":{"_id":521,"id":520,"g_pnt_2":"19.2469449179,-99.1821977292","geo_shp":"{\"type\": \"Polygon\", \"coordinates\": [[[-99.15689832841677, 19.23454095519894], [-99.15707614863676, 19.23453610302424], [-99.15823555374843, 19.234510883119828], [-99.15843304430878, 19.23448052575779], [-99.15857313376011, 19.23441994095227], [-99.158655","deleg":"TLALPAN","zona":"SUR","sctr_18":"FUENTE","cv_sctr":4,"zp":12,"are_km2":7.521115145503959,"x":-99.175079,"y":19.246255,"fech_cr":"2018-08-17T00:00:00","anio":2018,"mes":8,"dia":17}},
{"type":"Feature","geometry":{"type":"Polygon","coordinates":[[[-99.14087856203489,19.45047963583078],[-99.14218520019767,19.443824617590177],[-99.13932648586456,19.443066584615387],[-99.13896703836376,19.44316500964122],[-99.13881950030766,19.44330999682203],[-99.13808687191064,19.4492359374368],[-99.14087856203489,19.45047963583078]]]},"properties":{"_id":522,"id":521,"g_pnt_2":"19.4466737517,-99.1401071349","geo_shp":"{\"type\": \"Polygon\", \"coordinates\": [[[-99.14087856203487, 19.45047963583078], [-99.13961433164197, 19.45003125957799], [-99.13808687191064, 19.4492359374368], [-99.13894223767083, 19.444023428785933], [-99.13881973541646, 19.443586550076], [-99.138819500","deleg":"CUAUHTEMOC","zona":"CENTRO","sctr_18":"BUENAVISTA","cv_sctr":2,"zp":9,"are_km2":0.239211625103351,"x":-99.140136,"y":19.446773,"fech_cr":"2018-08-17T00:00:00","anio":2018,"mes":8,"dia":17}},
{"type":"Feature","geometry":{"type":"Polygon","coordinates":[[[-99.12910621511362,19.43641742673066],[-99.12370754186472,19.435768031927456],[-99.1231131861472,19.439530922701795],[-99.12865304768104,19.439551029562377],[-99.12910621511362,19.43641742673066]]]},"properties":{"_id":523,"id":522,"g_pnt_2":"19.4378160176,-99.126058992","geo_shp":"{\"type\": \"Polygon\", \"coordinates\": [[[-99.12910621511362, 19.43641742673066], [-99.12881682576506, 19.438369143549817], [-99.12865304768104, 19.439551029562377], [-99.12722486328123, 19.439554657419897], [-99.1231131861472, 19.439530922701795], [-99.1235","deleg":"CUAUHTEMOC","zona":"CENTRO","sctr_18":"CENTRO","cv_sctr":2,"zp":6,"are_km2":0.222158994279915,"x":-99.126109,"y":19.437639,"fech_cr":"2018-08-17T00:00:00","anio":2018,"mes":8,"dia":17}},
{"type":"Feature","geometry":{"type":"Polygon","coordinates":[[[-99.14810302550616,19.376927890189517],[-99.1487124359018,19.373629062888373],[-99.14252866104886,19.372790155114313],[-99.1418772282542,19.37256688909324],[-99.14083463674623,19.37225634790177],[-99.14071298113168,19.373080414984784],[-99.14022577907814,19.376381020389555],[-99.14102039673834,19.377322140898293],[-99.1457844305526,19.37819739855665],[-99.14612369692004,19.376562467112787],[-99.14810302550616,19.376927890189517]]]},"properties":{"_id":537,"id":536,"g_pnt_2":"19.3752448828,-99.1441692265","geo_shp":"{\"type\": \"Polygon\", \"coordinates\": [[[-99.14846397452702, 19.374974084496113], [-99.14810302550615, 19.376927890189517], [-99.14612369692004, 19.376562467112787], [-99.14578443055261, 19.37819739855665], [-99.14387442869733, 19.37784518106566], [-99.1410","deleg":"BENITO JUAREZ","zona":"SUR","sctr_18":"PORTALES","cv_sctr":5,"zp":5,"are_km2":0.40286951885677,"x":-99.14351,"y":19.374716,"fech_cr":"2018-08-17T00:00:00","anio":2018,"mes":8,"dia":17}},
{"type":"Feature","geometry":{"type":"Polygon","coordinates":[[[-99.13707127317352,19.42558504552182],[-99.13642858171151,19.429800988849284],[-99.14102065134216,19.430449279209583],[-99.1411539367599,19.429589689713332],[-99.14173107273714,19.42604148748702],[-99.13707127317352,19.42558504552182]]]},"properties":{"_id":524,"id":523,"g_pnt_2":"19.4279616612,-99.1390824506","geo_shp":"{\"type\": \"Polygon\", \"coordinates\": [[[-99.13707127317352, 19.42558504552182], [-99.13912958490134, 19.4257429956311], [-99.14173107273714, 19.42604148748702], [-99.14162287106313, 19.42671081435805], [-99.14136650992904, 19.42833048124613], [-99.14115393","deleg":"CUAUHTEMOC","zona":"CENTRO","sctr_18":"CENTRO","cv_sctr":1,"zp":12,"are_km2":0.238500159534252,"x":-99.139148,"y":19.427587,"fech_cr":"2018-08-17T00:00:00","anio":2018,"mes":8,"dia":17}},
{"type":"Feature","geometry":{"type":"Polygon","coordinates":[[[-99.16051193430332,19.436839282171455],[-99.16170301670228,19.432824042144595],[-99.15885806657234,19.4316150507386],[-99.15680977996954,19.43584430528213],[-99.15891551843872,19.437208430843693],[-99.16051193430332,19.436839282171455]]]},"properties":{"_id":525,"id":524,"g_pnt_2":"19.4344957419,-99.1593503512","geo_shp":"{\"type\": \"Polygon\", \"coordinates\": [[[-99.16051193430332, 19.436839282171455], [-99.15911855536471, 19.437243319191424], [-99.15891551843873, 19.437208430843693], [-99.15769626089545, 19.436220137962437], [-99.15731754360797, 19.43596641701639], [-99.156","deleg":"CUAUHTEMOC","zona":"CENTRO","sctr_18":"REVOLUCION","cv_sctr":3,"zp":3,"are_km2":0.195797534556569,"x":-99.159256,"y":19.434411,"fech_cr":"2018-08-17T00:00:00","anio":2018,"mes":8,"dia":17}},
{"type":"Feature","geometry":{"type":"Polygon","coordinates":[[[-99.1654353593215,19.442784190741612],[-99.16668802878944,19.440292980808113],[-99.16291696634964,19.43947596427086],[-99.16219502960824,19.44184105121291],[-99.1654353593215,19.442784190741612]]]},"properties":{"_id":526,"id":525,"g_pnt_2":"19.4410434731,-99.1643605174","geo_shp":"{\"type\": \"Polygon\", \"coordinates\": [[[-99.1654353593215, 19.442784190741612], [-99.16543459692714, 19.442783920306187], [-99.1645770170386, 19.442401954199774], [-99.16219502960824, 19.44184105121291], [-99.16291696634963, 19.43947596427086], [-99.166281","deleg":"CUAUHTEMOC","zona":"CENTRO","sctr_18":"ANGEL-ZONA ROSA","cv_sctr":3,"zp":8,"are_km2":0.107638387498789,"x":-99.164263,"y":19.441182,"fech_cr":"2018-08-17T00:00:00","anio":2018,"mes":8,"dia":17}},
{"type":"Feature","geometry":{"type":"Polygon","coordinates":[[[-99.11676368649252,19.46681484503992],[-99.1112423745174,19.464895732424743],[-99.1081810294334,19.471844576496434],[-99.10782284911726,19.47311919223391],[-99.11104699596916,19.4747430316254],[-99.11455689301596,19.470161277648696],[-99.11676368649252,19.46681484503992]]]},"properties":{"_id":527,"id":526,"g_pnt_2":"19.4696313981,-99.1118979474","geo_shp":"{\"type\": \"Polygon\", \"coordinates\": [[[-99.11676368649253, 19.46681484503992], [-99.11455689301596, 19.470161277648696], [-99.11340705406438, 19.47168900610624], [-99.1122701206516, 19.473171078867605], [-99.1111347677559, 19.47462575923132], [-99.1110469","deleg":"GUSTAVO A MADERO","zona":"NORTE","sctr_18":"CUCHILLA","cv_sctr":2,"zp":2,"are_km2":0.523998910752126,"x":-99.112285,"y":19.469819,"fech_cr":"2018-08-17T00:00:00","anio":2018,"mes":8,"dia":17}},
{"type":"Feature","geometry":{"type":"Polygon","coordinates":[[[-99.10743691880576,19.433413314166778],[-99.10929887772944,19.432861082835444],[-99.11017438860291,19.42986663010291],[-99.1101715109151,19.42658702513439],[-99.10591670102684,19.424351455889525],[-99.09908576706454,19.42097908892389],[-99.0996555273146,19.42278794909625],[-99.10643622029404,19.43239788401575],[-99.10743691880576,19.433413314166778]]]},"properties":{"_id":528,"id":527,"g_pnt_2":"19.4274357382,-99.1057972449","geo_shp":"{\"type\": \"Polygon\", \"coordinates\": [[[-99.10743691880577, 19.433413314166778], [-99.10697310147026, 19.432980591293262], [-99.10643622029404, 19.43239788401575], [-99.10621655969845, 19.43211567450431], [-99.10586015790874, 19.431616187478806], [-99.1048","deleg":"VENUSTIANO CARRANZA","zona":"NORTE","sctr_18":"MERCED-BALBUENA","cv_sctr":3,"zp":6,"are_km2":0.694622118940944,"x":-99.104649,"y":19.427208,"fech_cr":"2018-08-17T00:00:00","anio":2018,"mes":8,"dia":17}},
{"type":"Feature","geometry":{"type":"Polygon","coordinates":[[[-99.08115430059158,19.40085542636559],[-99.08241419978036,19.398880201235382],[-99.08303529513604,19.39557372752669],[-99.07300886713531,19.393900983921384],[-99.07237627204536,19.396629193549003],[-99.07176286645196,19.399293405339005],[-99.08115430059158,19.40085542636559]]]},"properties":{"_id":543,"id":542,"g_pnt_2":"19.3973967533,-99.0773800064","geo_shp":"{\"type\": \"Polygon\", \"coordinates\": [[[-99.08115430059158, 19.40085542636559], [-99.07713813899102, 19.400153676525054], [-99.07176286645195, 19.399293405339005], [-99.07237627204537, 19.396629193549003], [-99.07300886713531, 19.393900983921384], [-99.083","deleg":"IZTACALCO","zona":"NORTE","sctr_18":"PANTITLAN","cv_sctr":2,"zp":11,"are_km2":0.649162172625996,"x":-99.078659,"y":19.398246,"fech_cr":"2018-08-17T00:00:00","anio":2018,"mes":8,"dia":17}},
{"type":"Feature","geometry":{"type":"Polygon","coordinates":[[[-99.09770496887032,19.40213299329678],[-99.09224557084192,19.40135796710975],[-99.09106759113288,19.40077716276715],[-99.0901992806004,19.39904840307685],[-99.08834438672272,19.397629663975188],[-99.08882815211322,19.39455604968991],[-99.08611500917928,19.393057629639664],[-99.08241419978036,19.398880201235382],[-99.08115430059158,19.40085542636559],[-99.0770000575156,19.407679829376292],[-99.07963774331456,19.406259405133156],[-99.08713372016666,19.407310941351128],[-99.0927158933715,19.408120671900384],[-99.09714342778862,19.408395455968527],[-99.09770496887032,19.40213299329678]]]},"properties":{"_id":529,"id":528,"g_pnt_2":"19.4026785578,-99.0879945785","geo_shp":"{\"type\": \"Polygon\", \"coordinates\": [[[-99.09770496887033, 19.40213299329678], [-99.0971032677338, 19.407328391436504], [-99.09714342778862, 19.408395455968527], [-99.09612310882032, 19.408468662006072], [-99.09504969476504, 19.408468684403843], [-99.0927","deleg":"IZTACALCO","zona":"NORTE","sctr_18":"TLACOTAL","cv_sctr":3,"zp":3,"are_km2":1.822230391825049,"x":-99.087327,"y":19.400611,"fech_cr":"2018-08-17T00:00:00","anio":2018,"mes":8,"dia":17}},
{"type":"Feature","geometry":{"type":"Polygon","coordinates":[[[-99.06927978411518,19.41979404983713],[-99.0633483002034,19.420150675506996],[-99.05759355247524,19.42016379839554],[-99.05557395198294,19.421374670599192],[-99.05404825573088,19.425313051560803],[-99.05955995274508,19.425957344139245],[-99.06294523274435,19.429653084009587],[-99.06295094928235,19.429655883721964],[-99.06714877242712,19.42341690199882],[-99.06927978411518,19.41979404983713]]]},"properties":{"_id":530,"id":529,"g_pnt_2":"19.4235155586,-99.0616365693","geo_shp":"{\"type\": \"Polygon\", \"coordinates\": [[[-99.06927978411518, 19.41979404983713], [-99.06915205886743, 19.42026234346559], [-99.06714877242712, 19.42341690199882], [-99.06640704226724, 19.424621000329292], [-99.06628218276992, 19.424668945912412], [-99.06621","deleg":"VENUSTIANO CARRANZA","zona":"NORTE","sctr_18":"ARENAL","cv_sctr":2,"zp":2,"are_km2":0.939232121376274,"x":-99.061665,"y":19.424629,"fech_cr":"2018-08-17T00:00:00","anio":2018,"mes":8,"dia":17}},
{"type":"Feature","geometry":{"type":"Polygon","coordinates":[[[-99.07342796636162,19.48937103361575],[-99.07418905254646,19.486617941334934],[-99.07609249788698,19.48194585243117],[-99.0660050993998,19.479825142806696],[-99.06373702765332,19.47944899364524],[-99.06732921079058,19.487674684625343],[-99.07342796636162,19.48937103361575]]]},"properties":{"_id":531,"id":530,"g_pnt_2":"19.4841441582,-99.070047261","geo_shp":"{\"type\": \"Polygon\", \"coordinates\": [[[-99.07342796636162, 19.489371033615754], [-99.07163947742264, 19.48906582514236], [-99.07103831887937, 19.488940980719562], [-99.07045191347882, 19.48877437455108], [-99.06927906485889, 19.488343820868256], [-99.0683","deleg":"GUSTAVO A MADERO","zona":"NORTE","sctr_18":"PRADERA","cv_sctr":3,"zp":8,"are_km2":0.847269592997483,"x":-99.069907,"y":19.484402,"fech_cr":"2018-08-17T00:00:00","anio":2018,"mes":8,"dia":17}},
{"type":"Feature","geometry":{"type":"Polygon","coordinates":[[[-99.09213845942884,19.49105767319666],[-99.08640838321485,19.48911152713427],[-99.08550083667603,19.49150503982919],[-99.0820514287481,19.497059010377168],[-99.08870144654124,19.499163182986212],[-99.08964213914976,19.496920387934345],[-99.09213845942884,19.49105767319666]]]},"properties":{"_id":532,"id":531,"g_pnt_2":"19.4942260291,-99.08734624","geo_shp":"{\"type\": \"Polygon\", \"coordinates\": [[[-99.09213845942884, 19.49105767319666], [-99.09092228062995, 19.49388119998558], [-99.08964213914976, 19.496920387934342], [-99.08889741505027, 19.498704426089414], [-99.08870144654125, 19.499163182986212], [-99.0860","deleg":"GUSTAVO A MADERO","zona":"NORTE","sctr_18":"PRADERA","cv_sctr":3,"zp":2,"are_km2":0.650041653000121,"x":-99.083905,"y":19.494282,"fech_cr":"2018-08-17T00:00:00","anio":2018,"mes":8,"dia":17}},
{"type":"Feature","geometry":{"type":"Polygon","coordinates":[[[-99.14622226725304,19.301717685627047],[-99.14849143409808,19.303827543390952],[-99.15117574984276,19.30488638117477],[-99.15360650261276,19.30510496514345],[-99.1578897209324,19.30647686739941],[-99.16298501470446,19.308103896184335],[-99.16332199026682,19.307255214581673],[-99.16470827492871,19.303632693546113],[-99.16485587898192,19.3011354087634],[-99.16070204348394,19.300295250379538],[-99.15868974888602,19.298964653459603],[-99.15638259541322,19.296208839378178],[-99.1513044706762,19.29725762067497],[-99.14738206711722,19.300327818627025],[-99.14622226725304,19.301717685627047]]]},"properties":{"_id":549,"id":548,"g_pnt_2":"19.3020849049,-99.1561019084","geo_shp":"{\"type\": \"Polygon\", \"coordinates\": [[[-99.14622226725305, 19.301717685627047], [-99.14738206711722, 19.300327818627025], [-99.15028847776112, 19.298052975966574], [-99.1509746208801, 19.29751547205153], [-99.1513044706762, 19.29725762067497], [-99.156382","deleg":"COYOACAN","zona":"SUR","sctr_18":"XOTEPINGO","cv_sctr":5,"zp":4,"are_km2":1.463757558616915,"x":-99.157177,"y":19.302388,"fech_cr":"2018-08-17T00:00:00","anio":2018,"mes":8,"dia":17}},
{"type":"Feature","geometry":{"type":"Polygon","coordinates":[[[-99.13620320065482,19.40269440878165],[-99.13072456557664,19.402404524592143],[-99.1285186310686,19.402835119202095],[-99.12540634993871,19.40362484177644],[-99.12648629843412,19.4081777562638],[-99.13363287163072,19.407778686392575],[-99.13552583481577,19.40740194747477],[-99.13620320065482,19.40269440878165]]]},"properties":{"_id":533,"id":532,"g_pnt_2":"19.4052586967,-99.1308885806","geo_shp":"{\"type\": \"Polygon\", \"coordinates\": [[[-99.13620320065482, 19.40269440878165], [-99.13554003538938, 19.40729800297496], [-99.13552848376922, 19.407380345321755], [-99.13552583481575, 19.40740194747477], [-99.13508885660954, 19.407637163483574], [-99.13363","deleg":"CUAUHTEMOC","zona":"CENTRO","sctr_18":"ASTURIAS","cv_sctr":1,"zp":3,"are_km2":0.606047625037782,"x":-99.130343,"y":19.404824,"fech_cr":"2018-08-17T00:00:00","anio":2018,"mes":8,"dia":17}},
{"type":"Feature","geometry":{"type":"Polygon","coordinates":[[[-99.15115475573128,19.289381989694476],[-99.147213295124,19.284662029545675],[-99.1446214998538,19.283212259117853],[-99.1407227157766,19.28193635690009],[-99.13851475274872,19.28150964973676],[-99.14022098192098,19.28295657418124],[-99.1396558733876,19.286803155555955],[-99.14647256830229,19.28980760072005],[-99.14700552719415,19.28849623297768],[-99.1493987454342,19.290522383609815],[-99.15115475573128,19.289381989694476]]]},"properties":{"_id":534,"id":533,"g_pnt_2":"19.2861556172,-99.1446504136","geo_shp":"{\"type\": \"Polygon\", \"coordinates\": [[[-99.15115475573128, 19.289381989694476], [-99.1493987454342, 19.290522383609815], [-99.1482915646093, 19.28958181362668], [-99.14700552719415, 19.288496232977682], [-99.14647256830227, 19.28980760072005], [-99.139655","deleg":"TLALPAN","zona":"SUR","sctr_18":"COAPA","cv_sctr":3,"zp":7,"are_km2":0.610634618573658,"x":-99.144835,"y":19.285708,"fech_cr":"2018-08-17T00:00:00","anio":2018,"mes":8,"dia":17}},
{"type":"Feature","geometry":{"type":"Polygon","coordinates":[[[-99.12498162495268,19.296033476635284],[-99.1193460723845,19.297419856728435],[-99.11905209940704,19.296817676199524],[-99.11810059392664,19.2972342158047],[-99.11754674552624,19.30097750612792],[-99.12441672958758,19.303208372685067],[-99.12481086322298,19.2977794339167],[-99.12498162495268,19.296033476635284]]]},"properties":{"_id":535,"id":534,"g_pnt_2":"19.2994088278,-99.1216000411","geo_shp":"{\"type\": \"Polygon\", \"coordinates\": [[[-99.12498162495267, 19.296033476635284], [-99.12481086322298, 19.2977794339167], [-99.12441672958758, 19.303208372685067], [-99.12169397688538, 19.302163445539644], [-99.11968905012326, 19.301534833548075], [-99.1175","deleg":"TLALPAN","zona":"SUR","sctr_18":"COAPA","cv_sctr":3,"zp":11,"are_km2":0.426669898205491,"x":-99.121512,"y":19.299562,"fech_cr":"2018-08-17T00:00:00","anio":2018,"mes":8,"dia":17}},
{"type":"Feature","geometry":{"type":"Polygon","coordinates":[[[-99.10920404239458,19.29893624781438],[-99.11340626615376,19.29997312855562],[-99.11518160227376,19.28908330620324],[-99.11479330533729,19.288567217966342],[-99.11001430184226,19.29064100277029],[-99.1104337459619,19.29149202513392],[-99.10920404239458,19.29893624781438]]]},"properties":{"_id":536,"id":535,"g_pnt_2":"19.2944136576,-99.1121902998","geo_shp":"{\"type\": \"Polygon\", \"coordinates\": [[[-99.10920404239458, 19.29893624781438], [-99.1104337459619, 19.29149202513392], [-99.11001430184226, 19.290641002770286], [-99.11375171812588, 19.28900286159], [-99.11479330533727, 19.288567217966342], [-99.115181602","deleg":"TLALPAN","zona":"SUR","sctr_18":"COAPA","cv_sctr":3,"zp":13,"are_km2":0.509086495210571,"x":-99.111992,"y":19.294535,"fech_cr":"2018-08-17T00:00:00","anio":2018,"mes":8,"dia":17}},
{"type":"Feature","geometry":{"type":"Polygon","coordinates":[[[-99.09812894195368,19.277454572322043],[-99.0936862377924,19.276095709952656],[-99.09458839970416,19.273380087107103],[-99.08975697712008,19.27148167713346],[-99.0906187320076,19.270666939097406],[-99.09248856341596,19.264767429208412],[-99.081149862481,19.261562103186808],[-99.08132539015016,19.25935189936617],[-99.0840849671613,19.24995467379559],[-99.0897306964646,19.251511029715083],[-99.09248179778268,19.252528321144062],[-99.0933854641824,19.247952064297824],[-99.0931928633125,19.245232567245967],[-99.0907069667148,19.24542587173606],[-99.087790978529,19.24668654501186],[-99.08683804100608,19.24597318604255],[-99.08495752480128,19.241819342984183],[-99.08214536419506,19.24212393892364],[-99.07959418999113,19.244803269461165],[-99.07503953693848,19.24545556150277],[-99.07341744147443,19.2463940830283],[-99.07115471341056,19.24875938328551],[-99.06865530344356,19.25280118443702],[-99.06499918832476,19.254569248712667],[-99.06307069525128,19.25964388960865],[-99.06161577089244,19.259289467425926],[-99.06068955562796,19.262301203321016],[-99.05702001281118,19.278379696674783],[-99.064386924935,19.28106158856344],[-99.0689636942688,19.28395800215645],[-99.07219499888652,19.28696988846778],[-99.07446385497104,19.288406359717204],[-99.09812894195368,19.277454572322043]]]},"properties":{"_id":550,"id":549,"g_pnt_2":"19.2670440993,-99.0762687817","geo_shp":"{\"type\": \"Polygon\", \"coordinates\": [[[-99.09812894195368, 19.277454572322043], [-99.07446385497103, 19.288406359717204], [-99.07219499888652, 19.28696988846778], [-99.0718205234579, 19.286619457253394], [-99.0689636942688, 19.28395800215645], [-99.068716","deleg":"XOCHIMILCO","zona":"ORIENTE","sctr_18":"TEPEPAN","cv_sctr":6,"zp":2,"are_km2":12.300500516363924,"x":-99.077105,"y":19.262871,"fech_cr":"2018-08-17T00:00:00","anio":2018,"mes":8,"dia":17}},
{"type":"Feature","geometry":{"type":"Polygon","coordinates":[[[-99.2335761922767,19.348684519469504],[-99.23449270390392,19.349831678575747],[-99.23702208766451,19.35142618847088],[-99.23632806304828,19.353324655304775],[-99.23858211295104,19.35442775575484],[-99.23939422189908,19.356539985134336],[-99.23663727940072,19.35911075836901],[-99.2370633173714,19.36052316417656],[-99.2392190031225,19.360964007314795],[-99.23920601907145,19.362180955399435],[-99.24238141645998,19.36081359454816],[-99.24650530345656,19.35589686303283],[-99.246917684166,19.35387754493193],[-99.24849935063288,19.35248701646424],[-99.25310854466794,19.35012507398396],[-99.25532324747311,19.3496393681436],[-99.25775092264516,19.34745622777255],[-99.26273650162244,19.34593917148999],[-99.26442664263092,19.343931885029697],[-99.26632909602532,19.343126020903057],[-99.26779627511748,19.341402542923287],[-99.26642737270896,19.339971615530544],[-99.26359606123302,19.338834084790097],[-99.25792198324486,19.341800347525968],[-99.2536223433684,19.345406748848713],[-99.25295198264072,19.34763051357383],[-99.25071876670378,19.34770147396345],[-99.2465232271748,19.348559549088193],[-99.2436585987822,19.347500112077753],[-99.2408406207614,19.345830339029288],[-99.24523107103414,19.343226762509445],[-99.2447035593399,19.34241570086861],[-99.24086464826696,19.34423170991388],[-99.23615339799238,19.347800739349136],[-99.2335761922767,19.348684519469504]]]},"properties":{"_id":551,"id":550,"g_pnt_2":"19.3495284342,-99.2480970006","geo_shp":"{\"type\": \"Polygon\", \"coordinates\": [[[-99.2335761922767, 19.348684519469504], [-99.23508961832434, 19.34826322117527], [-99.23615339799238, 19.347800739349136], [-99.23780014374512, 19.34668523692772], [-99.23851250094307, 19.346164273603048], [-99.23909","deleg":"ALVARO OBREGON","zona":"PONIENTE","sctr_18":"SANTA FE","cv_sctr":5,"zp":6,"are_km2":2.744334452787013,"x":-99.251085,"y":19.350319,"fech_cr":"2018-08-17T00:00:00","anio":2018,"mes":8,"dia":17}},
{"type":"Feature","geometry":{"type":"Polygon","coordinates":[[[-99.12345376297176,19.33137251534685],[-99.1187397293272,19.332170702724422],[-99.11644426598087,19.33179675260636],[-99.11546075730097,19.33357150051059],[-99.11344447323644,19.333285635121612],[-99.11293096394972,19.332189034702285],[-99.1126812600416,19.335115813223155],[-99.11357294395944,19.337067155353505],[-99.11376990732488,19.338010308438943],[-99.11378778229592,19.338251335577777],[-99.11673577397454,19.338366601249927],[-99.11923172721708,19.336892636642283],[-99.1224264900393,19.33691266146134],[-99.12345376297176,19.33137251534685]]]},"properties":{"_id":538,"id":537,"g_pnt_2":"19.3348538365,-99.1179866842","geo_shp":"{\"type\": \"Polygon\", \"coordinates\": [[[-99.12345376297176, 19.33137251534685], [-99.12261168691913, 19.335544213138462], [-99.1224264900393, 19.33691266146134], [-99.12076682639723, 19.336553069800715], [-99.11996038008819, 19.33658306557449], [-99.119231","deleg":"COYOACAN","zona":"SUR","sctr_18":"TAXQUEA","cv_sctr":3,"zp":10,"are_km2":0.597607829974963,"x":-99.118069,"y":19.335162,"fech_cr":"2018-08-17T00:00:00","anio":2018,"mes":8,"dia":17}},
{"type":"Feature","geometry":{"type":"Polygon","coordinates":[[[-99.14351487813754,19.3565513966514],[-99.14503074870422,19.351219440890112],[-99.1451960263719,19.34894766180178],[-99.14425674013576,19.345007931962986],[-99.13675546816587,19.344661332810094],[-99.13587419327754,19.34807764490976],[-99.13386068832271,19.355896098338533],[-99.13959258460014,19.356317565069496],[-99.14351487813754,19.3565513966514]]]},"properties":{"_id":539,"id":538,"g_pnt_2":"19.3507521753,-99.1399443784","geo_shp":"{\"type\": \"Polygon\", \"coordinates\": [[[-99.14519659883632, 19.34959485723439], [-99.14514592139123, 19.350535369597207], [-99.14503074870422, 19.351219440890112], [-99.14351487813754, 19.3565513966514], [-99.13959258460014, 19.356317565069496], [-99.13588","deleg":"COYOACAN","zona":"SUR","sctr_18":"TAXQUEA","cv_sctr":3,"zp":1,"are_km2":1.248530482509886,"x":-99.139844,"y":19.350916,"fech_cr":"2018-08-17T00:00:00","anio":2018,"mes":8,"dia":17}},
{"type":"Feature","geometry":{"type":"Polygon","coordinates":[[[-99.20793316713112,19.43216765080659],[-99.20158629076552,19.43141157791692],[-99.2005742699308,19.43762131416661],[-99.2055610194629,19.43783299988841],[-99.20793316713112,19.43216765080659]]]},"properties":{"_id":540,"id":539,"g_pnt_2":"19.4345962084,-99.2039722578","geo_shp":"{\"type\": \"Polygon\", \"coordinates\": [[[-99.20793316713112, 19.432167650806594], [-99.20720185502208, 19.43411176873693], [-99.20590300411004, 19.437223744037126], [-99.2055610194629, 19.43783299988841], [-99.2005742699308, 19.437621314166606], [-99.201245","deleg":"MIGUEL HIDALGO","zona":"PONIENTE","sctr_18":"POLANCO-CASTILLO","cv_sctr":1,"zp":2,"are_km2":0.410569579865601,"x":-99.20425,"y":19.434622,"fech_cr":"2018-08-17T00:00:00","anio":2018,"mes":8,"dia":17}},
{"type":"Feature","geometry":{"type":"Polygon","coordinates":[[[-99.2169437947527,19.486632160810895],[-99.21261201090188,19.485263941064375],[-99.21079844340568,19.485252685365253],[-99.20832304732488,19.48438893170459],[-99.20651433518908,19.493610824479617],[-99.21150535553691,19.49505315948852],[-99.211595712578,19.49631280689338],[-99.21343023306498,19.49702046725716],[-99.2169437947527,19.486632160810895]]]},"properties":{"_id":541,"id":540,"g_pnt_2":"19.4901442914,-99.2115034541","geo_shp":"{\"type\": \"Polygon\", \"coordinates\": [[[-99.2169437947527, 19.486632160810895], [-99.21672261588844, 19.487341065441854], [-99.21421286578801, 19.494818884154036], [-99.21375888550781, 19.49576728565467], [-99.21343023306498, 19.497020467257162], [-99.2130","deleg":"AZCAPOTZALCO","zona":"PONIENTE","sctr_18":"CLAVERIA","cv_sctr":1,"zp":3,"are_km2":0.954398239307222,"x":-99.21173,"y":19.491163,"fech_cr":"2018-08-17T00:00:00","anio":2018,"mes":8,"dia":17}},
{"type":"Feature","geometry":{"type":"Polygon","coordinates":[[[-99.20832304732488,19.48438893170459],[-99.19739627197842,19.481587845761776],[-99.19418894848609,19.489149936032497],[-99.19584297790152,19.49085228951806],[-99.19806876109804,19.49189100266221],[-99.20642785439811,19.494324171913895],[-99.20651433518908,19.493610824479617],[-99.20832304732488,19.48438893170459]]]},"properties":{"_id":542,"id":541,"g_pnt_2":"19.4877427598,-99.2015533279","geo_shp":"{\"type\": \"Polygon\", \"coordinates\": [[[-99.20832304732487, 19.48438893170459], [-99.2077917380144, 19.4867229666571], [-99.20701009168314, 19.49116386513464], [-99.20692617454442, 19.49141728555914], [-99.20675783365236, 19.49175087568111], [-99.206687638","deleg":"AZCAPOTZALCO","zona":"PONIENTE","sctr_18":"CLAVERIA","cv_sctr":1,"zp":6,"are_km2":1.368076256322534,"x":-99.201258,"y":19.488122,"fech_cr":"2018-08-17T00:00:00","anio":2018,"mes":8,"dia":17}},
{"type":"Feature","geometry":{"type":"Polygon","coordinates":[[[-99.17864739658798,19.37301585974454],[-99.17932748201316,19.37092005925883],[-99.17508322333406,19.36987671581625],[-99.17564241521984,19.36751849752989],[-99.17167864357285,19.36661054984891],[-99.17242786096304,19.363551192177447],[-99.16945442683786,19.362505422551617],[-99.16730115294736,19.36567261964764],[-99.16316733559614,19.371772703015576],[-99.1635174114905,19.374288409868157],[-99.16058389939684,19.373797289515053],[-99.160114464326,19.37586879529724],[-99.17045501161004,19.378288930594938],[-99.17234913325608,19.3716319268566],[-99.17864739658798,19.37301585974454]]]},"properties":{"_id":571,"id":570,"g_pnt_2":"19.3711603048,-99.1692269566","geo_shp":"{\"type\": \"Polygon\", \"coordinates\": [[[-99.17864739658798, 19.37301585974454], [-99.17454182275506, 19.37214571219087], [-99.17234913325608, 19.371631926856598], [-99.17084999577823, 19.377265486924784], [-99.17068818164816, 19.37724277328529], [-99.17045","deleg":"BENITO JUAREZ","zona":"SUR","sctr_18":"DEL VALLE","cv_sctr":2,"zp":4,"are_km2":1.505668596845652,"x":-99.166964,"y":19.371646,"fech_cr":"2018-08-17T00:00:00","anio":2018,"mes":8,"dia":17}},
{"type":"Feature","geometry":{"type":"Polygon","coordinates":[[[-99.12398648510512,19.316201181913492],[-99.12408500489708,19.314430152809667],[-99.1236650074344,19.31060978591807],[-99.12365550763312,19.310508478264858],[-99.12033799269302,19.310753723451892],[-99.118395206474,19.311430029981576],[-99.1145841717134,19.311081343064355],[-99.1106246390887,19.31013734436578],[-99.11017002879528,19.312281755181772],[-99.11108890323048,19.314976189081086],[-99.11947812049269,19.3158168288592],[-99.12398648510512,19.316201181913492]]]},"properties":{"_id":544,"id":543,"g_pnt_2":"19.3132406915,-99.1174025964","geo_shp":"{\"type\": \"Polygon\", \"coordinates\": [[[-99.12398648510512, 19.316201181913492], [-99.11947812049267, 19.3158168288592], [-99.11419925808161, 19.31537392154796], [-99.11408468452908, 19.31528948952531], [-99.11208435142773, 19.315029626480563], [-99.111088","deleg":"COYOACAN","zona":"SUR","sctr_18":"CULHUACAN","cv_sctr":2,"zp":13,"are_km2":0.739904477005181,"x":-99.117697,"y":19.314293,"fech_cr":"2018-08-17T00:00:00","anio":2018,"mes":8,"dia":17}},
{"type":"Feature","geometry":{"type":"Polygon","coordinates":[[[-99.14475300371652,19.313925347169477],[-99.14470241566796,19.312362747739684],[-99.14559328473284,19.30988007171445],[-99.14673954456872,19.310208220819646],[-99.14800493511784,19.30698955200474],[-99.14849143409808,19.303827543390952],[-99.14622226725304,19.301717685627047],[-99.14146790721756,19.308296906483545],[-99.13942547926264,19.314248711945908],[-99.14345344659974,19.31553962470536],[-99.14475300371652,19.313925347169477]]]},"properties":{"_id":545,"id":544,"g_pnt_2":"19.308986495,-99.1441352812","geo_shp":"{\"type\": \"Polygon\", \"coordinates\": [[[-99.14505379304727, 19.31315635112626], [-99.14475300371652, 19.313925347169477], [-99.14456295232428, 19.313866571249328], [-99.1443729162189, 19.313825057358365], [-99.14411703297023, 19.313811341405568], [-99.1438","deleg":"COYOACAN","zona":"SUR","sctr_18":"XOTEPINGO","cv_sctr":5,"zp":3,"are_km2":0.688110508647104,"x":-99.147066,"y":19.308664,"fech_cr":"2018-08-17T00:00:00","anio":2018,"mes":8,"dia":17}},
{"type":"Feature","geometry":{"type":"Polygon","coordinates":[[[-99.13543698158072,19.436388953238097],[-99.12922608134905,19.435609009160643],[-99.12910621511362,19.43641742673066],[-99.12865304768104,19.439551029562377],[-99.12845396878528,19.442484988557663],[-99.1323999814199,19.442770996790433],[-99.13494703653237,19.442942011385536],[-99.13543698158072,19.436388953238097]]]},"properties":{"_id":546,"id":545,"g_pnt_2":"19.4393811509,-99.1319000979","geo_shp":"{\"type\": \"Polygon\", \"coordinates\": [[[-99.13543698158072, 19.436388953238097], [-99.13528584319135, 19.437244213291265], [-99.1351530867156, 19.438096838523503], [-99.1350445065194, 19.438926309084373], [-99.13502210463926, 19.440060376226388], [-99.1349","deleg":"CUAUHTEMOC","zona":"CENTRO","sctr_18":"CENTRO","cv_sctr":2,"zp":2,"are_km2":0.500246079187663,"x":-99.131736,"y":19.439276,"fech_cr":"2018-08-17T00:00:00","anio":2018,"mes":8,"dia":17}},
{"type":"Feature","geometry":{"type":"Polygon","coordinates":[[[-99.1245199214926,19.451124965433376],[-99.12466798059276,19.451262055860973],[-99.1293619255647,19.452205918426746],[-99.129350946108,19.45193606089454],[-99.13001401844636,19.446540356592916],[-99.12740056126144,19.446190011859542],[-99.12544093642678,19.44646503886555],[-99.12542328329975,19.44853576744295],[-99.1245199214926,19.451124965433376]]]},"properties":{"_id":547,"id":546,"g_pnt_2":"19.4491672569,-99.1275235625","geo_shp":"{\"type\": \"Polygon\", \"coordinates\": [[[-99.12451992149259, 19.451124965433376], [-99.12504132364299, 19.449991551439126], [-99.12542328329975, 19.44853576744295], [-99.12559114508826, 19.447047956600688], [-99.12544093642678, 19.446465038865554], [-99.125","deleg":"CUAUHTEMOC","zona":"CENTRO","sctr_18":"MORELOS","cv_sctr":3,"zp":2,"are_km2":0.274970233431292,"x":-99.127267,"y":19.449199,"fech_cr":"2018-08-17T00:00:00","anio":2018,"mes":8,"dia":17}},
{"type":"Feature","geometry":{"type":"Polygon","coordinates":[[[-99.23240263563656,19.299802317474946],[-99.23033814324616,19.298781131636577],[-99.22507126592085,19.29799390991849],[-99.22192598367972,19.297402349286408],[-99.21883372596452,19.294796052264648],[-99.21796355156826,19.296628243959773],[-99.21707414602064,19.302657521357258],[-99.21604994548528,19.307566986424664],[-99.21897195389012,19.310698987075057],[-99.22457419984885,19.30996716675401],[-99.22825092935511,19.30579103031006],[-99.23159296173704,19.30436056583734],[-99.23261930621308,19.30117551592059],[-99.23240263563656,19.299802317474946]]]},"properties":{"_id":548,"id":547,"g_pnt_2":"19.3032208754,-99.2233384168","geo_shp":"{\"type\": \"Polygon\", \"coordinates\": [[[-99.23222988306944, 19.299668958610624], [-99.232332953956, 19.299796170081713], [-99.23240263563656, 19.299802317474942], [-99.23280987857214, 19.30017813260242], [-99.23181699198048, 19.300822706642627], [-99.23261","deleg":"TLALPAN","zona":"SUR","sctr_18":"PADIERNA","cv_sctr":6,"zp":1,"are_km2":1.868772718949689,"x":-99.224682,"y":19.302515,"fech_cr":"2018-08-17T00:00:00","anio":2018,"mes":8,"dia":17}},
{"type":"Feature","geometry":{"type":"Polygon","coordinates":[[[-99.1242178543199,19.28360478215615],[-99.12496756545865,19.28264734242177],[-99.12142226424908,19.2762632173383],[-99.11855972274972,19.27525104803024],[-99.11305703109409,19.277494118571763],[-99.10821328641576,19.27574135449683],[-99.10937866742296,19.271220097876625],[-99.10777133988437,19.272561821193676],[-99.10539040198849,19.272759873630168],[-99.10475946279136,19.280270254543876],[-99.10520362319468,19.281161223312154],[-99.10442563451385,19.291880210339677],[-99.1144112728868,19.288023017206545],[-99.1242178543199,19.28360478215615]]]},"properties":{"_id":552,"id":551,"g_pnt_2":"19.2819830399,-99.1128888595","geo_shp":"{\"type\": \"Polygon\", \"coordinates\": [[[-99.1242178543199, 19.28360478215615], [-99.1237939009266, 19.28353312856068], [-99.12293282501108, 19.284106348691378], [-99.12217831982042, 19.284527657504437], [-99.1210629871046, 19.285050336297168], [-99.1206897","deleg":"XOCHIMILCO","zona":"ORIENTE","sctr_18":"TEPEPAN","cv_sctr":6,"zp":10,"are_km2":2.697489625347977,"x":-99.114693,"y":19.281329,"fech_cr":"2018-08-17T00:00:00","anio":2018,"mes":8,"dia":17}},
{"type":"Feature","geometry":{"type":"Polygon","coordinates":[[[-99.12724239416896,19.2680056951842],[-99.12623379958484,19.265703905481672],[-99.1250947503804,19.26162291152714],[-99.12200003124237,19.255421760300433],[-99.11739052954592,19.246557067433635],[-99.11614918603578,19.243313524956775],[-99.110618714189,19.248570049379424],[-99.10950050237032,19.25003693987605],[-99.10595639899904,19.24897128946607],[-99.10595693642766,19.24980855992944],[-99.1049532474209,19.254728102775136],[-99.10541501923151,19.25633368972247],[-99.10484061922772,19.258979229192693],[-99.10577338378478,19.259455440676817],[-99.10709694878813,19.25857600703273],[-99.1082394989949,19.25579491837202],[-99.1099049426628,19.256381297727017],[-99.11032423668884,19.256713549242537],[-99.11252031145254,19.260810892822096],[-99.11118358091274,19.264447560143864],[-99.11258086116727,19.264756071821733],[-99.12591579128376,19.267605603220648],[-99.12724239416896,19.2680056951842]]]},"properties":{"_id":553,"id":552,"g_pnt_2":"19.2566715238,-99.1157539628","geo_shp":"{\"type\": \"Polygon\", \"coordinates\": [[[-99.12724239416897, 19.2680056951842], [-99.12591579128375, 19.267605603220648], [-99.12291845590728, 19.267008341491948], [-99.1195216133899, 19.266231619088426], [-99.11515783996522, 19.2652924919502], [-99.1125808","deleg":"XOCHIMILCO","zona":"ORIENTE","sctr_18":"LA NORIA","cv_sctr":5,"zp":3,"are_km2":3.150964600929701,"x":-99.116093,"y":19.255663,"fech_cr":"2018-08-17T00:00:00","anio":2018,"mes":8,"dia":17}},
{"type":"Feature","geometry":{"type":"Polygon","coordinates":[[[-99.10595639899904,19.24897128946607],[-99.10699082901388,19.245483775762267],[-99.10690726432394,19.244126783715984],[-99.10393313678728,19.243184126381266],[-99.10210711219428,19.244552317861046],[-99.10187525350028,19.2452057970382],[-99.1019669559101,19.245322877176037],[-99.1013183356542,19.246444750624057],[-99.09785077871832,19.247805847571993],[-99.09591822205972,19.24761508654354],[-99.0931928633125,19.245232567245967],[-99.0933854641824,19.247952064297824],[-99.09248179778268,19.252528321144062],[-99.0897306964646,19.251511029715083],[-99.0840849671613,19.24995467379559],[-99.08132539015016,19.25935189936617],[-99.081149862481,19.261562103186808],[-99.09248856341596,19.264767429208412],[-99.0906187320076,19.270666939097406],[-99.08975697712008,19.27148167713346],[-99.09458839970416,19.273380087107103],[-99.0936862377924,19.276095709952656],[-99.09812894195368,19.277454572322043],[-99.10293776423823,19.273056719428997],[-99.10192789245612,19.27127058783247],[-99.1033113266109,19.269920004350062],[-99.10577338378478,19.259455440676817],[-99.10484061922772,19.258979229192693],[-99.10541501923151,19.25633368972247],[-99.1049532474209,19.254728102775136],[-99.10595693642766,19.24980855992944],[-99.10595639899904,19.24897128946607]]]},"properties":{"_id":554,"id":553,"g_pnt_2":"19.2595015621,-99.0958846046","geo_shp":"{\"type\": \"Polygon\", \"coordinates\": [[[-99.10595639899904, 19.24897128946607], [-99.10569858445064, 19.2494946424461], [-99.10595693642766, 19.249808559929438], [-99.1049532474209, 19.254728102775136], [-99.1051587731125, 19.25500852089965], [-99.10534318","deleg":"XOCHIMILCO","zona":"ORIENTE","sctr_18":"TEPEPAN","cv_sctr":6,"zp":8,"are_km2":5.737163769619646,"x":-99.09412,"y":19.261374,"fech_cr":"2018-08-17T00:00:00","anio":2018,"mes":8,"dia":17}},
{"type":"Feature","geometry":{"type":"Polygon","coordinates":[[[-99.08495752480128,19.241819342984183],[-99.085582816094,19.238096065162836],[-99.08706843797226,19.237017955022445],[-99.08571445916118,19.234718625445176],[-99.0841128322202,19.226570056404316],[-99.07989318996198,19.212997875978797],[-99.05207488479854,19.218338016923617],[-99.05423989121368,19.223016146768824],[-99.05435943064572,19.225760207903495],[-99.05497718122191,19.227218564456336],[-99.05514455795182,19.230714293615183],[-99.05395926584056,19.236225338807948],[-99.05479910467616,19.23905928993236],[-99.05354964163388,19.24202554184478],[-99.05366078094508,19.243213271791156],[-99.05605194787348,19.245904044857923],[-99.05651164920096,19.24764803901699],[-99.05972631925422,19.25120289142737],[-99.06499918832476,19.254569248712667],[-99.06865530344356,19.25280118443702],[-99.07115471341056,19.24875938328551],[-99.07341744147443,19.2463940830283],[-99.07503953693848,19.24545556150277],[-99.07959418999113,19.244803269461165],[-99.08214536419506,19.24212393892364],[-99.08495752480128,19.241819342984183]]]},"properties":{"_id":555,"id":554,"g_pnt_2":"19.2324214443,-99.0688462904","geo_shp":"{\"type\": \"Polygon\", \"coordinates\": [[[-99.08495752480128, 19.241819342984183], [-99.08450769069704, 19.241690580267583], [-99.08416740266556, 19.24161933758176], [-99.08377557487911, 19.24160821995587], [-99.08354998892369, 19.241630917841785], [-99.0831","deleg":"XOCHIMILCO","zona":"ORIENTE","sctr_18":"TEPEPAN","cv_sctr":6,"zp":6,"are_km2":11.505614385481271,"x":-99.069836,"y":19.233804,"fech_cr":"2018-08-17T00:00:00","anio":2018,"mes":8,"dia":17}},
{"type":"Feature","geometry":{"type":"Polygon","coordinates":[[[-99.12132239205974,19.41304836713779],[-99.11545262068596,19.41328120829975],[-99.11240298503232,19.41302635881296],[-99.11172820358988,19.41923361599473],[-99.11463159337544,19.419954643934705],[-99.11471787882029,19.419121853513925],[-99.11658111351204,19.41915238951054],[-99.1168637809019,19.417098836634537],[-99.11846880485592,19.418098634629963],[-99.12060803731714,19.418091261830824],[-99.12132239205974,19.41304836713779]]]},"properties":{"_id":556,"id":555,"g_pnt_2":"19.4159703032,-99.1161823712","geo_shp":"{\"type\": \"Polygon\", \"coordinates\": [[[-99.12132239205974, 19.413048367137794], [-99.12122823338747, 19.413746865694826], [-99.12060803731714, 19.418091261830824], [-99.11846880485592, 19.418098634629963], [-99.11859341611496, 19.417079911266047], [-99.11","deleg":"VENUSTIANO CARRANZA","zona":"NORTE","sctr_18":"MERCED-BALBUENA","cv_sctr":3,"zp":3,"are_km2":0.562997840115343,"x":-99.116288,"y":19.416075,"fech_cr":"2018-08-17T00:00:00","anio":2018,"mes":8,"dia":17}},
{"type":"Feature","geometry":{"type":"Polygon","coordinates":[[[-99.1173685873855,19.381339862494027],[-99.1100881277204,19.380520892770843],[-99.11091892436843,19.383784647385767],[-99.11102644054608,19.38420700674894],[-99.11308817550612,19.384594089194746],[-99.11666880500948,19.385166810030256],[-99.11677242801588,19.385182198102104],[-99.1173685873855,19.381339862494027]]]},"properties":{"_id":557,"id":556,"g_pnt_2":"19.3827653445,-99.1138601936","geo_shp":"{\"type\": \"Polygon\", \"coordinates\": [[[-99.1173685873855, 19.381339862494027], [-99.11677242801589, 19.385182198102104], [-99.11666880500948, 19.385166810030256], [-99.11308817550612, 19.384594089194746], [-99.11102644054608, 19.38420700674894], [-99.1109","deleg":"IZTACALCO","zona":"NORTE","sctr_18":"IZTACCIHUATL","cv_sctr":1,"zp":15,"are_km2":0.28354555505121,"x":-99.1161,"y":19.382906,"fech_cr":"2018-08-17T00:00:00","anio":2018,"mes":8,"dia":17}},
{"type":"Feature","geometry":{"type":"Polygon","coordinates":[[[-99.11313172114096,19.3975890863616],[-99.12354415248883,19.39729093155329],[-99.12299765079028,19.394852827876974],[-99.11829750198618,19.39459077922037],[-99.11311271014311,19.393920314433917],[-99.11302765706668,19.394738464480763],[-99.11313172114096,19.3975890863616]]]},"properties":{"_id":558,"id":557,"g_pnt_2":"19.3959573324,-99.1178132738","geo_shp":"{\"type\": \"Polygon\", \"coordinates\": [[[-99.11313172114095, 19.3975890863616], [-99.11302190025161, 19.394814746667986], [-99.11302765706667, 19.394738464480763], [-99.11311271014311, 19.393920314433917], [-99.11649677356456, 19.394344488351596], [-99.1182","deleg":"IZTACALCO","zona":"NORTE","sctr_18":"IZTACCIHUATL","cv_sctr":1,"zp":10,"are_km2":0.352370133719354,"x":-99.118283,"y":19.395751,"fech_cr":"2018-08-17T00:00:00","anio":2018,"mes":8,"dia":17}},
{"type":"Feature","geometry":{"type":"Polygon","coordinates":[[[-99.0934812822831,19.440267285540234],[-99.09439252862472,19.439856140334474],[-99.1059292491094,19.434745816783263],[-99.1076092957614,19.433781589201185],[-99.10743691880576,19.433413314166778],[-99.10480605390364,19.43255247369688],[-99.09927455438977,19.429756692808944],[-99.09576298216932,19.436105495515296],[-99.0934812822831,19.440267285540234]]]},"properties":{"_id":559,"id":558,"g_pnt_2":"19.4346440897,-99.1001630467","geo_shp":"{\"type\": \"Polygon\", \"coordinates\": [[[-99.0934812822831, 19.440267285540234], [-99.09487198378588, 19.437713230085816], [-99.0948733456339, 19.43759772742956], [-99.09484337930378, 19.437504745047296], [-99.09507774417635, 19.437375292770092], [-99.09576","deleg":"VENUSTIANO CARRANZA","zona":"NORTE","sctr_18":"MOCTEZUMA","cv_sctr":6,"zp":7,"are_km2":0.656513252044986,"x":-99.100543,"y":19.432932,"fech_cr":"2018-08-17T00:00:00","anio":2018,"mes":8,"dia":17}},
{"type":"Feature","geometry":{"type":"Polygon","coordinates":[[[-99.12069099089788,19.548387496723436],[-99.12210765168211,19.549916518488875],[-99.12410403479554,19.550948425378422],[-99.1257092191186,19.55088097926927],[-99.12979803711497,19.553133597458977],[-99.13108631717704,19.552181460927304],[-99.13376359636004,19.54773526373944],[-99.1342675497917,19.546075316986723],[-99.13040689869374,19.547307257961315],[-99.12769753392872,19.54488404586578],[-99.12796359648895,19.54320413005982],[-99.12969566744688,19.542770536277818],[-99.12796967229636,19.540995065770097],[-99.12606372171724,19.541151039013265],[-99.12387052159367,19.543006709766324],[-99.12069099089788,19.548387496723436]]]},"properties":{"_id":560,"id":559,"g_pnt_2":"19.5473596158,-99.1270678036","geo_shp":"{\"type\": \"Polygon\", \"coordinates\": [[[-99.12069099089788, 19.548387496723436], [-99.12387052159369, 19.543006709766324], [-99.12606372171723, 19.541151039013265], [-99.12796967229635, 19.540995065770094], [-99.12903429732754, 19.54167267067857], [-99.129","deleg":"GUSTAVO A MADERO","zona":"NORTE","sctr_18":"CUAUTEPEC","cv_sctr":1,"zp":10,"are_km2":0.956094444102369,"x":-99.127586,"y":19.546004,"fech_cr":"2018-08-17T00:00:00","anio":2018,"mes":8,"dia":17}},
{"type":"Feature","geometry":{"type":"Polygon","coordinates":[[[-99.1367073099863,19.47030254485791],[-99.13692845935898,19.472233184965397],[-99.13432605316204,19.48419005937536],[-99.14293585881532,19.485748880665714],[-99.1433489187745,19.485614254705997],[-99.1427236754434,19.48404048008307],[-99.13855164976076,19.47364408619489],[-99.13691510460038,19.470059274728985],[-99.1367073099863,19.47030254485791]]]},"properties":{"_id":561,"id":560,"g_pnt_2":"19.4801221102,-99.1383255156","geo_shp":"{\"type\": \"Polygon\", \"coordinates\": [[[-99.1367073099863, 19.47030254485791], [-99.13691510460038, 19.470059274728982], [-99.13720936104312, 19.470659243666706], [-99.13795231327082, 19.472173934711574], [-99.13855164976076, 19.47364408619489], [-99.13908","deleg":"GUSTAVO A MADERO","zona":"NORTE","sctr_18":"LINDAVISTA","cv_sctr":2,"zp":6,"are_km2":0.764715211933157,"x":-99.138831,"y":19.477905,"fech_cr":"2018-08-17T00:00:00","anio":2018,"mes":8,"dia":17}},
{"type":"Feature","geometry":{"type":"Polygon","coordinates":[[[-99.17120621468536,19.461842364746072],[-99.16796233177948,19.45645976216676],[-99.16650562790124,19.45619991690571],[-99.16585932989076,19.45651375491725],[-99.16407846570144,19.460662219792635],[-99.17120621468536,19.461842364746072]]]},"properties":{"_id":562,"id":561,"g_pnt_2":"19.4592363403,-99.1673991048","geo_shp":"{\"type\": \"Polygon\", \"coordinates\": [[[-99.17120621468536, 19.461842364746072], [-99.1683733660753, 19.46137831284021], [-99.1646969790865, 19.460741642333836], [-99.16407846570144, 19.460662219792635], [-99.16461822402174, 19.459268393089438], [-99.16536","deleg":"AZCAPOTZALCO","zona":"PONIENTE","sctr_18":"CUITLAHUAC","cv_sctr":2,"zp":8,"are_km2":0.261907974135769,"x":-99.167443,"y":19.459022,"fech_cr":"2018-08-17T00:00:00","anio":2018,"mes":8,"dia":17}},
{"type":"Feature","geometry":{"type":"Polygon","coordinates":[[[-99.18438113182724,19.47695946733604],[-99.17830415703756,19.46991527912077],[-99.1734787083523,19.470678673686223],[-99.17314478711045,19.473945833584818],[-99.17240651914004,19.473932981072792],[-99.17401071232985,19.474830332343647],[-99.1734360237404,19.477754924384385],[-99.17476118175452,19.477954467432173],[-99.17502412058404,19.476133940938382],[-99.1818310403085,19.477660021988576],[-99.18384426104764,19.47844851285604],[-99.18438113182724,19.47695946733604]]]},"properties":{"_id":563,"id":562,"g_pnt_2":"19.4742603224,-99.1779677477","geo_shp":"{\"type\": \"Polygon\", \"coordinates\": [[[-99.18438113182725, 19.47695946733604], [-99.18421791476727, 19.477049106050707], [-99.18384426104765, 19.47844851285604], [-99.18328919679449, 19.47834206959997], [-99.18322937354142, 19.478610728873882], [-99.18251","deleg":"AZCAPOTZALCO","zona":"PONIENTE","sctr_18":"CUITLAHUAC","cv_sctr":2,"zp":9,"are_km2":0.679285684033532,"x":-99.178309,"y":19.475529,"fech_cr":"2018-08-17T00:00:00","anio":2018,"mes":8,"dia":17}},
{"type":"Feature","geometry":{"type":"Polygon","coordinates":[[[-99.1563827995976,19.482936188146763],[-99.158706718649,19.472880591345753],[-99.1523037779798,19.47253054468731],[-99.15166363071756,19.47699396768903],[-99.15055881169098,19.479688110430367],[-99.1526834877783,19.480779345789063],[-99.15463169611904,19.48465773681059],[-99.1563827995976,19.482936188146763]]]},"properties":{"_id":564,"id":563,"g_pnt_2":"19.4777758045,-99.1547622208","geo_shp":"{\"type\": \"Polygon\", \"coordinates\": [[[-99.1563827995976, 19.482936188146763], [-99.15566865242735, 19.48567114356965], [-99.15544195064842, 19.485464556944923], [-99.15521106797192, 19.485269812928426], [-99.15500953129542, 19.485071066930608], [-99.1547","deleg":"AZCAPOTZALCO","zona":"PONIENTE","sctr_18":"LA RAZA","cv_sctr":4,"zp":5,"are_km2":0.707291946625181,"x":-99.152693,"y":19.477738,"fech_cr":"2018-08-17T00:00:00","anio":2018,"mes":8,"dia":17}},
{"type":"Feature","geometry":{"type":"Polygon","coordinates":[[[-99.15279099323168,19.403215983707774],[-99.15338321910764,19.394994581396695],[-99.14570497741572,19.394433959356657],[-99.14465651186684,19.403161635380897],[-99.15279099323168,19.403215983707774]]]},"properties":{"_id":572,"id":571,"g_pnt_2":"19.3989873595,-99.1490960494","geo_shp":"{\"type\": \"Polygon\", \"coordinates\": [[[-99.1529854186017, 19.401115180356935], [-99.15279099323169, 19.403215983707774], [-99.14987066500758, 19.403197809248056], [-99.14465651186683, 19.403161635380894], [-99.14516951511868, 19.398899753741418], [-99.145","deleg":"BENITO JUAREZ","zona":"SUR","sctr_18":"NARVARTE-ALAMOS","cv_sctr":1,"zp":2,"are_km2":0.786080130132462,"x":-99.14753,"y":19.398816,"fech_cr":"2018-08-17T00:00:00","anio":2018,"mes":8,"dia":17}},
{"type":"Feature","geometry":{"type":"Polygon","coordinates":[[[-99.21055566990285,19.443720557227383],[-99.2094598782872,19.443682421387912],[-99.20967893536611,19.43800181207565],[-99.2055610194629,19.43783299988841],[-99.20490567735696,19.43947579604888],[-99.20456643033432,19.446079281428748],[-99.20565298388529,19.44724201392641],[-99.21055566990285,19.443720557227383]]]},"properties":{"_id":565,"id":564,"g_pnt_2":"19.4420660461,-99.2070717726","geo_shp":"{\"type\": \"Polygon\", \"coordinates\": [[[-99.21055566990283, 19.443720557227383], [-99.2098502240844, 19.444235165896348], [-99.20721230800137, 19.4459549930804], [-99.20565298388529, 19.447242013926406], [-99.20542054682855, 19.447027271224844], [-99.20479","deleg":"MIGUEL HIDALGO","zona":"PONIENTE","sctr_18":"SOTELO","cv_sctr":3,"zp":4,"are_km2":0.448815982636149,"x":-99.207558,"y":19.442535,"fech_cr":"2018-08-17T00:00:00","anio":2018,"mes":8,"dia":17}},
{"type":"Feature","geometry":{"type":"Polygon","coordinates":[[[-99.1959688167364,19.44260926878563],[-99.1936549006535,19.451098397273313],[-99.19629044734964,19.450467536715],[-99.19945649823454,19.45184051895982],[-99.20208340695184,19.45001299721276],[-99.20565298388529,19.44724201392641],[-99.20456643033432,19.446079281428748],[-99.19921431318348,19.44379265185253],[-99.19878413972006,19.443595289045955],[-99.1959688167364,19.44260926878563]]]},"properties":{"_id":566,"id":565,"g_pnt_2":"19.4476604263,-99.1988578305","geo_shp":"{\"type\": \"Polygon\", \"coordinates\": [[[-99.19502167940342, 19.446505435791803], [-99.19554066665165, 19.44465260638223], [-99.1956562301361, 19.44465745250929], [-99.19596881673641, 19.44260926878563], [-99.19631729958614, 19.442691948285802], [-99.197423","deleg":"MIGUEL HIDALGO","zona":"PONIENTE","sctr_18":"SOTELO","cv_sctr":3,"zp":6,"are_km2":0.769215663029808,"x":-99.197096,"y":19.447677,"fech_cr":"2018-08-17T00:00:00","anio":2018,"mes":8,"dia":17}},
{"type":"Feature","geometry":{"type":"Polygon","coordinates":[[[-99.2076672594526,19.469126836999138],[-99.1920628738492,19.46399005374575],[-99.19029472992092,19.465552450270295],[-99.19023098677012,19.46979786350271],[-99.20073804466811,19.472643961503845],[-99.20656241372365,19.4705748453872],[-99.2076672594526,19.469126836999138]]]},"properties":{"_id":567,"id":566,"g_pnt_2":"19.4686547382,-99.1976604759","geo_shp":"{\"type\": \"Polygon\", \"coordinates\": [[[-99.19330473650162, 19.464407267438947], [-99.19601298951919, 19.46526980466421], [-99.2076672594526, 19.469126836999138], [-99.20724703918717, 19.469999360115025], [-99.20656241372363, 19.4705748453872], [-99.206331","deleg":"MIGUEL HIDALGO","zona":"PONIENTE","sctr_18":"TACUBA","cv_sctr":4,"zp":1,"are_km2":1.017987569770604,"x":-99.199428,"y":19.4683,"fech_cr":"2018-08-17T00:00:00","anio":2018,"mes":8,"dia":17}},
{"type":"Feature","geometry":{"type":"Polygon","coordinates":[[[-99.19945649823454,19.45184051895982],[-99.19629044734964,19.450467536715],[-99.1936549006535,19.451098397273313],[-99.19024037483024,19.45023258717585],[-99.1885456202544,19.456409613519863],[-99.18936019814836,19.45878557938105],[-99.19945649823454,19.45184051895982]]]},"properties":{"_id":568,"id":567,"g_pnt_2":"19.4537805247,-99.192792382","geo_shp":"{\"type\": \"Polygon\", \"coordinates\": [[[-99.19945649823454, 19.45184051895982], [-99.19855104148164, 19.452459779020547], [-99.19457619922366, 19.45520710824751], [-99.19110547904597, 19.457523807985257], [-99.18936019814836, 19.45878557938105], [-99.18854","deleg":"MIGUEL HIDALGO","zona":"PONIENTE","sctr_18":"TACUBA","cv_sctr":4,"zp":7,"are_km2":0.506160506808533,"x":-99.194002,"y":19.454505,"fech_cr":"2018-08-17T00:00:00","anio":2018,"mes":8,"dia":17}},
{"type":"Feature","geometry":{"type":"Polygon","coordinates":[[[-99.14408050067829,19.40912518703777],[-99.14880890629674,19.40916692628188],[-99.15460372492082,19.40975758366924],[-99.15491303380804,19.40578198665052],[-99.15506697370633,19.403297022465175],[-99.15279099323168,19.403215983707774],[-99.14465651186684,19.403161635380897],[-99.14408050067829,19.40912518703777]]]},"properties":{"_id":569,"id":568,"g_pnt_2":"19.4062794517,-99.1496950151","geo_shp":"{\"type\": \"Polygon\", \"coordinates\": [[[-99.14408050067829, 19.40912518703777], [-99.144342981739, 19.40640850878583], [-99.14465651186683, 19.403161635380894], [-99.14987066500758, 19.403197809248056], [-99.15279099323169, 19.403215983707774], [-99.155016","deleg":"CUAUHTEMOC","zona":"CENTRO","sctr_18":"ASTURIAS","cv_sctr":1,"zp":11,"are_km2":0.751237938741159,"x":-99.149525,"y":19.407123,"fech_cr":"2018-08-17T00:00:00","anio":2018,"mes":8,"dia":17}},
{"type":"Feature","geometry":{"type":"Polygon","coordinates":[[[-99.14087856203489,19.45047963583078],[-99.14539794877136,19.45174794256255],[-99.14709907332836,19.444638972596746],[-99.14218520019767,19.443824617590177],[-99.14087856203489,19.45047963583078]]]},"properties":{"_id":570,"id":569,"g_pnt_2":"19.4476560951,-99.1439591944","geo_shp":"{\"type\": \"Polygon\", \"coordinates\": [[[-99.14087856203487, 19.45047963583078], [-99.14125891689682, 19.44887280077964], [-99.1414649336139, 19.447936245358747], [-99.14177395711567, 19.446589478788912], [-99.14218520019767, 19.443824617590177], [-99.14709","deleg":"CUAUHTEMOC","zona":"CENTRO","sctr_18":"BUENAVISTA","cv_sctr":2,"zp":8,"are_km2":0.391645574242326,"x":-99.143989,"y":19.447786,"fech_cr":"2018-08-17T00:00:00","anio":2018,"mes":8,"dia":17}},
{"type":"Feature","geometry":{"type":"Polygon","coordinates":[[[-99.1376556917159,19.322314321619736],[-99.13770088355687,19.322510769618372],[-99.13968898892502,19.329288158723138],[-99.14046970773512,19.331838479859336],[-99.14331591596996,19.341217229759177],[-99.14840772643213,19.341955157164147],[-99.14576732695636,19.332793051336395],[-99.14401503362888,19.33037999452058],[-99.14482602482562,19.326473211753044],[-99.14261221692178,19.324839293485617],[-99.14124334989968,19.326792074118867],[-99.1376556917159,19.322314321619736]]]},"properties":{"_id":573,"id":572,"g_pnt_2":"19.3332356538,-99.1433445028","geo_shp":"{\"type\": \"Polygon\", \"coordinates\": [[[-99.1376556917159, 19.322314321619736], [-99.13928334930256, 19.324237778842154], [-99.13982250618551, 19.325092433743382], [-99.14124334989967, 19.326792074118867], [-99.14167374272516, 19.326354942876804], [-99.142","deleg":"COYOACAN","zona":"SUR","sctr_18":"COYOACAN","cv_sctr":1,"zp":8,"are_km2":0.95024540850394,"x":-99.143031,"y":19.332135,"fech_cr":"2018-08-17T00:00:00","anio":2018,"mes":8,"dia":17}},
{"type":"Feature","geometry":{"type":"Polygon","coordinates":[[[-99.02210229227856,19.359313152657105],[-99.02020881044288,19.36162515088732],[-99.0201489104379,19.363111965297172],[-99.01823152741912,19.36263144706288],[-99.01671564114676,19.3644573174449],[-99.01591276545604,19.366599798151345],[-99.01399638604438,19.365938660340714],[-99.01458284772912,19.362701095754723],[-99.01122176811116,19.36199945869724],[-99.00971146226878,19.36280345747237],[-99.01102786865444,19.36856090832996],[-99.02390477816398,19.37782258859487],[-99.02433357755702,19.376471202785943],[-99.02580020644228,19.375526552549974],[-99.025258703058,19.373984150090873],[-99.02633180355588,19.371060816732793],[-99.02129600433368,19.366707068834543],[-99.02543200532818,19.3634969466686],[-99.02653053952588,19.361669980365512],[-99.02210229227856,19.359313152657105]]]},"properties":{"_id":574,"id":573,"g_pnt_2":"19.3681048606,-99.0191112751","geo_shp":"{\"type\": \"Polygon\", \"coordinates\": [[[-99.00870122942096, 19.36173957919112], [-99.01116056433399, 19.3623172313742], [-99.01122176811116, 19.36199945869724], [-99.0137137708744, 19.362518328682174], [-99.01458284772913, 19.362701095754723], [-99.0140405","deleg":"IZTAPALAPA","zona":"ORIENTE","sctr_18":"OASIS","cv_sctr":1,"zp":4,"are_km2":1.800544509924851,"x":-99.017617,"y":19.368568,"fech_cr":"2018-08-17T00:00:00","anio":2018,"mes":8,"dia":17}},
{"type":"Feature","geometry":{"type":"Polygon","coordinates":[[[-99.03248974973263,19.34330428533651],[-99.0336688887632,19.3465263225438],[-99.03969454614985,19.349085791837144],[-99.04009491794764,19.34951744022477],[-99.03999514280332,19.36048085801004],[-99.04068509167836,19.360493900339268],[-99.04112269506749,19.360429904817053],[-99.04277520743116,19.36048384126915],[-99.04902575147312,19.361740868938032],[-99.0563545784467,19.362513558084768],[-99.06657026630398,19.3636111835715],[-99.06473864283352,19.361233458856567],[-99.0629139297344,19.361342823136248],[-99.06327957581009,19.359638891560348],[-99.06013836659616,19.359372346958185],[-99.06167298562508,19.352812741919372],[-99.05863700314976,19.35248612423529],[-99.0523199006187,19.350932190330703],[-99.05273271108224,19.349362204501947],[-99.05576333477036,19.350093725798285],[-99.05738249416724,19.345174305937817],[-99.05725063370284,19.342453333600535],[-99.05368580377616,19.34130327237126],[-99.04911409085662,19.341618445105393],[-99.04034819890106,19.34262316153189],[-99.03384928951836,19.343191788213073],[-99.03248974973263,19.34330428533651]]]},"properties":{"_id":575,"id":574,"g_pnt_2":"19.3520686052,-99.0490447081","geo_shp":"{\"type\": \"Polygon\", \"coordinates\": [[[-99.03248974973263, 19.34330428533651], [-99.03384928951837, 19.343191788213073], [-99.03694870635806, 19.342921316991298], [-99.0373528523231, 19.34288228161841], [-99.040209295061, 19.342636658577508], [-99.0403481","deleg":"IZTAPALAPA","zona":"ORIENTE","sctr_18":"SANTA CRUZ","cv_sctr":3,"zp":2,"are_km2":4.787058510499888,"x":-99.04953,"y":19.356713,"fech_cr":"2018-08-17T00:00:00","anio":2018,"mes":8,"dia":17}},
{"type":"Feature","geometry":{"type":"Polygon","coordinates":[[[-99.20451444739642,19.28629477398963],[-99.20127221328498,19.276604575890623],[-99.1988268983385,19.276873145857405],[-99.1938490453575,19.278280262814494],[-99.195603579433,19.285647572846777],[-99.19941876195465,19.28568890823525],[-99.20321436420753,19.286521447527367],[-99.20451444739642,19.28629477398963]]]},"properties":{"_id":576,"id":575,"g_pnt_2":"19.2816945243,-99.1990071846","geo_shp":"{\"type\": \"Polygon\", \"coordinates\": [[[-99.20451444739642, 19.28629477398963], [-99.20366218952668, 19.28646943318435], [-99.20321436420751, 19.286521447527367], [-99.20291569747512, 19.286358646745548], [-99.20278070499704, 19.286329694839967], [-99.2014","deleg":"TLALPAN","zona":"SUR","sctr_18":"FUENTE","cv_sctr":4,"zp":5,"are_km2":0.839883663855363,"x":-99.202684,"y":19.283275,"fech_cr":"2018-08-17T00:00:00","anio":2018,"mes":8,"dia":17}},
{"type":"Feature","geometry":{"type":"Polygon","coordinates":[[[-99.10510169045878,19.292789663323077],[-99.10624041833056,19.29901057030817],[-99.10920404239458,19.29893624781438],[-99.1104337459619,19.29149202513392],[-99.11001430184226,19.29064100277029],[-99.10510169045878,19.292789663323077]]]},"properties":{"_id":577,"id":576,"g_pnt_2":"19.294910297,-99.1078395796","geo_shp":"{\"type\": \"Polygon\", \"coordinates\": [[[-99.10545086533341, 19.29481773694864], [-99.10510169045878, 19.292789663323077], [-99.11001430184226, 19.290641002770286], [-99.1104337459619, 19.29149202513392], [-99.10920404239458, 19.29893624781438], [-99.108682","deleg":"TLALPAN","zona":"SUR","sctr_18":"COAPA","cv_sctr":3,"zp":14,"are_km2":0.359206252689978,"x":-99.107668,"y":19.294927,"fech_cr":"2018-08-17T00:00:00","anio":2018,"mes":8,"dia":17}},
{"type":"Feature","geometry":{"type":"Polygon","coordinates":[[[-99.15775908140655,19.44642246047159],[-99.15922203252096,19.440686950543483],[-99.15536799526777,19.439139965711345],[-99.1529078538138,19.44567757088096],[-99.15775908140655,19.44642246047159]]]},"properties":{"_id":578,"id":577,"g_pnt_2":"19.4430336818,-99.1561788606","geo_shp":"{\"type\": \"Polygon\", \"coordinates\": [[[-99.15775908140655, 19.44642246047159], [-99.1529078538138, 19.44567757088096], [-99.15293201115568, 19.44543100240702], [-99.153554805536, 19.443848880920616], [-99.15422058315752, 19.442198485999217], [-99.15461411","deleg":"CUAUHTEMOC","zona":"CENTRO","sctr_18":"BUENAVISTA","cv_sctr":2,"zp":3,"are_km2":0.337345752195936,"x":-99.15652,"y":19.442866,"fech_cr":"2018-08-17T00:00:00","anio":2018,"mes":8,"dia":17}},
{"type":"Feature","geometry":{"type":"Polygon","coordinates":[[[-99.16721245937065,19.27821240296337],[-99.1669354270586,19.277654749737284],[-99.1656059913774,19.275175068830528],[-99.1651320040842,19.27616830589234],[-99.16120300566156,19.28251990995472],[-99.15695515726944,19.285680167193707],[-99.16171206897278,19.28968222271732],[-99.16458967401776,19.28153899542279],[-99.16721245937065,19.27821240296337]]]},"properties":{"_id":588,"id":587,"g_pnt_2":"19.2831901771,-99.162348246","geo_shp":"{\"type\": \"Polygon\", \"coordinates\": [[[-99.16721245937065, 19.278212402963366], [-99.16632153793684, 19.27902192282315], [-99.16541865628666, 19.280060920137547], [-99.16491487141089, 19.28086990144973], [-99.16458967401775, 19.28153899542279], [-99.16315","deleg":"TLALPAN","zona":"SUR","sctr_18":"HUIPULCO-HOSPITALES","cv_sctr":5,"zp":9,"are_km2":0.51680708975193,"x":-99.162097,"y":19.28243,"fech_cr":"2018-08-17T00:00:00","anio":2018,"mes":8,"dia":17}},
{"type":"Feature","geometry":{"type":"Polygon","coordinates":[[[-99.15446224112952,19.43239626740735],[-99.1494121736524,19.434786899278528],[-99.1463823239834,19.436705089295643],[-99.14882985378938,19.437199720142846],[-99.1530549270142,19.438135945617763],[-99.15417831431272,19.434760770843425],[-99.15446224112952,19.43239626740735]]]},"properties":{"_id":579,"id":578,"g_pnt_2":"19.4356363884,-99.1515391617","geo_shp":"{\"type\": \"Polygon\", \"coordinates\": [[[-99.15446224112951, 19.43239626740735], [-99.15440765701887, 19.433201934397214], [-99.15417831431273, 19.434760770843422], [-99.15515689120491, 19.43492632095149], [-99.15489960371657, 19.436143647338387], [-99.1538","deleg":"CUAUHTEMOC","zona":"CENTRO","sctr_18":"REVOLUCION","cv_sctr":3,"zp":6,"are_km2":0.27236193608787,"x":-99.150777,"y":19.435269,"fech_cr":"2018-08-17T00:00:00","anio":2018,"mes":8,"dia":17}},
{"type":"Feature","geometry":{"type":"Polygon","coordinates":[[[-99.1463292944828,19.43035831575173],[-99.14710786096352,19.426575225618464],[-99.14173107273714,19.42604148748702],[-99.1411539367599,19.429589689713332],[-99.1463292944828,19.43035831575173]]]},"properties":{"_id":580,"id":579,"g_pnt_2":"19.4281423758,-99.1441092162","geo_shp":"{\"type\": \"Polygon\", \"coordinates\": [[[-99.14632929448281, 19.43035831575173], [-99.1411539367599, 19.429589689713332], [-99.14136650992904, 19.42833048124613], [-99.14162287106313, 19.42671081435805], [-99.14173107273714, 19.42604148748702], [-99.1436062","deleg":"CUAUHTEMOC","zona":"CENTRO","sctr_18":"REVOLUCION","cv_sctr":1,"zp":11,"are_km2":0.229665561951169,"x":-99.144131,"y":19.4282,"fech_cr":"2018-08-17T00:00:00","anio":2018,"mes":8,"dia":17}},
{"type":"Feature","geometry":{"type":"Polygon","coordinates":[[[-99.13914760673369,19.50884182523816],[-99.15046163311855,19.5044565702783],[-99.1482166045804,19.49888889170987],[-99.14088559628968,19.495775586070547],[-99.13937463022944,19.49516481700464],[-99.13249356129305,19.4935832447297],[-99.13172872654452,19.497943381234908],[-99.13098766244394,19.502167569333405],[-99.13336963636004,19.50257622866745],[-99.13914760673369,19.50884182523816]]]},"properties":{"_id":581,"id":580,"g_pnt_2":"19.5011625472,-99.1400581496","geo_shp":"{\"type\": \"Polygon\", \"coordinates\": [[[-99.1481551419492, 19.505384830363475], [-99.13914760673367, 19.50884182523816], [-99.13894742805044, 19.50868246494876], [-99.13574151676207, 19.505380108192806], [-99.13564762359309, 19.505126311503187], [-99.13355","deleg":"GUSTAVO A MADERO","zona":"NORTE","sctr_18":"TICOMAN","cv_sctr":3,"zp":8,"are_km2":2.085952665414403,"x":-99.140705,"y":19.50122,"fech_cr":"2018-08-17T00:00:00","anio":2018,"mes":8,"dia":17}},
{"type":"Feature","geometry":{"type":"Polygon","coordinates":[[[-99.0855858127545,19.422615364781457],[-99.08990004801244,19.415709357999017],[-99.0888433969313,19.41509404664596],[-99.0854773333083,19.413167279921684],[-99.08334364793907,19.4166508724557],[-99.0821063159022,19.420756645114704],[-99.0855858127545,19.422615364781457]]]},"properties":{"_id":582,"id":581,"g_pnt_2":"19.417881502,-99.0858497483","geo_shp":"{\"type\": \"Polygon\", \"coordinates\": [[[-99.08819851001525, 19.41853294720861], [-99.08774089038914, 19.41918117417243], [-99.0873580780338, 19.419722538010465], [-99.0855858127545, 19.422615364781457], [-99.08210631590221, 19.420756645114704], [-99.082267","deleg":"VENUSTIANO CARRANZA","zona":"NORTE","sctr_18":"ZARAGOZA","cv_sctr":7,"zp":1,"are_km2":0.432393445093659,"x":-99.087698,"y":19.418147,"fech_cr":"2018-08-17T00:00:00","anio":2018,"mes":8,"dia":17}},
{"type":"Feature","geometry":{"type":"Polygon","coordinates":[[[-99.05824975588554,19.463462637969577],[-99.06613590247731,19.47013263706333],[-99.06926507881556,19.473375814829968],[-99.07042725570288,19.470968271041443],[-99.07185986555976,19.465240799197435],[-99.06654342143852,19.46383041889124],[-99.05896864142566,19.462193604041637],[-99.05824975588554,19.463462637969577]]]},"properties":{"_id":629,"id":628,"g_pnt_2":"19.4668517014,-99.0661103321","geo_shp":"{\"type\": \"Polygon\", \"coordinates\": [[[-99.05824975588554, 19.463462637969574], [-99.05861665840287, 19.46210713710125], [-99.05896864142566, 19.462193604041637], [-99.06072122632672, 19.462627376953048], [-99.06302369504856, 19.463139028186987], [-99.063","deleg":"GUSTAVO A MADERO","zona":"NORTE","sctr_18":"ARAGON","cv_sctr":1,"zp":3,"are_km2":0.794703009784579,"x":-99.065033,"y":19.467869,"fech_cr":"2018-08-17T00:00:00","anio":2018,"mes":8,"dia":17}},
{"type":"Feature","geometry":{"type":"Polygon","coordinates":[[[-99.07316781866444,19.41392811918809],[-99.07682391891736,19.408019723107284],[-99.07054210458844,19.404431573557908],[-99.07002229664708,19.408503460171307],[-99.06852758888915,19.411177575278707],[-99.06829849957764,19.4134095316798],[-99.07316781866444,19.41392811918809]]]},"properties":{"_id":583,"id":582,"g_pnt_2":"19.409703126,-99.0721851198","geo_shp":"{\"type\": \"Polygon\", \"coordinates\": [[[-99.07681602075206, 19.40803500023357], [-99.07592255875002, 19.409334912863564], [-99.0753267837995, 19.410342146081877], [-99.07501537907942, 19.410868723368893], [-99.07316781866444, 19.41392811918809], [-99.06829","deleg":"IZTACALCO","zona":"NORTE","sctr_18":"PANTITLAN","cv_sctr":2,"zp":3,"are_km2":0.542562966587757,"x":-99.072536,"y":19.408758,"fech_cr":"2018-08-17T00:00:00","anio":2018,"mes":8,"dia":17}},
{"type":"Feature","geometry":{"type":"Polygon","coordinates":[[[-99.16265398091356,19.42286102412118],[-99.16461275597904,19.416505478280303],[-99.15949847060662,19.41753780984108],[-99.16094944136628,19.423269239699135],[-99.16265398091356,19.42286102412118]]]},"properties":{"_id":584,"id":583,"g_pnt_2":"19.4195699478,-99.16188111","geo_shp":"{\"type\": \"Polygon\", \"coordinates\": [[[-99.16265398091357, 19.42286102412118], [-99.16094944136628, 19.423269239699135], [-99.16086881270635, 19.423127690273724], [-99.16032069109657, 19.4209577693215], [-99.15990662159227, 19.421047426951635], [-99.15962","deleg":"CUAUHTEMOC","zona":"CENTRO","sctr_18":"ROMA","cv_sctr":4,"zp":9,"are_km2":0.244649573993997,"x":-99.162058,"y":19.419888,"fech_cr":"2018-08-17T00:00:00","anio":2018,"mes":8,"dia":17}},
{"type":"Feature","geometry":{"type":"Polygon","coordinates":[[[-99.16981900849176,19.39906800935082],[-99.1660968335025,19.40007870336277],[-99.16197096430017,19.40164929767809],[-99.16283179032104,19.40541970055213],[-99.168244426255,19.40510342068634],[-99.16999106200984,19.399758963580133],[-99.16981900849176,19.39906800935082]]]},"properties":{"_id":585,"id":584,"g_pnt_2":"19.4025250683,-99.1660338199","geo_shp":"{\"type\": \"Polygon\", \"coordinates\": [[[-99.1648698489749, 19.40054607680848], [-99.1660968335025, 19.40007870336277], [-99.16981900849176, 19.39906800935082], [-99.16999106200984, 19.399758963580133], [-99.16824442625501, 19.40510342068634], [-99.16283179","deleg":"CUAUHTEMOC","zona":"CENTRO","sctr_18":"ROMA","cv_sctr":4,"zp":14,"are_km2":0.395237871089709,"x":-99.165983,"y":19.402246,"fech_cr":"2018-08-17T00:00:00","anio":2018,"mes":8,"dia":17}},
{"type":"Feature","geometry":{"type":"Polygon","coordinates":[[[-99.21390159424168,19.438202852555897],[-99.21228568459684,19.43514152116776],[-99.2096539608046,19.432645029938016],[-99.2084580079456,19.430721923827925],[-99.20793316713112,19.43216765080659],[-99.2055610194629,19.43783299988841],[-99.20967893536611,19.43800181207565],[-99.21390159424168,19.438202852555897]]]},"properties":{"_id":586,"id":585,"g_pnt_2":"19.435628276,-99.2095280778","geo_shp":"{\"type\": \"Polygon\", \"coordinates\": [[[-99.21390159424168, 19.438202852555897], [-99.21390159424168, 19.438202852555897], [-99.20967893536613, 19.43800181207565], [-99.2055610194629, 19.43783299988841], [-99.20590300411004, 19.437223744037126], [-99.20720","deleg":"MIGUEL HIDALGO","zona":"PONIENTE","sctr_18":"POLANCO-CASTILLO","cv_sctr":1,"zp":1,"are_km2":0.363279046848381,"x":-99.209727,"y":19.434378,"fech_cr":"2018-08-17T00:00:00","anio":2018,"mes":8,"dia":17}},
{"type":"Feature","geometry":{"type":"Polygon","coordinates":[[[-99.21076579422048,19.507731798473465],[-99.21248496339967,19.49999603774078],[-99.21343023306498,19.49702046725716],[-99.211595712578,19.49631280689338],[-99.21150535553691,19.49505315948852],[-99.20651433518908,19.493610824479617],[-99.20642785439811,19.494324171913895],[-99.20574339898548,19.49994273258145],[-99.2044444999802,19.501321717286768],[-99.20607653951735,19.503763816641143],[-99.21010519528004,19.50761534909359],[-99.21076579422048,19.507731798473465]]]},"properties":{"_id":587,"id":586,"g_pnt_2":"19.5001516838,-99.2090652245","geo_shp":"{\"type\": \"Polygon\", \"coordinates\": [[[-99.21076579422049, 19.507731798473465], [-99.21010519528005, 19.507615349093594], [-99.20993473188935, 19.507419521359882], [-99.20949637542586, 19.506855088868246], [-99.2078655931602, 19.505387274370396], [-99.206","deleg":"AZCAPOTZALCO","zona":"PONIENTE","sctr_18":"HORMIGA","cv_sctr":3,"zp":3,"are_km2":0.858385941892315,"x":-99.209002,"y":19.50039,"fech_cr":"2018-08-17T00:00:00","anio":2018,"mes":8,"dia":17}},
{"type":"Feature","geometry":{"type":"Polygon","coordinates":[[[-99.07359694018454,19.39132625053813],[-99.065882164306,19.390025150434425],[-99.06473984895776,19.39538413966697],[-99.07237627204536,19.396629193549003],[-99.07300886713531,19.393900983921384],[-99.07359694018454,19.39132625053813]]]},"properties":{"_id":589,"id":588,"g_pnt_2":"19.3933310357,-99.0691467784","geo_shp":"{\"type\": \"Polygon\", \"coordinates\": [[[-99.07359694018454, 19.39132625053813], [-99.07300886713531, 19.393900983921384], [-99.07237627204537, 19.396629193549003], [-99.06931823545736, 19.396117221418976], [-99.06730953242591, 19.39579849146446], [-99.0647","deleg":"IZTACALCO","zona":"NORTE","sctr_18":"PANTITLAN","cv_sctr":2,"zp":12,"are_km2":0.494685549151338,"x":-99.069084,"y":19.393281,"fech_cr":"2018-08-17T00:00:00","anio":2018,"mes":8,"dia":17}},
{"type":"Feature","geometry":{"type":"Polygon","coordinates":[[[-99.1105916180992,19.34919392328157],[-99.1108860675157,19.35590267856406],[-99.1165166608049,19.3564093464425],[-99.11989863309635,19.357105501055244],[-99.12153286167626,19.356912726359955],[-99.12127187427994,19.354075035181904],[-99.11992084761192,19.350109514431747],[-99.11975108505008,19.34971684361755],[-99.110579969086,19.349144493607906],[-99.1105916180992,19.34919392328157]]]},"properties":{"_id":590,"id":589,"g_pnt_2":"19.3530747558,-99.1159403041","geo_shp":"{\"type\": \"Polygon\", \"coordinates\": [[[-99.11057998298052, 19.353546080017146], [-99.11063425623583, 19.352842364566243], [-99.11074265335435, 19.351921076465604], [-99.11085114531991, 19.350296105466352], [-99.1105916180992, 19.34919392328157], [-99.1105","deleg":"IZTAPALAPA","zona":"ORIENTE","sctr_18":"GRANJAS","cv_sctr":5,"zp":9,"are_km2":0.824215304848963,"x":-99.116049,"y":19.353125,"fech_cr":"2018-08-17T00:00:00","anio":2018,"mes":8,"dia":17}},
{"type":"Feature","geometry":{"type":"Polygon","coordinates":[[[-99.10070912603813,19.322340091154892],[-99.10484302813772,19.32495430185764],[-99.10895285853964,19.32997547372814],[-99.1100514700686,19.332261200202844],[-99.1126812600416,19.335115813223155],[-99.11293096394972,19.332189034702285],[-99.11330138385716,19.327760727557752],[-99.1138520739369,19.321529078864224],[-99.11330116563632,19.31998585196208],[-99.10517095727177,19.321494976515904],[-99.10070912603813,19.322340091154892]]]},"properties":{"_id":591,"id":590,"g_pnt_2":"19.3255434812,-99.1095050072","geo_shp":"{\"type\": \"Polygon\", \"coordinates\": [[[-99.10070912603813, 19.322340091154892], [-99.10517095727177, 19.321494976515904], [-99.10863755648643, 19.320756000482593], [-99.11330116563632, 19.31998585196208], [-99.11350523649843, 19.320363686910177], [-99.113","deleg":"COYOACAN","zona":"SUR","sctr_18":"CULHUACAN","cv_sctr":2,"zp":3,"are_km2":1.023582105519039,"x":-99.107287,"y":19.327554,"fech_cr":"2018-08-17T00:00:00","anio":2018,"mes":8,"dia":17}},
{"type":"Feature","geometry":{"type":"Polygon","coordinates":[[[-99.1565466342337,19.50190478556315],[-99.15663332881104,19.502172676258095],[-99.1625260683865,19.504435833895247],[-99.17303392969636,19.50816667137433],[-99.17674494853092,19.505978963314643],[-99.17589842422566,19.50372625778363],[-99.17429968663052,19.499478766081612],[-99.17229207947167,19.49834511047174],[-99.16885894549272,19.497386290178717],[-99.15866117942248,19.495391601388633],[-99.15375266472228,19.49436400983997],[-99.1565466342337,19.50190478556315]]]},"properties":{"_id":592,"id":591,"g_pnt_2":"19.5011492408,-99.1657584906","geo_shp":"{\"type\": \"Polygon\", \"coordinates\": [[[-99.1565466342337, 19.50190478556315], [-99.15595664500401, 19.500324703765138], [-99.15375266472228, 19.49436400983997], [-99.15666533471853, 19.495027586508886], [-99.15866117942247, 19.495391601388633], [-99.16443","deleg":"AZCAPOTZALCO","zona":"PONIENTE","sctr_18":"LA RAZA","cv_sctr":4,"zp":1,"are_km2":2.003484170325991,"x":-99.164691,"y":19.499768,"fech_cr":"2018-08-17T00:00:00","anio":2018,"mes":8,"dia":17}},
{"type":"Feature","geometry":{"type":"Polygon","coordinates":[[[-99.10648946041866,19.348752069228993],[-99.10600823359168,19.34781666664689],[-99.0962472258634,19.34508489600929],[-99.09548090250632,19.346738042182064],[-99.09823368113652,19.349425505038724],[-99.09999016020798,19.350564938745467],[-99.105927983053,19.351818017007],[-99.10648946041866,19.348752069228993]]]},"properties":{"_id":593,"id":592,"g_pnt_2":"19.348564975,-99.1013891375","geo_shp":"{\"type\": \"Polygon\", \"coordinates\": [[[-99.10648946041866, 19.348752069228993], [-99.105927983053, 19.351818017006998], [-99.10388234049101, 19.35150775268981], [-99.1026876228195, 19.351362379325302], [-99.10153803723483, 19.351062336268868], [-99.099990","deleg":"IZTAPALAPA","zona":"ORIENTE","sctr_18":"GRANJAS","cv_sctr":5,"zp":5,"are_km2":0.46822470245873,"x":-99.099154,"y":19.347478,"fech_cr":"2018-08-17T00:00:00","anio":2018,"mes":8,"dia":17}},
{"type":"Feature","geometry":{"type":"Polygon","coordinates":[[[-99.0962472258634,19.34508489600929],[-99.09164977415634,19.34486638255307],[-99.09088501909692,19.34737059869085],[-99.09147422068392,19.34830309532686],[-99.0916941022629,19.348546915041396],[-99.09338936003338,19.348777150468297],[-99.0973466091614,19.35120561401249],[-99.09904881690748,19.352796613773087],[-99.09807903200876,19.355754033558213],[-99.10024252887172,19.355492115304735],[-99.10177975459712,19.355166263727128],[-99.10528210631684,19.355447969088605],[-99.105927983053,19.351818017007],[-99.09999016020798,19.350564938745467],[-99.09823368113652,19.349425505038724],[-99.09548090250632,19.346738042182064],[-99.0962472258634,19.34508489600929]]]},"properties":{"_id":594,"id":593,"g_pnt_2":"19.3506891587,-99.0984052363","geo_shp":"{\"type\": \"Polygon\", \"coordinates\": [[[-99.0962472258634, 19.34508489600929], [-99.09548090250632, 19.346738042182064], [-99.09573442498022, 19.34686678819972], [-99.09660353962657, 19.347424684814474], [-99.09714691230425, 19.348085872514122], [-99.09823","deleg":"IZTAPALAPA","zona":"ORIENTE","sctr_18":"GRANJAS","cv_sctr":5,"zp":4,"are_km2":0.692458243048515,"x":-99.098391,"y":19.35035,"fech_cr":"2018-08-17T00:00:00","anio":2018,"mes":8,"dia":17}},
{"type":"Feature","geometry":{"type":"Polygon","coordinates":[[[-99.1112423745174,19.464895732424743],[-99.10408081101971,19.46283315838817],[-99.1011376785395,19.46970219632513],[-99.10782284911726,19.47311919223391],[-99.1081810294334,19.471844576496434],[-99.1112423745174,19.464895732424743]]]},"properties":{"_id":595,"id":594,"g_pnt_2":"19.4676350057,-99.1061371084","geo_shp":"{\"type\": \"Polygon\", \"coordinates\": [[[-99.1112423745174, 19.464895732424743], [-99.10962581523096, 19.468475999433057], [-99.1081810294334, 19.471844576496434], [-99.10782284911726, 19.47311919223391], [-99.1011376785395, 19.46970219632513], [-99.1027313","deleg":"GUSTAVO A MADERO","zona":"NORTE","sctr_18":"CUCHILLA","cv_sctr":2,"zp":5,"are_km2":0.704878429701208,"x":-99.105855,"y":19.469782,"fech_cr":"2018-08-17T00:00:00","anio":2018,"mes":8,"dia":17}},
{"type":"Feature","geometry":{"type":"Polygon","coordinates":[[[-99.22737200433264,19.265186932428165],[-99.2283683936485,19.2661822928892],[-99.22845780080196,19.274940472493512],[-99.22866563745409,19.279529891080347],[-99.23252389099314,19.27930404746952],[-99.24240014928004,19.27795180877842],[-99.2435954566854,19.277619435260434],[-99.24446520578118,19.279288371730747],[-99.24769593280928,19.27726135825417],[-99.25158045052594,19.27365927286294],[-99.25154109908912,19.271445061753617],[-99.2522725227482,19.270812581411597],[-99.2517923207387,19.266200700994208],[-99.24996729872656,19.26651356410104],[-99.24735208828564,19.26590715799304],[-99.2467967083116,19.26373539547037],[-99.24522419464654,19.26291570121179],[-99.2443386614755,19.2640914430224],[-99.2363209825008,19.265034052679933],[-99.23475756560757,19.266232495007223],[-99.23091279504229,19.266691723113183],[-99.22737200433264,19.265186932428165]]]},"properties":{"_id":596,"id":595,"g_pnt_2":"19.271752662,-99.2396429425","geo_shp":"{\"type\": \"Polygon\", \"coordinates\": [[[-99.2284386069072, 19.274000652799366], [-99.22841839771225, 19.272259178809104], [-99.22839871560905, 19.270966432142327], [-99.22839063377684, 19.269391509663784], [-99.2283826069704, 19.267856082176507], [-99.2283","deleg":"TLALPAN","zona":"SUR","sctr_18":"PADIERNA","cv_sctr":6,"zp":7,"are_km2":3.473492400819609,"x":-99.23299,"y":19.271621,"fech_cr":"2018-08-17T00:00:00","anio":2018,"mes":8,"dia":17}},
{"type":"Feature","geometry":{"type":"Polygon","coordinates":[[[-99.15092585303584,19.33326333827784],[-99.15254781115632,19.33060966467276],[-99.15452645828164,19.331939356959737],[-99.15681850888036,19.328647368895023],[-99.15163620222933,19.32454931083629],[-99.1572506432041,19.31822667480774],[-99.1499870807376,19.319398488939488],[-99.14718148788054,19.323380123626297],[-99.14580005827482,19.324403138574585],[-99.14302916785968,19.323843090440224],[-99.14261221692178,19.324839293485617],[-99.14482602482562,19.326473211753044],[-99.14401503362888,19.33037999452058],[-99.14576732695636,19.332793051336395],[-99.147790991491,19.334880057868652],[-99.15092585303584,19.33326333827784]]]},"properties":{"_id":597,"id":596,"g_pnt_2":"19.3268253485,-99.1498919628","geo_shp":"{\"type\": \"Polygon\", \"coordinates\": [[[-99.15092585303583, 19.33326333827784], [-99.15025656100575, 19.33333899527231], [-99.15005219661886, 19.333375314802005], [-99.14991373561816, 19.333437970298295], [-99.14979606733075, 19.33354326702508], [-99.14970","deleg":"COYOACAN","zona":"SUR","sctr_18":"XOTEPINGO","cv_sctr":5,"zp":1,"are_km2":1.425932020382213,"x":-99.149937,"y":19.327322,"fech_cr":"2018-08-17T00:00:00","anio":2018,"mes":8,"dia":17}},
{"type":"Feature","geometry":{"type":"Polygon","coordinates":[[[-99.17962800394136,19.253940028627763],[-99.17889606966102,19.252098014387776],[-99.18035498877936,19.25019302535421],[-99.18310799093636,19.24841597571281],[-99.18177297473184,19.24778393254764],[-99.17785436674218,19.24754990634631],[-99.17501599687314,19.246300987325665],[-99.1744341125229,19.24464625518085],[-99.1696910556785,19.24481899989954],[-99.1664879645249,19.241185006398812],[-99.1624890411057,19.240278032745795],[-99.16130718067754,19.23956400018532],[-99.1611833497572,19.239518558295902],[-99.16050693195504,19.23940400992609],[-99.16041596826692,19.2393029556612],[-99.15857938748992,19.23568162583875],[-99.1572227503562,19.234919455160977],[-99.15689832841676,19.23454095519894],[-99.1542340606828,19.230834335925188],[-99.15396130246472,19.228296993377228],[-99.15263216509116,19.22446277979316],[-99.15193519851182,19.22820911981723],[-99.15019225972404,19.232649343052863],[-99.14786779024638,19.23389909799772],[-99.1461137411669,19.233391039644037],[-99.14439748048012,19.234087054332974],[-99.14714115732316,19.23954023570166],[-99.14979045893404,19.239038472119606],[-99.15164864302706,19.241589243219885],[-99.15180944762172,19.243766789714325],[-99.15489238055768,19.245173484383287],[-99.1554771817668,19.24437168937632],[-99.15919055404976,19.245999473897808],[-99.15952894277204,19.24701720652025],[-99.16507786022352,19.247933787307623],[-99.16594264333764,19.249299984458204],[-99.17437206804216,19.252296967628503],[-99.17713786498912,19.253748323342016],[-99.17807260075048,19.255446625701577],[-99.17962800394136,19.253940028627763]]]},"properties":{"_id":598,"id":597,"g_pnt_2":"19.242205016,-99.1618127256","geo_shp":"{\"type\": \"Polygon\", \"coordinates\": [[[-99.18310799093636, 19.248415975712806], [-99.18279195200316, 19.248897016199418], [-99.18238599538813, 19.249209047173338], [-99.18193307819364, 19.249476928747708], [-99.18092997939985, 19.24974002173718], [-99.180","deleg":"TLALPAN","zona":"SUR","sctr_18":"HUIPULCO-HOSPITALES","cv_sctr":5,"zp":14,"are_km2":3.400935090414404,"x":-99.165037,"y":19.242221,"fech_cr":"2018-08-17T00:00:00","anio":2018,"mes":8,"dia":17}},
{"type":"Feature","geometry":{"type":"Polygon","coordinates":[[[-99.11677185920304,19.385185813570683],[-99.11656738634667,19.387847654608024],[-99.11764507210836,19.388017503135053],[-99.11710542450643,19.390470336438256],[-99.1222840883316,19.39198716791219],[-99.12162858341188,19.38942486267006],[-99.1219173026599,19.38541732879762],[-99.11972220610772,19.38567265748917],[-99.11677185920304,19.385185813570683]]]},"properties":{"_id":599,"id":598,"g_pnt_2":"19.3882499072,-99.1194864583","geo_shp":"{\"type\": \"Polygon\", \"coordinates\": [[[-99.11677185920303, 19.385185813570683], [-99.11821905695426, 19.385397356424885], [-99.11972220610772, 19.38567265748917], [-99.11998181784351, 19.3856855911702], [-99.12026903174245, 19.385677900145037], [-99.12056","deleg":"IZTACALCO","zona":"NORTE","sctr_18":"IZTACCIHUATL","cv_sctr":1,"zp":12,"are_km2":0.316075619167168,"x":-99.119688,"y":19.388095,"fech_cr":"2018-08-17T00:00:00","anio":2018,"mes":8,"dia":17}},
{"type":"Feature","geometry":{"type":"Polygon","coordinates":[[[-99.1342675497917,19.546075316986723],[-99.13448271457516,19.544942385100008],[-99.13833940134002,19.54005465305436],[-99.13667744055,19.537651284094853],[-99.13725652509488,19.535183037908556],[-99.1346959777454,19.536002957904604],[-99.13039191089489,19.535289071287515],[-99.12606372171724,19.541151039013265],[-99.12796967229636,19.540995065770097],[-99.12969566744688,19.542770536277818],[-99.12796359648895,19.54320413005982],[-99.12769753392872,19.54488404586578],[-99.13040689869374,19.547307257961315],[-99.1342675497917,19.546075316986723]]]},"properties":{"_id":600,"id":599,"g_pnt_2":"19.5407840155,-99.1324763473","geo_shp":"{\"type\": \"Polygon\", \"coordinates\": [[[-99.1342675497917, 19.546075316986723], [-99.13397170574414, 19.546131840847064], [-99.13387754342962, 19.546270999198665], [-99.13378328160704, 19.546405277274072], [-99.13361556556524, 19.546474990869772], [-99.133","deleg":"GUSTAVO A MADERO","zona":"NORTE","sctr_18":"CUAUTEPEC","cv_sctr":1,"zp":11,"are_km2":1.052487700158982,"x":-99.12957,"y":19.54352,"fech_cr":"2018-08-17T00:00:00","anio":2018,"mes":8,"dia":17}},
{"type":"Feature","geometry":{"type":"Polygon","coordinates":[[[-99.12609416571274,19.46037440048628],[-99.12197803284984,19.459042983481755],[-99.11676368649252,19.46681484503992],[-99.11455689301596,19.470161277648696],[-99.12135698550138,19.47255228617191],[-99.1234850991628,19.467112610239163],[-99.12609416571274,19.46037440048628]]]},"properties":{"_id":601,"id":600,"g_pnt_2":"19.4660168879,-99.1207401774","geo_shp":"{\"type\": \"Polygon\", \"coordinates\": [[[-99.12609416571274, 19.46037440048628], [-99.12348509916279, 19.467112610239163], [-99.12135698550138, 19.47255228617191], [-99.11455689301596, 19.470161277648696], [-99.11676368649253, 19.46681484503992], [-99.11676","deleg":"GUSTAVO A MADERO","zona":"NORTE","sctr_18":"TEPEYAC","cv_sctr":4,"zp":7,"are_km2":0.877328177514654,"x":-99.120097,"y":19.465643,"fech_cr":"2018-08-17T00:00:00","anio":2018,"mes":8,"dia":17}},
{"type":"Feature","geometry":{"type":"Polygon","coordinates":[[[-99.1811530859692,19.481861036021105],[-99.18309084331464,19.481168792717483],[-99.18384426104764,19.47844851285604],[-99.1818310403085,19.477660021988576],[-99.17502412058404,19.476133940938382],[-99.17476118175452,19.477954467432173],[-99.1734360237404,19.477754924384385],[-99.17271203045256,19.48295569645184],[-99.17544665529,19.48369704682795],[-99.17714760600106,19.483561995582185],[-99.1811530859692,19.481861036021105]]]},"properties":{"_id":602,"id":601,"g_pnt_2":"19.4800447047,-99.1774915406","geo_shp":"{\"type\": \"Polygon\", \"coordinates\": [[[-99.18324049990609, 19.48070961961101], [-99.18309084331464, 19.481168792717483], [-99.18212807553329, 19.48067169889832], [-99.18166387697927, 19.48053687153269], [-99.1811530859692, 19.481861036021105], [-99.180730","deleg":"AZCAPOTZALCO","zona":"PONIENTE","sctr_18":"CUITLAHUAC","cv_sctr":2,"zp":2,"are_km2":0.654740312406003,"x":-99.177821,"y":19.479871,"fech_cr":"2018-08-17T00:00:00","anio":2018,"mes":8,"dia":17}},
{"type":"Feature","geometry":{"type":"Polygon","coordinates":[[[-99.21724189451687,19.443952985934793],[-99.21055566990285,19.443720557227383],[-99.20565298388529,19.44724201392641],[-99.21047799468424,19.449310352057456],[-99.21186547325853,19.447390854630523],[-99.2140935175,19.44675415640043],[-99.2170219364279,19.444892262354937],[-99.21724189451687,19.443952985934793]]]},"properties":{"_id":603,"id":602,"g_pnt_2":"19.4460532608,-99.2112283539","geo_shp":"{\"type\": \"Polygon\", \"coordinates\": [[[-99.21724189451689, 19.443952985934793], [-99.21713691846554, 19.444172817195113], [-99.2170219364279, 19.444892262354937], [-99.21675883611319, 19.444982501634904], [-99.21626428665844, 19.445252775692254], [-99.215","deleg":"MIGUEL HIDALGO","zona":"PONIENTE","sctr_18":"SOTELO","cv_sctr":3,"zp":2,"are_km2":0.386945941385732,"x":-99.21166,"y":19.446345,"fech_cr":"2018-08-17T00:00:00","anio":2018,"mes":8,"dia":17}},
{"type":"Feature","geometry":{"type":"Polygon","coordinates":[[[-99.1959688167364,19.44260926878563],[-99.19273981285632,19.442203592050607],[-99.19240615790444,19.44419232505388],[-99.19395738922468,19.444609298339692],[-99.19364918955895,19.446284127482123],[-99.19057310542998,19.44586875999919],[-99.19028153315494,19.44761894017475],[-99.18864465541662,19.447630320116644],[-99.19024037483024,19.45023258717585],[-99.1936549006535,19.451098397273313],[-99.1959688167364,19.44260926878563]]]},"properties":{"_id":640,"id":639,"g_pnt_2":"19.4469777867,-99.1927662035","geo_shp":"{\"type\": \"Polygon\", \"coordinates\": [[[-99.19596881673641, 19.44260926878563], [-99.1956562301361, 19.44465745250929], [-99.19554066665165, 19.44465260638223], [-99.19502167940342, 19.446505435791803], [-99.19499137997109, 19.44650167254067], [-99.1945206","deleg":"MIGUEL HIDALGO","zona":"PONIENTE","sctr_18":"SOTELO","cv_sctr":3,"zp":7,"are_km2":0.3600858145521,"x":-99.192256,"y":19.446652,"fech_cr":"2018-08-17T00:00:00","anio":2018,"mes":8,"dia":17}},
{"type":"Feature","geometry":{"type":"Polygon","coordinates":[[[-99.1895435032774,19.39718339821508],[-99.1919009663941,19.400618963962287],[-99.19187498929196,19.402995007132464],[-99.19778698701568,19.402253993933485],[-99.20015395471547,19.401266924680225],[-99.20211404941678,19.40068299810551],[-99.20117276129284,19.39903321332621],[-99.19949515199951,19.40046690743505],[-99.1984372094826,19.396448631025173],[-99.19934099049132,19.393219368489355],[-99.19711900403465,19.39247879965934],[-99.19261570153442,19.39548225231379],[-99.1895435032774,19.39718339821508]]]},"properties":{"_id":604,"id":603,"g_pnt_2":"19.3982544778,-99.1954589775","geo_shp":"{\"type\": \"Polygon\", \"coordinates\": [[[-99.1895435032774, 19.39718339821508], [-99.19014641202438, 19.39665225430898], [-99.19058016408582, 19.396357531878415], [-99.19101399832518, 19.39605295721065], [-99.19166505268448, 19.395816839336273], [-99.192615","deleg":"ALVARO OBREGON","zona":"PONIENTE","sctr_18":"PLATEROS","cv_sctr":2,"zp":2,"are_km2":0.83219167699137,"x":-99.195827,"y":19.397736,"fech_cr":"2018-08-17T00:00:00","anio":2018,"mes":8,"dia":17}},
{"type":"Feature","geometry":{"type":"Polygon","coordinates":[[[-99.20243570757866,19.37404647102606],[-99.20316961704076,19.372288445213925],[-99.2037219854218,19.369432714418675],[-99.20111828226813,19.368388767903532],[-99.19795217382274,19.369501260560025],[-99.19508197360436,19.371172908294938],[-99.19142976932082,19.371162868199537],[-99.19163082124878,19.37249680882777],[-99.20243570757866,19.37404647102606]]]},"properties":{"_id":605,"id":604,"g_pnt_2":"19.3714121413,-99.1989715032","geo_shp":"{\"type\": \"Polygon\", \"coordinates\": [[[-99.20243570757866, 19.37404647102606], [-99.20203000435662, 19.37393250408976], [-99.19899031505702, 19.373525630188663], [-99.1950251555855, 19.37295936992369], [-99.19163082124878, 19.37249680882777], [-99.1916863","deleg":"ALVARO OBREGON","zona":"PONIENTE","sctr_18":"PLATEROS","cv_sctr":2,"zp":10,"are_km2":0.452436087328114,"x":-99.197662,"y":19.37174,"fech_cr":"2018-08-17T00:00:00","anio":2018,"mes":8,"dia":17}},
{"type":"Feature","geometry":{"type":"Polygon","coordinates":[[[-99.13620320065482,19.40269440878165],[-99.14465651186684,19.403161635380897],[-99.14570497741572,19.394433959356657],[-99.13763065207029,19.393253323706432],[-99.13682634194356,19.398334136102],[-99.13620320065482,19.40269440878165]]]},"properties":{"_id":606,"id":605,"g_pnt_2":"19.3984200432,-99.1409820548","geo_shp":"{\"type\": \"Polygon\", \"coordinates\": [[[-99.13620320065482, 19.40269440878165], [-99.1366955411248, 19.39920185749057], [-99.13682634194357, 19.398334136102], [-99.13691918607412, 19.397747878374492], [-99.13741787876779, 19.394710188217793], [-99.13763065","deleg":"BENITO JUAREZ","zona":"SUR","sctr_18":"NARVARTE-ALAMOS","cv_sctr":1,"zp":3,"are_km2":0.893502512742612,"x":-99.140954,"y":19.398208,"fech_cr":"2018-08-17T00:00:00","anio":2018,"mes":8,"dia":17}},
{"type":"Feature","geometry":{"type":"Polygon","coordinates":[[[-99.14576732695636,19.332793051336395],[-99.14840772643213,19.341955157164147],[-99.15096061938928,19.35088908223897],[-99.15574852066835,19.349879146393206],[-99.15608003912094,19.346968425149893],[-99.1557986840886,19.342942964348573],[-99.15057924728583,19.337754145472],[-99.14978459285312,19.336411783576725],[-99.15092585303584,19.33326333827784],[-99.147790991491,19.334880057868652],[-99.14576732695636,19.332793051336395]]]},"properties":{"_id":607,"id":606,"g_pnt_2":"19.3428668915,-99.1513494601","geo_shp":"{\"type\": \"Polygon\", \"coordinates\": [[[-99.14576732695636, 19.332793051336395], [-99.14779099149101, 19.334880057868652], [-99.14784338325748, 19.334913907134666], [-99.14790938458519, 19.334837122671075], [-99.14828649084643, 19.334320577151452], [-99.14","deleg":"COYOACAN","zona":"SUR","sctr_18":"COYOACAN","cv_sctr":1,"zp":6,"are_km2":0.981591652925979,"x":-99.150925,"y":19.341839,"fech_cr":"2018-08-17T00:00:00","anio":2018,"mes":8,"dia":17}},
{"type":"Feature","geometry":{"type":"Polygon","coordinates":[[[-99.26222494918574,19.316172441824456],[-99.2604527393234,19.314344651332323],[-99.2607669870613,19.312499593298455],[-99.25973500815478,19.311692997879753],[-99.25926505822962,19.311992003126782],[-99.25934288415104,19.311846926638243],[-99.25895400456838,19.30976906177434],[-99.25970893728928,19.307659927505295],[-99.25761587404948,19.306920078887213],[-99.2533829419198,19.307274953378393],[-99.2536817052368,19.31269069849867],[-99.25239507140716,19.31581593793444],[-99.25283744040476,19.315888983261942],[-99.25642085342557,19.31579730970406],[-99.258159009372,19.316506944358903],[-99.25780472707534,19.32180140802649],[-99.25859430478222,19.321279805415212],[-99.26064001894925,19.318815006435248],[-99.26222494918574,19.316172441824456]]]},"properties":{"_id":608,"id":607,"g_pnt_2":"19.3131095911,-99.2572616458","geo_shp":"{\"type\": \"Polygon\", \"coordinates\": [[[-99.26222494918574, 19.316172441824456], [-99.26210299098497, 19.316339996541707], [-99.26199801830319, 19.316473996666012], [-99.2618369395084, 19.316583946424263], [-99.26160795671957, 19.31685305813936], [-99.2614","deleg":"MAGDALENA CONTRERAS","zona":"SUR","sctr_18":"SAN JERONIMO","cv_sctr":2,"zp":10,"are_km2":0.859340103003519,"x":-99.259704,"y":19.313969,"fech_cr":"2018-08-17T00:00:00","anio":2018,"mes":8,"dia":17}},
{"type":"Feature","geometry":{"type":"Polygon","coordinates":[[[-99.04819580385296,19.31168169375306],[-99.05704329587137,19.318934991323424],[-99.06342766627404,19.323476111435156],[-99.06324910449354,19.324038145747416],[-99.06865643600432,19.32629772606959],[-99.07541654248976,19.3178559815523],[-99.06953874166918,19.312826590872177],[-99.06904548083064,19.30854772116673],[-99.06710122849664,19.306554697521033],[-99.06297914889451,19.304951677192715],[-99.05949542814508,19.30379961625612],[-99.05396108996165,19.310412522252005],[-99.05244581704792,19.309317125233804],[-99.05077951354362,19.311342073881885],[-99.04930338775809,19.310287310265497],[-99.04819580385296,19.31168169375306]]]},"properties":{"_id":609,"id":608,"g_pnt_2":"19.3147378013,-99.0629615943","geo_shp":"{\"type\": \"Polygon\", \"coordinates\": [[[-99.04819580385296, 19.31168169375306], [-99.04930338775807, 19.310287310265497], [-99.05077951354362, 19.311342073881885], [-99.05244581704792, 19.309317125233804], [-99.05396108996163, 19.310412522252005], [-99.059","deleg":"IZTAPALAPA","zona":"ORIENTE","sctr_18":"TEZONCO","cv_sctr":5,"zp":3,"are_km2":3.539009445719814,"x":-99.061806,"y":19.315049,"fech_cr":"2018-08-17T00:00:00","anio":2018,"mes":8,"dia":17}},
{"type":"Feature","geometry":{"type":"Polygon","coordinates":[[[-99.01458948565416,19.351684829081563],[-99.0186967981804,19.353722388560197],[-99.02606278468838,19.357801418466384],[-99.02778213899126,19.359166414228937],[-99.03999514280332,19.36048085801004],[-99.04009491794764,19.34951744022477],[-99.03969454614985,19.349085791837144],[-99.0336688887632,19.3465263225438],[-99.03248974973263,19.34330428533651],[-99.0228202112152,19.344135424177175],[-99.02062467259697,19.34455431744487],[-99.01884268607752,19.346438442484832],[-99.01745922531578,19.34936701160559],[-99.01667337552388,19.3505203095633],[-99.01458948565416,19.351684829081563]]]},"properties":{"_id":610,"id":609,"g_pnt_2":"19.3517873584,-99.0291963548","geo_shp":"{\"type\": \"Polygon\", \"coordinates\": [[[-99.01458948565417, 19.351684829081563], [-99.01545864248111, 19.35129387225091], [-99.01600180331492, 19.351043658846503], [-99.01637910325351, 19.350791380109644], [-99.01667337552388, 19.3505203095633], [-99.01702","deleg":"IZTAPALAPA","zona":"ORIENTE","sctr_18":"SANTA CRUZ","cv_sctr":3,"zp":3,"are_km2":3.365882056686932,"x":-99.027368,"y":19.351894,"fech_cr":"2018-08-17T00:00:00","anio":2018,"mes":8,"dia":17}},
{"type":"Feature","geometry":{"type":"Polygon","coordinates":[[[-99.01305871533968,19.352364046021076],[-98.99992144689216,19.35775854634812],[-98.99775383932337,19.359064042738076],[-99.00153110322688,19.361159915604123],[-99.01102786865444,19.36856090832996],[-99.00971146226878,19.36280345747237],[-99.01122176811116,19.36199945869724],[-99.01458284772912,19.362701095754723],[-99.01399638604438,19.365938660340714],[-99.01591276545604,19.366599798151345],[-99.01671564114676,19.3644573174449],[-99.01823152741912,19.36263144706288],[-99.0201489104379,19.363111965297172],[-99.02020881044288,19.36162515088732],[-99.02210229227856,19.359313152657105],[-99.02040381561504,19.35855037988841],[-99.01677750408088,19.35857894802989],[-99.01501307080886,19.357769224775815],[-99.01491719572267,19.353660195714458],[-99.01305871533968,19.352364046021076]]]},"properties":{"_id":611,"id":610,"g_pnt_2":"19.3597165793,-99.0101500247","geo_shp":"{\"type\": \"Polygon\", \"coordinates\": [[[-98.99769604969197, 19.358574645162513], [-98.99794789767888, 19.35851789079091], [-98.99823250023137, 19.358430136737248], [-98.99992144689215, 19.35775854634812], [-99.00532316293305, 19.355547641478356], [-99.0053","deleg":"IZTAPALAPA","zona":"ORIENTE","sctr_18":"TEOTONGO","cv_sctr":4,"zp":1,"are_km2":1.953085688488198,"x":-99.009899,"y":19.360463,"fech_cr":"2018-08-17T00:00:00","anio":2018,"mes":8,"dia":17}},
{"type":"Feature","geometry":{"type":"Polygon","coordinates":[[[-99.05725063370284,19.342453333600535],[-99.05738249416724,19.345174305937817],[-99.05576333477036,19.350093725798285],[-99.05273271108224,19.349362204501947],[-99.0523199006187,19.350932190330703],[-99.05863700314976,19.35248612423529],[-99.06167298562508,19.352812741919372],[-99.06236610961612,19.35149027545874],[-99.06589094989272,19.352175003717036],[-99.0676543186396,19.35132733452256],[-99.07047902994356,19.354335037628324],[-99.07204810901764,19.35466611090255],[-99.07417210963744,19.356486645536883],[-99.07585629355852,19.350967110499216],[-99.07449324396543,19.35034596261104],[-99.06020139321934,19.343778681519492],[-99.05725063370284,19.342453333600535]]]},"properties":{"_id":612,"id":611,"g_pnt_2":"19.3495965679,-99.0642585651","geo_shp":"{\"type\": \"Polygon\", \"coordinates\": [[[-99.0523199006187, 19.350932190330703], [-99.05273271108224, 19.349362204501947], [-99.0550388084935, 19.349906773193077], [-99.05576333477035, 19.350093725798285], [-99.0563367247329, 19.347675213187152], [-99.05679","deleg":"IZTAPALAPA","zona":"ORIENTE","sctr_18":"ABASTO-REFORMA","cv_sctr":2,"zp":5,"are_km2":1.511890317843212,"x":-99.064088,"y":19.349808,"fech_cr":"2018-08-17T00:00:00","anio":2018,"mes":8,"dia":17}},
{"type":"Feature","geometry":{"type":"Polygon","coordinates":[[[-99.03299161774608,19.19171419958872],[-99.03459662771516,19.187855414930237],[-99.03524046835796,19.1833289859575],[-99.03739889984531,19.180722549119377],[-99.03479966242315,19.180411069444276],[-99.0337898590795,19.178161524723368],[-99.03209108499723,19.17927539891968],[-99.02883137500908,19.179265817392945],[-99.0263122386594,19.180010111789503],[-99.02539092918916,19.180976943590363],[-99.02185446375276,19.182136428865284],[-99.02057465119066,19.18176023549947],[-99.01345591266572,19.18288829263118],[-99.01326153868968,19.184588711276167],[-99.01392294461616,19.186492330439386],[-99.01144515416271,19.187984670731055],[-99.01709038090333,19.189640439566045],[-99.01892038561148,19.18809377307105],[-99.02373027671312,19.18852848259215],[-99.02351204887718,19.19035047471381],[-99.02915838428176,19.19067864613344],[-99.03299161774608,19.19171419958872]]]},"properties":{"_id":613,"id":612,"g_pnt_2":"19.185113196,-99.0258430236","geo_shp":"{\"type\": \"Polygon\", \"coordinates\": [[[-99.03299161774608, 19.19171419958872], [-99.0306072135766, 19.191032698406033], [-99.02953116900578, 19.190744382897996], [-99.02915838428177, 19.190678646133442], [-99.02884401372883, 19.19067363457176], [-99.02865","deleg":"MILPA ALTA","zona":"ORIENTE","sctr_18":"MILPA ALTA","cv_sctr":1,"zp":2,"are_km2":2.247438667750468,"x":-99.020768,"y":19.187679,"fech_cr":"2018-08-17T00:00:00","anio":2018,"mes":8,"dia":17}},
{"type":"Feature","geometry":{"type":"Polygon","coordinates":[[[-99.29472708203411,19.35160053219636],[-99.2946845774497,19.34924464963016],[-99.29734327424325,19.346330908285015],[-99.29741350374888,19.338637343817393],[-99.292611696262,19.34263753139557],[-99.28829136339918,19.34417143162895],[-99.28537578939935,19.3469921762484],[-99.28267172353036,19.346801357564473],[-99.28047512218984,19.348113595799475],[-99.27735150825094,19.351335085180757],[-99.271862125555,19.351982418198975],[-99.27447529838976,19.35226282613987],[-99.27571407713164,19.35304289911587],[-99.27577447166408,19.35323070195014],[-99.275946229859,19.35588897800786],[-99.28112447864042,19.354300451962107],[-99.28196694152427,19.355641069978507],[-99.2810278314852,19.358633192093667],[-99.27817430024784,19.360363505969797],[-99.28066333507194,19.36291175548142],[-99.28662095543925,19.361562543572873],[-99.28739246032345,19.36115942058802],[-99.29096325787394,19.35582900278484],[-99.29472708203411,19.35160053219636]]]},"properties":{"_id":614,"id":613,"g_pnt_2":"19.3516588482,-99.2870502327","geo_shp":"{\"type\": \"Polygon\", \"coordinates\": [[[-99.29472708203413, 19.351600532196358], [-99.29282884868667, 19.35378556870753], [-99.29096325787394, 19.35582900278484], [-99.28768741707178, 19.36087354397564], [-99.28739246032343, 19.36115942058802], [-99.286999","deleg":"CUAJIMALPA","zona":"PONIENTE","sctr_18":"EL YAQUI","cv_sctr":7,"zp":6,"are_km2":2.88761946926883,"x":-99.293485,"y":19.348483,"fech_cr":"2018-08-17T00:00:00","anio":2018,"mes":8,"dia":17}},
{"type":"Feature","geometry":{"type":"Polygon","coordinates":[[[-99.24522419464654,19.26291570121179],[-99.24521698553252,19.261586968950944],[-99.2464600195974,19.259143004498984],[-99.24379296121847,19.257684980303697],[-99.2444908244714,19.25580878799889],[-99.24484876255578,19.252126383773547],[-99.24617000788592,19.25087097175367],[-99.24716098974172,19.24830198460613],[-99.25206005887092,19.24386693900503],[-99.252810078189,19.24172601360771],[-99.253486049609,19.235056048884243],[-99.2549210117414,19.23271099285552],[-99.25815801858568,19.23061600189002],[-99.25938203036972,19.227837029391672],[-99.25745801410098,19.225882957228087],[-99.25149100257188,19.226762949490308],[-99.24860003709848,19.226851038846764],[-99.2429600777354,19.223814020428797],[-99.24072196645795,19.224209941981336],[-99.23815802870308,19.223110040322304],[-99.2337290392497,19.22280104613696],[-99.2312120204224,19.219895941259797],[-99.23065195886086,19.217782957786632],[-99.2293101118124,19.217319823689],[-99.22589698323632,19.219895974192188],[-99.2236600002943,19.22055604405192],[-99.224031054232,19.222960390378212],[-99.22626832781468,19.225826353567967],[-99.228896640918,19.23036145598751],[-99.22987731344412,19.23299440499525],[-99.2269068219092,19.231866478497743],[-99.22002703193002,19.231841976635483],[-99.21656082487588,19.232878505305024],[-99.21254580097605,19.232226788945535],[-99.208158599676,19.232094995390607],[-99.20375752225016,19.23281890905585],[-99.20097307450789,19.23384643025259],[-99.19561782960776,19.233541326871663],[-99.19312358024808,19.23381673802551],[-99.19016368156358,19.234996116810755],[-99.18957617133356,19.2357484972885],[-99.1952514710506,19.242026479045865],[-99.19434869474246,19.244041620586017],[-99.19422449141427,19.247168133118667],[-99.19527244198396,19.25050596789954],[-99.19342934673028,19.250366211956013],[-99.19304211862236,19.25170729812642],[-99.19523254547298,19.2537006246493],[-99.19295139588232,19.26078646840001],[-99.19574217421402,19.26282506374913],[-99.19372438698817,19.26444254819636],[-99.19414494735334,19.268439001481855],[-99.1944369015556,19.270610937987374],[-99.19363804869236,19.272361422633868],[-99.19202019921865,19.273809003887965],[-99.1938490453575,19.278280262814494],[-99.1988268983385,19.276873145857405],[-99.20127221328498,19.276604575890623],[-99.2011548406836,19.275956240211343],[-99.20536518654548,19.271920048753262],[-99.20588403269574,19.271617330074637],[-99.20558671398572,19.269997360406126],[-99.20428256558624,19.265992797479385],[-99.20596195182196,19.264743057850023],[-99.20867234453937,19.26669911854778],[-99.21229001012776,19.26740794921296],[-99.21504339647406,19.268673734545988],[-99.2186476395994,19.2674608292586],[-99.22225326643851,19.267314406818898],[-99.22436445441753,19.265913493978115],[-99.22737200433264,19.265186932428165],[-99.23091279504229,19.266691723113183],[-99.23475756560757,19.266232495007223],[-99.2363209825008,19.265034052679933],[-99.2443386614755,19.2640914430224],[-99.24522419464654,19.26291570121179]]]},"properties":{"_id":615,"id":614,"g_pnt_2":"19.2472062836,-99.222333313","geo_shp":"{\"type\": \"Polygon\", \"coordinates\": [[[-99.24529596972474, 19.2626760120582], [-99.24522419464654, 19.26291570121179], [-99.24530733787464, 19.263281531440438], [-99.24508590681276, 19.263542750509995], [-99.24480912680478, 19.263699566108173], [-99.24433","deleg":"TLALPAN","zona":"SUR","sctr_18":"FUENTE","cv_sctr":4,"zp":10,"are_km2":26.08224745628907,"x":-99.225923,"y":19.245629,"fech_cr":"2018-08-17T00:00:00","anio":2018,"mes":8,"dia":17}},
{"type":"Feature","geometry":{"type":"Polygon","coordinates":[[[-99.15097295077445,19.431005047142275],[-99.15268797251254,19.42681698663787],[-99.14863698243252,19.42645106742964],[-99.14710786096352,19.426575225618464],[-99.1463292944828,19.43035831575173],[-99.15097295077445,19.431005047142275]]]},"properties":{"_id":616,"id":615,"g_pnt_2":"19.4286211276,-99.1493351402","geo_shp":"{\"type\": \"Polygon\", \"coordinates\": [[[-99.15097295077443, 19.431005047142275], [-99.14632929448281, 19.43035831575173], [-99.14710786096353, 19.426575225618464], [-99.14863698243252, 19.42645106742964], [-99.14860340027336, 19.42660319954189], [-99.15268","deleg":"CUAUHTEMOC","zona":"CENTRO","sctr_18":"REVOLUCION","cv_sctr":1,"zp":9,"are_km2":0.246555420161477,"x":-99.149854,"y":19.428058,"fech_cr":"2018-08-17T00:00:00","anio":2018,"mes":8,"dia":17}},
{"type":"Feature","geometry":{"type":"Polygon","coordinates":[[[-99.08370153828086,19.391954884844992],[-99.0745814277822,19.387231381212803],[-99.07359694018454,19.39132625053813],[-99.07300886713531,19.393900983921384],[-99.08303529513604,19.39557372752669],[-99.08370153828086,19.391954884844992]]]},"properties":{"_id":668,"id":667,"g_pnt_2":"19.392010459,-99.0780903233","geo_shp":"{\"type\": \"Polygon\", \"coordinates\": [[[-99.08370153828086, 19.391954884844992], [-99.08303529513603, 19.39557372752669], [-99.07300886713531, 19.393900983921384], [-99.07359694018454, 19.39132625053813], [-99.0745814277822, 19.387231381212803], [-99.07967","deleg":"IZTACALCO","zona":"NORTE","sctr_18":"PANTITLAN","cv_sctr":2,"zp":14,"are_km2":0.617250325843539,"x":-99.077731,"y":19.393261,"fech_cr":"2018-08-17T00:00:00","anio":2018,"mes":8,"dia":17}},
{"type":"Feature","geometry":{"type":"Polygon","coordinates":[[[-99.1396568638052,19.43905368393788],[-99.14348004159405,19.43925865876599],[-99.1463823239834,19.436705089295643],[-99.14022029967992,19.43545064158077],[-99.13997100705106,19.43701300059595],[-99.1396568638052,19.43905368393788]]]},"properties":{"_id":617,"id":616,"g_pnt_2":"19.4374711393,-99.1424174868","geo_shp":"{\"type\": \"Polygon\", \"coordinates\": [[[-99.13965686380521, 19.43905368393788], [-99.13997100705106, 19.437013000595954], [-99.14022029967991, 19.43545064158077], [-99.14283848693117, 19.43592976711035], [-99.1463823239834, 19.436705089295643], [-99.143480","deleg":"CUAUHTEMOC","zona":"CENTRO","sctr_18":"REVOLUCION","cv_sctr":2,"zp":14,"are_km2":0.19817282347796,"x":-99.143021,"y":19.437488,"fech_cr":"2018-08-17T00:00:00","anio":2018,"mes":8,"dia":17}},
{"type":"Feature","geometry":{"type":"Polygon","coordinates":[[[-99.16999106200984,19.399758963580133],[-99.168244426255,19.40510342068634],[-99.17155944235309,19.405362234670697],[-99.1741490136542,19.406707928234862],[-99.17502518708596,19.404058944156088],[-99.17083701293689,19.402615989740436],[-99.16999106200984,19.399758963580133]]]},"properties":{"_id":618,"id":617,"g_pnt_2":"19.4039678388,-99.1714839529","geo_shp":"{\"type\": \"Polygon\", \"coordinates\": [[[-99.16999106200984, 19.399758963580133], [-99.17083701293687, 19.402615989740436], [-99.17494296511333, 19.404032994683217], [-99.17502518708595, 19.404058944156088], [-99.17472249452443, 19.404939690177983], [-99.17","deleg":"CUAUHTEMOC","zona":"CENTRO","sctr_18":"ROMA","cv_sctr":4,"zp":3,"are_km2":0.208866573193826,"x":-99.169948,"y":19.40243,"fech_cr":"2018-08-17T00:00:00","anio":2018,"mes":8,"dia":17}},
{"type":"Feature","geometry":{"type":"Polygon","coordinates":[[[-99.11930187320488,19.426980993576127],[-99.11250833286508,19.426044052067123],[-99.1101715109151,19.42658702513439],[-99.11017438860291,19.42986663010291],[-99.10929887772944,19.432861082835444],[-99.11461773327076,19.431160158367867],[-99.1187187416055,19.43147438484433],[-99.11910830001104,19.42827017000141],[-99.11930187320488,19.426980993576127]]]},"properties":{"_id":619,"id":618,"g_pnt_2":"19.429056509,-99.1142390814","geo_shp":"{\"type\": \"Polygon\", \"coordinates\": [[[-99.11930187320488, 19.426980993576127], [-99.11910830001105, 19.42827017000141], [-99.1187187416055, 19.43147438484433], [-99.11856297018637, 19.431441860513004], [-99.11819771945211, 19.431401338625584], [-99.11734","deleg":"VENUSTIANO CARRANZA","zona":"NORTE","sctr_18":"CONGRESO","cv_sctr":4,"zp":5,"are_km2":0.537440555787792,"x":-99.114289,"y":19.429374,"fech_cr":"2018-08-17T00:00:00","anio":2018,"mes":8,"dia":17}},
{"type":"Feature","geometry":{"type":"Polygon","coordinates":[[[-99.14403400979796,19.566557158891175],[-99.14509584456,19.56395981470704],[-99.14597135338558,19.5637897447146],[-99.14850983064026,19.560733065272185],[-99.1480481600308,19.559410885981883],[-99.15247102662472,19.558566710420955],[-99.15174352286677,19.557833381962364],[-99.14659609843396,19.555041860285197],[-99.14598890002522,19.556273089691143],[-99.14374445845084,19.55761498257077],[-99.14143760765504,19.558054313628578],[-99.1402498748687,19.55686002043976],[-99.1375462046814,19.55589336213726],[-99.13610794322024,19.557146970370987],[-99.13329359458352,19.559755779148013],[-99.13726752936007,19.561614451552032],[-99.13679008377586,19.56262096719568],[-99.1395013492539,19.563868788528456],[-99.14059389825292,19.56507626410601],[-99.14403400979796,19.566557158891175]]]},"properties":{"_id":620,"id":619,"g_pnt_2":"19.5602440541,-99.1425967993","geo_shp":"{\"type\": \"Polygon\", \"coordinates\": [[[-99.14403400979795, 19.566557158891175], [-99.14382554702786, 19.566495417798464], [-99.14356903086086, 19.566322100725255], [-99.14338570960152, 19.566120799056545], [-99.14301917269142, 19.565836406462225], [-99.14","deleg":"GUSTAVO A MADERO","zona":"NORTE","sctr_18":"CUAUTEPEC","cv_sctr":1,"zp":5,"are_km2":1.144466151418222,"x":-99.136771,"y":19.557829,"fech_cr":"2018-08-17T00:00:00","anio":2018,"mes":8,"dia":17}},
{"type":"Feature","geometry":{"type":"Polygon","coordinates":[[[-99.10080359858752,19.379609573340034],[-99.09534996488068,19.37896423405513],[-99.09433102784612,19.38045943145623],[-99.09241241873984,19.383274867278946],[-99.09999097003003,19.384998970111496],[-99.10080359858752,19.379609573340034]]]},"properties":{"_id":621,"id":620,"g_pnt_2":"19.3818738561,-99.0971630089","geo_shp":"{\"type\": \"Polygon\", \"coordinates\": [[[-99.10080359858753, 19.379609573340034], [-99.10038442264309, 19.382595250501787], [-99.10036801996294, 19.382713021629282], [-99.09999097003003, 19.384998970111496], [-99.09241241873985, 19.383274867278942], [-99.09","deleg":"IZTACALCO","zona":"NORTE","sctr_18":"TLACOTAL","cv_sctr":3,"zp":16,"are_km2":0.395530331602312,"x":-99.096514,"y":19.382383,"fech_cr":"2018-08-17T00:00:00","anio":2018,"mes":8,"dia":17}},
{"type":"Feature","geometry":{"type":"Polygon","coordinates":[[[-99.13509220509184,19.376600725854015],[-99.13607879227416,19.37217455915071],[-99.1370108628768,19.367979431662175],[-99.13733066308708,19.366556284028732],[-99.12949498041894,19.365516988808885],[-99.12917265872876,19.376151238284812],[-99.13509220509184,19.376600725854015]]]},"properties":{"_id":622,"id":621,"g_pnt_2":"19.3710264217,-99.1327724406","geo_shp":"{\"type\": \"Polygon\", \"coordinates\": [[[-99.13586125213608, 19.373150258125037], [-99.13509220509185, 19.376600725854015], [-99.13451634092024, 19.37668167894375], [-99.13360323015375, 19.376703500050763], [-99.1312452339389, 19.37647448203669], [-99.12917","deleg":"IZTAPALAPA","zona":"ORIENTE","sctr_18":"CHURUBUSCO","cv_sctr":3,"zp":7,"are_km2":0.84950626969293,"x":-99.134584,"y":19.374953,"fech_cr":"2018-08-17T00:00:00","anio":2018,"mes":8,"dia":17}},
{"type":"Feature","geometry":{"type":"Polygon","coordinates":[[[-99.11947812049269,19.3158168288592],[-99.11868393337734,19.324118045725204],[-99.12011746008083,19.326808207737027],[-99.12027485674724,19.32828660020783],[-99.12405446839276,19.32858602131179],[-99.125332296625,19.328677785049347],[-99.1259419185502,19.322051742058314],[-99.12471071768474,19.321115546855676],[-99.12398648510512,19.316201181913492],[-99.11947812049269,19.3158168288592]]]},"properties":{"_id":669,"id":668,"g_pnt_2":"19.3224167613,-99.1221970762","geo_shp":"{\"type\": \"Polygon\", \"coordinates\": [[[-99.11868400489502, 19.324217100176714], [-99.11868393337734, 19.324118045725204], [-99.11874239154295, 19.323337953464325], [-99.11906899252449, 19.318978618188922], [-99.11940995662307, 19.316331848872675], [-99.11","deleg":"COYOACAN","zona":"SUR","sctr_18":"CULHUACAN","cv_sctr":2,"zp":1,"are_km2":0.849034322429845,"x":-99.121697,"y":19.322454,"fech_cr":"2018-08-17T00:00:00","anio":2018,"mes":8,"dia":17}},
{"type":"Feature","geometry":{"type":"Polygon","coordinates":[[[-99.1370108628768,19.367979431662175],[-99.13607879227416,19.37217455915071],[-99.14071298113168,19.373080414984784],[-99.14083463674623,19.37225634790177],[-99.14137301941106,19.36859545431111],[-99.1370108628768,19.367979431662175]]]},"properties":{"_id":623,"id":622,"g_pnt_2":"19.3704809388,-99.1388077169","geo_shp":"{\"type\": \"Polygon\", \"coordinates\": [[[-99.13652778476317, 19.370129608811023], [-99.1370108628768, 19.367979431662175], [-99.13875950785648, 19.36819908053638], [-99.1389836226588, 19.36826759660142], [-99.13991575504257, 19.368386813688623], [-99.141373","deleg":"BENITO JUAREZ","zona":"SUR","sctr_18":"NATIVITAS","cv_sctr":4,"zp":5,"are_km2":0.234868028146793,"x":-99.139042,"y":19.369003,"fech_cr":"2018-08-17T00:00:00","anio":2018,"mes":8,"dia":17}},
{"type":"Feature","geometry":{"type":"Polygon","coordinates":[[[-99.2103669266129,19.47776316196389],[-99.210036560915,19.477680218308183],[-99.19999184542232,19.47501635398175],[-99.19739627197842,19.481587845761776],[-99.20832304732488,19.48438893170459],[-99.2103669266129,19.47776316196389]]]},"properties":{"_id":624,"id":623,"g_pnt_2":"19.4797237928,-99.2040474391","geo_shp":"{\"type\": \"Polygon\", \"coordinates\": [[[-99.2103669266129, 19.47776316196389], [-99.20919120638685, 19.48170113470152], [-99.20832304732487, 19.48438893170459], [-99.20306347234532, 19.483018202971238], [-99.19971643847349, 19.482061856831365], [-99.199055","deleg":"AZCAPOTZALCO","zona":"PONIENTE","sctr_18":"CLAVERIA","cv_sctr":1,"zp":5,"are_km2":0.883164799498475,"x":-99.20417,"y":19.479711,"fech_cr":"2018-08-17T00:00:00","anio":2018,"mes":8,"dia":17}},
{"type":"Feature","geometry":{"type":"Polygon","coordinates":[[[-99.16581684920187,19.262365789824415],[-99.16771333630264,19.262962728536973],[-99.169290396401,19.26190538155613],[-99.1703988326603,19.258784118971125],[-99.1722038104951,19.257340075015385],[-99.17451081091458,19.25671328138265],[-99.17638686225854,19.256918900955867],[-99.17807260075048,19.255446625701577],[-99.17713786498912,19.253748323342016],[-99.17437206804216,19.252296967628503],[-99.16594264333764,19.249299984458204],[-99.16507786022352,19.247933787307623],[-99.15952894277204,19.24701720652025],[-99.15919055404976,19.245999473897808],[-99.1554771817668,19.24437168937632],[-99.15489238055768,19.245173484383287],[-99.15180944762172,19.243766789714325],[-99.15164864302706,19.241589243219885],[-99.14979045893404,19.239038472119606],[-99.14714115732316,19.23954023570166],[-99.1489247292356,19.24358966729721],[-99.1501482402038,19.245034910734812],[-99.15223322655956,19.245914653432017],[-99.15465988409244,19.247869230531617],[-99.1554359136783,19.249857811126375],[-99.15544470882362,19.25212423315636],[-99.15674435087853,19.25375021363636],[-99.15875808100246,19.253704010785096],[-99.15965352027597,19.25599397156833],[-99.16491832253476,19.260344560222418],[-99.16543381346918,19.261212001117183],[-99.16581684920187,19.262365789824415]]]},"properties":{"_id":625,"id":624,"g_pnt_2":"19.2522361449,-99.1634791519","geo_shp":"{\"type\": \"Polygon\", \"coordinates\": [[[-99.17329575875718, 19.257536973030742], [-99.1725214555941, 19.257349175067095], [-99.1722038104951, 19.257340075015385], [-99.17188630288831, 19.25746292717157], [-99.17153912805297, 19.257698870345205], [-99.17085","deleg":"TLALPAN","zona":"SUR","sctr_18":"HUIPULCO-HOSPITALES","cv_sctr":5,"zp":13,"are_km2":2.590719106994904,"x":-99.163827,"y":19.248019,"fech_cr":"2018-08-17T00:00:00","anio":2018,"mes":8,"dia":17}},
{"type":"Feature","geometry":{"type":"Polygon","coordinates":[[[-99.07176286645196,19.399293405339005],[-99.07054210458844,19.404431573557908],[-99.07682391891736,19.408019723107284],[-99.0770000575156,19.407679829376292],[-99.08115430059158,19.40085542636559],[-99.07176286645196,19.399293405339005]]]},"properties":{"_id":626,"id":625,"g_pnt_2":"19.4030855884,-99.0753794302","geo_shp":"{\"type\": \"Polygon\", \"coordinates\": [[[-99.07176286645195, 19.399293405339005], [-99.07713813899102, 19.400153676525054], [-99.08115430059158, 19.40085542636559], [-99.0795010474523, 19.40347213353577], [-99.07949866639323, 19.403472134577292], [-99.07806","deleg":"IZTACALCO","zona":"NORTE","sctr_18":"PANTITLAN","cv_sctr":2,"zp":8,"are_km2":0.640127406360887,"x":-99.075849,"y":19.40365,"fech_cr":"2018-08-17T00:00:00","anio":2018,"mes":8,"dia":17}},
{"type":"Feature","geometry":{"type":"Polygon","coordinates":[[[-99.08577701260212,19.437727246384263],[-99.0923144351497,19.439830819304937],[-99.09310356485136,19.44044055185156],[-99.0934812822831,19.440267285540234],[-99.09576298216932,19.436105495515296],[-99.08860606854324,19.432551614800808],[-99.0884710347544,19.43280862296246],[-99.0864251064671,19.4348921695813],[-99.08577701260212,19.437727246384263]]]},"properties":{"_id":627,"id":626,"g_pnt_2":"19.4365115249,-99.0905797338","geo_shp":"{\"type\": \"Polygon\", \"coordinates\": [[[-99.08577701260212, 19.437727246384263], [-99.08610082119674, 19.435942596541803], [-99.08615039000598, 19.435643786181302], [-99.08619001603418, 19.4354583134633], [-99.08623965925017, 19.435301033644134], [-99.0862","deleg":"VENUSTIANO CARRANZA","zona":"NORTE","sctr_18":"MOCTEZUMA","cv_sctr":6,"zp":4,"are_km2":0.518528370901568,"x":-99.09121,"y":19.43568,"fech_cr":"2018-08-17T00:00:00","anio":2018,"mes":8,"dia":17}},
{"type":"Feature","geometry":{"type":"Polygon","coordinates":[[[-99.09968516687806,19.305627258682467],[-99.10722710148008,19.30942755235821],[-99.1106246390887,19.31013734436578],[-99.1116002167952,19.305217274688495],[-99.11340626615376,19.29997312855562],[-99.10920404239458,19.29893624781438],[-99.10624041833056,19.29901057030817],[-99.10037411221498,19.29921552406564],[-99.09968516687806,19.305627258682467]]]},"properties":{"_id":628,"id":627,"g_pnt_2":"19.3037328321,-99.1064651458","geo_shp":"{\"type\": \"Polygon\", \"coordinates\": [[[-99.09968516687806, 19.305627258682467], [-99.10037411221498, 19.29921552406564], [-99.10294905707696, 19.29919962971458], [-99.10469965992766, 19.299078882717158], [-99.10520781500014, 19.29904695813588], [-99.10624","deleg":"COYOACAN","zona":"SUR","sctr_18":"CULHUACAN","cv_sctr":2,"zp":7,"are_km2":1.307130891659935,"x":-99.106833,"y":19.304584,"fech_cr":"2018-08-17T00:00:00","anio":2018,"mes":8,"dia":17}},
{"type":"Feature","geometry":{"type":"Polygon","coordinates":[[[-99.2332747796044,19.289049199460713],[-99.24183886706284,19.28847238483073],[-99.24147079761396,19.2881940554341],[-99.24119699821966,19.287816998339043],[-99.24041999871724,19.28697407210776],[-99.24240639088134,19.283488636597095],[-99.24163155172148,19.282162008367795],[-99.24446520578118,19.279288371730747],[-99.2435954566854,19.277619435260434],[-99.24240014928004,19.27795180877842],[-99.23252389099314,19.27930404746952],[-99.2332747796044,19.289049199460713]]]},"properties":{"_id":675,"id":674,"g_pnt_2":"19.2831999965,-99.237710416","geo_shp":"{\"type\": \"Polygon\", \"coordinates\": [[[-99.23327477960441, 19.289049199460713], [-99.23309235907153, 19.28631350588853], [-99.2329233136788, 19.284417045774997], [-99.23262082525052, 19.280688789244728], [-99.23252389099314, 19.27930404746952], [-99.23439","deleg":"TLALPAN","zona":"SUR","sctr_18":"PADIERNA","cv_sctr":6,"zp":6,"are_km2":1.097858203557944,"x":-99.238397,"y":19.283355,"fech_cr":"2018-08-17T00:00:00","anio":2018,"mes":8,"dia":17}},
{"type":"Feature","geometry":{"type":"Polygon","coordinates":[[[-99.02308961406978,19.256349051024188],[-99.0243562213062,19.25420853065558],[-99.02674263727484,19.252441467796626],[-99.03331441435444,19.249116518230213],[-99.03806915665872,19.246402229649693],[-99.03156257449784,19.22234415492188],[-99.01414563433528,19.24235204796172],[-99.01234445185555,19.240958350794056],[-99.0128081432474,19.237709277435773],[-99.0103708698702,19.23769018096336],[-99.00823868063544,19.240461767307316],[-99.00538569758277,19.247267061677732],[-99.00874173259184,19.24952595774534],[-99.01038924869492,19.251547470849772],[-99.01503879611548,19.25276111929246],[-99.01461088487352,19.253852571375916],[-99.02308961406978,19.256349051024188]]]},"properties":{"_id":676,"id":675,"g_pnt_2":"19.2423094666,-99.0234519435","geo_shp":"{\"type\": \"Polygon\", \"coordinates\": [[[-99.02308961406978, 19.256349051024188], [-99.02298378960396, 19.25627983402515], [-99.02170557724658, 19.2558148997323], [-99.02074388232654, 19.255503113307714], [-99.01774188467772, 19.254682064473137], [-99.01563","deleg":"XOCHIMILCO","zona":"ORIENTE","sctr_18":"TEPEPAN","cv_sctr":6,"zp":5,"are_km2":6.384782140406872,"x":-99.023274,"y":19.245845,"fech_cr":"2018-08-17T00:00:00","anio":2018,"mes":8,"dia":17}},
{"type":"Feature","geometry":{"type":"Polygon","coordinates":[[[-99.15949847060662,19.41753780984108],[-99.157916817979,19.41140041299257],[-99.1564217341648,19.405727281351016],[-99.15491303380804,19.40578198665052],[-99.15460372492082,19.40975758366924],[-99.15420453115692,19.41519384045059],[-99.15396457664389,19.418609939053106],[-99.15949847060662,19.41753780984108]]]},"properties":{"_id":630,"id":629,"g_pnt_2":"19.4130785567,-99.1562769707","geo_shp":"{\"type\": \"Polygon\", \"coordinates\": [[[-99.15846597058153, 19.413521720081178], [-99.15888829251405, 19.41518049523937], [-99.15866640807494, 19.415227594925142], [-99.15885646542006, 19.416146745228144], [-99.15914407315917, 19.416099587738493], [-99.159","deleg":"CUAUHTEMOC","zona":"CENTRO","sctr_18":"ROMA","cv_sctr":4,"zp":12,"are_km2":0.51316755502247,"x":-99.157892,"y":19.415737,"fech_cr":"2018-08-17T00:00:00","anio":2018,"mes":8,"dia":17}},
{"type":"Feature","geometry":{"type":"Polygon","coordinates":[[[-99.09771493713907,19.32199810171718],[-99.09561179568274,19.32740383507198],[-99.0954635940012,19.329244284084528],[-99.09314860003298,19.32884890188488],[-99.09269468505612,19.330863482397707],[-99.10482314242608,19.332880840981716],[-99.10864496441005,19.3342668113875],[-99.10649955132357,19.328193671512892],[-99.10521343921164,19.327929429306717],[-99.10006799515864,19.32563897857278],[-99.09844272027397,19.324410990363425],[-99.09771493713907,19.32199810171718]]]},"properties":{"_id":631,"id":630,"g_pnt_2":"19.3292871681,-99.1006578207","geo_shp":"{\"type\": \"Polygon\", \"coordinates\": [[[-99.09771493713907, 19.32199810171718], [-99.09782393359261, 19.32231490947268], [-99.09806122719576, 19.323065734966246], [-99.09844272027397, 19.324410990363422], [-99.09857830520423, 19.32461173756523], [-99.09881","deleg":"IZTAPALAPA","zona":"ORIENTE","sctr_18":"ESTRELLA","cv_sctr":4,"zp":5,"are_km2":0.925283732274534,"x":-99.100667,"y":19.328134,"fech_cr":"2018-08-17T00:00:00","anio":2018,"mes":8,"dia":17}},
{"type":"Feature","geometry":{"type":"Polygon","coordinates":[[[-99.05207488479854,19.218338016923617],[-99.03156257449784,19.22234415492188],[-99.03806915665872,19.246402229649693],[-99.03331441435444,19.249116518230213],[-99.02674263727484,19.252441467796626],[-99.0243562213062,19.25420853065558],[-99.02308961406978,19.256349051024188],[-99.02127316742938,19.25716060369586],[-99.02050239677102,19.26027668828348],[-99.02546991283162,19.26151452695352],[-99.0288172898269,19.261640651035915],[-99.03494675670927,19.26929431524596],[-99.03783707407182,19.27126246274829],[-99.04013799839367,19.272457232286087],[-99.04905341712816,19.27544063108445],[-99.05012585236408,19.276329034835403],[-99.05409543004316,19.27805404732141],[-99.05702001281118,19.278379696674783],[-99.06068955562796,19.262301203321016],[-99.06161577089244,19.259289467425926],[-99.06307069525128,19.25964388960865],[-99.06499918832476,19.254569248712667],[-99.05972631925422,19.25120289142737],[-99.05651164920096,19.24764803901699],[-99.05605194787348,19.245904044857923],[-99.05366078094508,19.243213271791156],[-99.05354964163388,19.24202554184478],[-99.05479910467616,19.23905928993236],[-99.05395926584056,19.236225338807948],[-99.05514455795182,19.230714293615183],[-99.05497718122191,19.227218564456336],[-99.05435943064572,19.225760207903495],[-99.05423989121368,19.223016146768824],[-99.05207488479854,19.218338016923617]]]},"properties":{"_id":632,"id":631,"g_pnt_2":"19.2497267387,-99.0449755246","geo_shp":"{\"type\": \"Polygon\", \"coordinates\": [[[-99.05207488479854, 19.218338016923614], [-99.05287754140195, 19.21952835440706], [-99.05332096598526, 19.220400296277838], [-99.05397046118043, 19.222144156220455], [-99.05423989121367, 19.223016146768824], [-99.054","deleg":"XOCHIMILCO","zona":"ORIENTE","sctr_18":"TEPEPAN","cv_sctr":6,"zp":3,"are_km2":16.133998272768995,"x":-99.048135,"y":19.243467,"fech_cr":"2018-08-17T00:00:00","anio":2018,"mes":8,"dia":17}},
{"type":"Feature","geometry":{"type":"Polygon","coordinates":[[[-99.1734354598766,19.416333686034104],[-99.17630362952735,19.41943863074336],[-99.17710394000896,19.419798004639656],[-99.17815108595292,19.41730401982602],[-99.18174901612048,19.410745947533027],[-99.17778490300668,19.408590488557312],[-99.1734354598766,19.416333686034104]]]},"properties":{"_id":633,"id":632,"g_pnt_2":"19.4138627807,-99.1774779701","geo_shp":"{\"type\": \"Polygon\", \"coordinates\": [[[-99.17343545987661, 19.416333686034104], [-99.17686535909252, 19.410220072574788], [-99.17778490300668, 19.408590488557312], [-99.17925393330847, 19.40934577314624], [-99.18003232412167, 19.409732450361485], [-99.181","deleg":"CUAUHTEMOC","zona":"CENTRO","sctr_18":"ROMA","cv_sctr":4,"zp":6,"are_km2":0.502479240726097,"x":-99.177593,"y":19.414194,"fech_cr":"2018-08-17T00:00:00","anio":2018,"mes":8,"dia":17}},
{"type":"Feature","geometry":{"type":"Polygon","coordinates":[[[-99.2335761922767,19.348684519469504],[-99.23615339799238,19.347800739349136],[-99.24086464826696,19.34423170991388],[-99.2447035593399,19.34241570086861],[-99.24523107103414,19.343226762509445],[-99.2408406207614,19.345830339029288],[-99.2436585987822,19.347500112077753],[-99.2465232271748,19.348559549088193],[-99.25071876670378,19.34770147396345],[-99.25295198264072,19.34763051357383],[-99.2536223433684,19.345406748848713],[-99.25792198324486,19.341800347525968],[-99.26359606123302,19.338834084790097],[-99.26041809195162,19.337237887557624],[-99.25815164460973,19.337333929333123],[-99.25601048303852,19.336514423632917],[-99.25319988587692,19.33674899295464],[-99.25198179755894,19.338260437481324],[-99.2481692866942,19.339787987594324],[-99.24459325348816,19.340459808208017],[-99.24314467684692,19.33992517512819],[-99.24205747696077,19.340791897001537],[-99.23947071175829,19.34050682926801],[-99.23679118502096,19.341844484137575],[-99.23274419897646,19.342135652440756],[-99.23161157346792,19.343111004289018],[-99.2326929725212,19.343811408384664],[-99.23245744271676,19.34684649667583],[-99.23058863277984,19.348235262848647],[-99.23164959502331,19.349275608168533],[-99.2335761922767,19.348684519469504]]]},"properties":{"_id":634,"id":633,"g_pnt_2":"19.3429186199,-99.2471970232","geo_shp":"{\"type\": \"Polygon\", \"coordinates\": [[[-99.2335761922767, 19.348684519469504], [-99.23164959502333, 19.349275608168533], [-99.23156550511528, 19.348789574422558], [-99.23144994384978, 19.3484687907023], [-99.23139476926781, 19.348434698086585], [-99.23098","deleg":"ALVARO OBREGON","zona":"PONIENTE","sctr_18":"ALPES","cv_sctr":1,"zp":4,"are_km2":2.228962168085322,"x":-99.234166,"y":19.34381,"fech_cr":"2018-08-17T00:00:00","anio":2018,"mes":8,"dia":17}},
{"type":"Feature","geometry":{"type":"Polygon","coordinates":[[[-99.10595639899904,19.24897128946607],[-99.10950050237032,19.25003693987605],[-99.110618714189,19.248570049379424],[-99.11614918603578,19.243313524956775],[-99.11869211944276,19.240884042104007],[-99.11933765098338,19.238841508145267],[-99.11953213042462,19.235947534263005],[-99.12105597018191,19.23398982601079],[-99.11674827564104,19.235142155090692],[-99.11584103339064,19.2369901701101],[-99.11384817742392,19.23943897565637],[-99.1123645457356,19.239439892382443],[-99.11175309007488,19.237835496052533],[-99.10929528033924,19.234978108526786],[-99.1100464220789,19.23322466532141],[-99.10996764603208,19.23094182613537],[-99.10882391621736,19.228885027888023],[-99.10831500978612,19.229762368994223],[-99.10564775713172,19.229835778599497],[-99.10387705005814,19.23312930410681],[-99.10609818019292,19.23327760801147],[-99.10489883283468,19.238727436076896],[-99.10485600475126,19.24035717601028],[-99.10185832710155,19.240440752104934],[-99.10152737067936,19.24255562517896],[-99.10210711219428,19.244552317861046],[-99.10393313678728,19.243184126381266],[-99.10690726432394,19.244126783715984],[-99.10699082901388,19.245483775762267],[-99.10595639899904,19.24897128946607]]]},"properties":{"_id":635,"id":634,"g_pnt_2":"19.2400080085,-99.1103138199","geo_shp":"{\"type\": \"Polygon\", \"coordinates\": [[[-99.10595639899904, 19.24897128946607], [-99.10672122653419, 19.246746437442102], [-99.10699082901387, 19.245483775762267], [-99.10690726432394, 19.244126783715984], [-99.10684712594814, 19.24382721237939], [-99.1068","deleg":"XOCHIMILCO","zona":"ORIENTE","sctr_18":"LA NORIA","cv_sctr":5,"zp":9,"are_km2":1.985754370041776,"x":-99.108945,"y":19.237101,"fech_cr":"2018-08-17T00:00:00","anio":2018,"mes":8,"dia":17}},
{"type":"Feature","geometry":{"type":"Polygon","coordinates":[[[-99.10188851251276,19.416754930748688],[-99.106700968685,19.410832995211933],[-99.10271598843045,19.410294473627705],[-99.09879258960184,19.408065050840836],[-99.09714342778862,19.408395455968527],[-99.0983181054266,19.41619095565647],[-99.10188851251276,19.416754930748688]]]},"properties":{"_id":636,"id":635,"g_pnt_2":"19.4124575483,-99.1009703468","geo_shp":"{\"type\": \"Polygon\", \"coordinates\": [[[-99.10188851251277, 19.416754930748688], [-99.10164063259614, 19.41669180550912], [-99.0999979813624, 19.416274993317035], [-99.09929603646594, 19.416194038803965], [-99.09881796709853, 19.41617604328959], [-99.09831","deleg":"VENUSTIANO CARRANZA","zona":"NORTE","sctr_18":"MERCED-BALBUENA","cv_sctr":3,"zp":10,"are_km2":0.546559910251475,"x":-99.102307,"y":19.41308,"fech_cr":"2018-08-17T00:00:00","anio":2018,"mes":8,"dia":17}},
{"type":"Feature","geometry":{"type":"Polygon","coordinates":[[[-99.12341611823804,19.45565450547354],[-99.11464326782088,19.453015293721535],[-99.11411436092028,19.45511435965827],[-99.11682498027922,19.457277250121255],[-99.12197803284984,19.459042983481755],[-99.12341611823804,19.45565450547354]]]},"properties":{"_id":637,"id":636,"g_pnt_2":"19.4560202707,-99.1188404057","geo_shp":"{\"type\": \"Polygon\", \"coordinates\": [[[-99.12341611823803, 19.45565450547354], [-99.12302777702827, 19.457284354390314], [-99.12197803284984, 19.459042983481755], [-99.11821959806821, 19.457805864217885], [-99.11682498027922, 19.457277250121255], [-99.115","deleg":"VENUSTIANO CARRANZA","zona":"NORTE","sctr_18":"CONSULADO","cv_sctr":5,"zp":5,"are_km2":0.346669719854275,"x":-99.118766,"y":19.456029,"fech_cr":"2018-08-17T00:00:00","anio":2018,"mes":8,"dia":17}},
{"type":"Feature","geometry":{"type":"Polygon","coordinates":[[[-99.21844676043374,19.41983079849746],[-99.22011995736402,19.417078881116822],[-99.22131268844684,19.41349859687285],[-99.21615322453266,19.410696073909374],[-99.21557676121397,19.40814062646937],[-99.21338906037349,19.40724395744098],[-99.21029698123336,19.409483941551255],[-99.21021497580668,19.4122270686985],[-99.21172289206936,19.414481126732287],[-99.2131389926792,19.41648773669887],[-99.21281541382392,19.41969550236185],[-99.21450114063984,19.419307971442613],[-99.21844676043374,19.41983079849746]]]},"properties":{"_id":638,"id":637,"g_pnt_2":"19.4138302274,-99.215332301","geo_shp":"{\"type\": \"Polygon\", \"coordinates\": [[[-99.2191478129717, 19.417984458137198], [-99.2188526936899, 19.418315141484168], [-99.21864235383309, 19.418722633037248], [-99.2185371043813, 19.419009706295764], [-99.21847427252366, 19.419320136078447], [-99.21845","deleg":"MIGUEL HIDALGO","zona":"PONIENTE","sctr_18":"CHAPULTEPEC","cv_sctr":2,"zp":5,"are_km2":0.948585938557531,"x":-99.213925,"y":19.414067,"fech_cr":"2018-08-17T00:00:00","anio":2018,"mes":8,"dia":17}},
{"type":"Feature","geometry":{"type":"Polygon","coordinates":[[[-99.22925644174602,19.41336176638739],[-99.22651274579889,19.41329805803171],[-99.22288406430604,19.414182003881688],[-99.22131268844684,19.41349859687285],[-99.22011995736402,19.417078881116822],[-99.21844676043374,19.41983079849746],[-99.21884971618894,19.421570158291672],[-99.21708921421606,19.42418940400392],[-99.21602226405176,19.42684838769519],[-99.2165580928706,19.427795350160075],[-99.22040386857526,19.42617225469232],[-99.22153262738702,19.425177730383087],[-99.22299312461732,19.4214470857047],[-99.2263796899506,19.418531225444564],[-99.2278192691842,19.416794099642225],[-99.22925644174602,19.41336176638739]]]},"properties":{"_id":639,"id":638,"g_pnt_2":"19.4192852279,-99.2223001494","geo_shp":"{\"type\": \"Polygon\", \"coordinates\": [[[-99.22925644174602, 19.41336176638739], [-99.22915836560804, 19.413722313128158], [-99.22866902181761, 19.415113106821824], [-99.22812803633202, 19.416293114713532], [-99.22781926918421, 19.416794099642225], [-99.226","deleg":"MIGUEL HIDALGO","zona":"PONIENTE","sctr_18":"CHAPULTEPEC","cv_sctr":2,"zp":6,"are_km2":0.92992903909495,"x":-99.222748,"y":19.416301,"fech_cr":"2018-08-17T00:00:00","anio":2018,"mes":8,"dia":17}},
{"type":"Feature","geometry":{"type":"Polygon","coordinates":[[[-99.18448136661289,19.42393471720173],[-99.18371104457675,19.4207957109964],[-99.186255555942,19.420747749980148],[-99.1854206301636,19.41886379171839],[-99.18569736997397,19.417637002336676],[-99.188469463026,19.415921773480445],[-99.188156930954,19.412924561639848],[-99.18174901612048,19.410745947533027],[-99.17815108595292,19.41730401982602],[-99.17710394000896,19.419798004639656],[-99.17740855900404,19.42278656610076],[-99.17739457992197,19.42280790873257],[-99.1776354557664,19.422877263569248],[-99.18448136661289,19.42393471720173]]]},"properties":{"_id":641,"id":640,"g_pnt_2":"19.4174237245,-99.182406222","geo_shp":"{\"type\": \"Polygon\", \"coordinates\": [[[-99.18448136661289, 19.42393471720173], [-99.17763545576639, 19.422877263569248], [-99.17739457992197, 19.42280790873257], [-99.17740855900404, 19.422786566100758], [-99.17729430368631, 19.42133829551822], [-99.17740","deleg":"MIGUEL HIDALGO","zona":"PONIENTE","sctr_18":"TACUBAYA","cv_sctr":5,"zp":6,"are_km2":1.073690050444233,"x":-99.180595,"y":19.41556,"fech_cr":"2018-08-17T00:00:00","anio":2018,"mes":8,"dia":17}},
{"type":"Feature","geometry":{"type":"Polygon","coordinates":[[[-99.12575729719892,19.422180591984706],[-99.12895782638677,19.422571849670792],[-99.13311029218256,19.42291038870304],[-99.13359172726962,19.41990833802061],[-99.1344555761443,19.414475849118816],[-99.12770615785328,19.413862538796177],[-99.126856781393,19.41969553880289],[-99.12575729719892,19.422180591984706]]]},"properties":{"_id":642,"id":641,"g_pnt_2":"19.4184506974,-99.1303947385","geo_shp":"{\"type\": \"Polygon\", \"coordinates\": [[[-99.12575729719893, 19.422180591984702], [-99.12665335646204, 19.42035263271165], [-99.12685678139299, 19.41969553880289], [-99.12711958631996, 19.417987225590924], [-99.12731117595055, 19.41669334128849], [-99.12752","deleg":"CUAUHTEMOC","zona":"CENTRO","sctr_18":"ASTURIAS","cv_sctr":1,"zp":1,"are_km2":0.6821885726022,"x":-99.130155,"y":19.418412,"fech_cr":"2018-08-17T00:00:00","anio":2018,"mes":8,"dia":17}},
{"type":"Feature","geometry":{"type":"Polygon","coordinates":[[[-99.06904548083064,19.30854772116673],[-99.06953874166918,19.312826590872177],[-99.07541654248976,19.3178559815523],[-99.07547489381729,19.317852071151037],[-99.07906845346156,19.313174191730113],[-99.087131631411,19.30367870672115],[-99.0774258711956,19.291963876698752],[-99.07685621658916,19.29213357719072],[-99.07004491664176,19.308027664223836],[-99.06904548083064,19.30854772116673]]]},"properties":{"_id":643,"id":642,"g_pnt_2":"19.305423136,-99.077375691","geo_shp":"{\"type\": \"Polygon\", \"coordinates\": [[[-99.06904548083064, 19.30854772116673], [-99.06981626193672, 19.308664106502437], [-99.07004491664176, 19.308027664223836], [-99.07151777008755, 19.30458060052005], [-99.07291791377878, 19.30129505925588], [-99.07310","deleg":"IZTAPALAPA","zona":"ORIENTE","sctr_18":"TEZONCO","cv_sctr":5,"zp":4,"are_km2":2.768582816870435,"x":-99.078088,"y":19.304909,"fech_cr":"2018-08-17T00:00:00","anio":2018,"mes":8,"dia":17}},
{"type":"Feature","geometry":{"type":"Polygon","coordinates":[[[-99.05704329587137,19.318934991323424],[-99.05346761558818,19.32031362136763],[-99.05065745380912,19.32392223627768],[-99.05120116515886,19.325291135105264],[-99.06270279227569,19.33706210957811],[-99.06398692541823,19.33761188559256],[-99.0641233706087,19.331803231105656],[-99.06865643600432,19.32629772606959],[-99.06324910449354,19.324038145747416],[-99.06342766627404,19.323476111435156],[-99.05704329587137,19.318934991323424]]]},"properties":{"_id":644,"id":643,"g_pnt_2":"19.327023808,-99.0594362001","geo_shp":"{\"type\": \"Polygon\", \"coordinates\": [[[-99.05065745380911, 19.32392223627768], [-99.05209955097702, 19.322023071750237], [-99.05346761558818, 19.32031362136763], [-99.05400087482137, 19.31996776707702], [-99.05440328602054, 19.31975977728499], [-99.054757","deleg":"IZTAPALAPA","zona":"ORIENTE","sctr_18":"TEZONCO","cv_sctr":5,"zp":2,"are_km2":1.82951478850323,"x":-99.059658,"y":19.328274,"fech_cr":"2018-08-17T00:00:00","anio":2018,"mes":8,"dia":17}},
{"type":"Feature","geometry":{"type":"Polygon","coordinates":[[[-99.09751389351682,19.47820438570212],[-99.0912711398863,19.47582295831365],[-99.08841112798731,19.48364223195733],[-99.08640838321485,19.48911152713427],[-99.09213845942884,19.49105767319666],[-99.09329892457538,19.4883634047544],[-99.09751389351682,19.47820438570212]]]},"properties":{"_id":657,"id":656,"g_pnt_2":"19.4834463538,-99.0918800994","geo_shp":"{\"type\": \"Polygon\", \"coordinates\": [[[-99.09751389351682, 19.47820438570212], [-99.09554352886538, 19.48300832318972], [-99.09376487701314, 19.48732690592718], [-99.09329892457538, 19.488363404754402], [-99.09213845942884, 19.49105767319666], [-99.086408","deleg":"GUSTAVO A MADERO","zona":"NORTE","sctr_18":"PRADERA","cv_sctr":3,"zp":1,"are_km2":1.045802803814473,"x":-99.092412,"y":19.48344,"fech_cr":"2018-08-17T00:00:00","anio":2018,"mes":8,"dia":17}},
{"type":"Feature","geometry":{"type":"Polygon","coordinates":[[[-99.03384928951836,19.343191788213073],[-99.04034819890106,19.34262316153189],[-99.04911409085662,19.341618445105393],[-99.05368580377616,19.34130327237126],[-99.05725063370284,19.342453333600535],[-99.06020139321934,19.343778681519492],[-99.06391324603074,19.339102066510243],[-99.06398692541823,19.33761188559256],[-99.06270279227569,19.33706210957811],[-99.05120116515886,19.325291135105264],[-99.04858771953856,19.32625266186445],[-99.04795593316618,19.32867379225733],[-99.0473159306734,19.330397744127733],[-99.04745830159324,19.337481190646628],[-99.04117302535008,19.335976294965334],[-99.0353895686642,19.33795227328495],[-99.03384928951836,19.343191788213073]]]},"properties":{"_id":645,"id":644,"g_pnt_2":"19.3367162226,-99.0504474395","geo_shp":"{\"type\": \"Polygon\", \"coordinates\": [[[-99.03384928951837, 19.343191788213073], [-99.03538956866421, 19.33795227328495], [-99.0361728417966, 19.337640947397624], [-99.03661550291382, 19.33746850779082], [-99.03824440663394, 19.336894181351767], [-99.03943","deleg":"IZTAPALAPA","zona":"ORIENTE","sctr_18":"QUETZAL","cv_sctr":2,"zp":1,"are_km2":2.996106804315581,"x":-99.048917,"y":19.334385,"fech_cr":"2018-08-17T00:00:00","anio":2018,"mes":8,"dia":17}},
{"type":"Feature","geometry":{"type":"Polygon","coordinates":[[[-98.98019402571192,19.344531181092933],[-98.99220429544992,19.355732013983264],[-98.99408711599293,19.357130142443925],[-98.99581914714427,19.358481432025787],[-98.99775383932337,19.359064042738076],[-98.99992144689216,19.35775854634812],[-99.01305871533968,19.352364046021076],[-99.01397348439912,19.35195176380357],[-99.01291832717068,19.350588126979325],[-99.0094614289686,19.349789306698273],[-99.0005049963203,19.348415172014988],[-98.99503919275485,19.34712604222677],[-98.98410303960694,19.34499448086748],[-98.98019402571192,19.344531181092933]]]},"properties":{"_id":646,"id":645,"g_pnt_2":"19.3515593737,-98.9972032091","geo_shp":"{\"type\": \"Polygon\", \"coordinates\": [[[-98.98019402571191, 19.344531181092933], [-98.98095413967962, 19.344775915740854], [-98.9819050467263, 19.345084292464726], [-98.98245814089375, 19.34482405753032], [-98.98274986161294, 19.344802756141704], [-98.9838","deleg":"IZTAPALAPA","zona":"ORIENTE","sctr_18":"TEOTONGO","cv_sctr":4,"zp":2,"are_km2":2.476854121449346,"x":-98.997083,"y":19.351798,"fech_cr":"2018-08-17T00:00:00","anio":2018,"mes":8,"dia":17}},
{"type":"Feature","geometry":{"type":"Polygon","coordinates":[[[-99.0563545784467,19.362513558084768],[-99.05591522704536,19.36526931609052],[-99.0576903593042,19.36997600334129],[-99.05322974395251,19.368828388777505],[-99.05356425973184,19.364746734930744],[-99.05170426335374,19.36453795744364],[-99.05154562952134,19.366666130845186],[-99.05041119263028,19.36706194217735],[-99.04962474986756,19.369859443838692],[-99.0498304522355,19.372121454799863],[-99.0523758389547,19.37255699386432],[-99.05131842190325,19.369980261273497],[-99.05713898763982,19.37180018284955],[-99.05800194145353,19.371357691139902],[-99.05904307226886,19.374932521996698],[-99.0595751311855,19.375283285565736],[-99.0770030259287,19.378144792917197],[-99.07838524877532,19.373352012297733],[-99.080027022494,19.371014670261957],[-99.07626300136468,19.368501975303516],[-99.07065365080734,19.365386383571405],[-99.06657026630398,19.3636111835715],[-99.0563545784467,19.362513558084768]]]},"properties":{"_id":647,"id":646,"g_pnt_2":"19.3702574689,-99.0658078378","geo_shp":"{\"type\": \"Polygon\", \"coordinates\": [[[-99.04953511639596, 19.371340218987854], [-99.0496016988291, 19.37015073795914], [-99.04962474986755, 19.369859443838692], [-99.04992175164512, 19.36986469491431], [-99.04998491173104, 19.36901720435396], [-99.050305","deleg":"IZTAPALAPA","zona":"ORIENTE","sctr_18":"ABASTO-REFORMA","cv_sctr":2,"zp":3,"are_km2":3.172734519505532,"x":-99.064781,"y":19.37033,"fech_cr":"2018-08-17T00:00:00","anio":2018,"mes":8,"dia":17}},
{"type":"Feature","geometry":{"type":"Polygon","coordinates":[[[-99.0359479331985,19.295669531611026],[-99.03485346635912,19.29750081436892],[-99.03457201774984,19.300680476772165],[-99.03338718736404,19.3025831659361],[-99.03679222348998,19.302256425612217],[-99.0335203068108,19.30984894122206],[-99.03870690017672,19.31341985205567],[-99.04001555536388,19.314514142898815],[-99.04342186577384,19.311278719782933],[-99.04500997921215,19.312601927289737],[-99.0440362793518,19.30653984830062],[-99.04150534533863,19.304540455313163],[-99.0458389974174,19.2993159905065],[-99.04134400328802,19.29846407071707],[-99.04101431092586,19.2966197891437],[-99.03909514560551,19.2956422232228],[-99.0359479331985,19.295669531611026]]]},"properties":{"_id":648,"id":647,"g_pnt_2":"19.3048363572,-99.0392701789","geo_shp":"{\"type\": \"Polygon\", \"coordinates\": [[[-99.03338718736404, 19.3025831659361], [-99.03457201774985, 19.300680476772165], [-99.0344495638979, 19.299992719004976], [-99.0345998614353, 19.299108516959638], [-99.03485346635911, 19.29750081436892], [-99.0350699","deleg":"TLAHUAC","zona":"ORIENTE","sctr_18":"ZAPOTITLA","cv_sctr":4,"zp":2,"are_km2":1.667480214107635,"x":-99.039614,"y":19.305025,"fech_cr":"2018-08-17T00:00:00","anio":2018,"mes":8,"dia":17}},
{"type":"Feature","geometry":{"type":"Polygon","coordinates":[[[-99.02057465119066,19.18176023549947],[-99.02185446375276,19.182136428865284],[-99.02539092918916,19.180976943590363],[-99.0263122386594,19.180010111789503],[-99.02883137500908,19.179265817392945],[-99.03209108499723,19.17927539891968],[-99.0337898590795,19.178161524723368],[-99.03479966242315,19.180411069444276],[-99.03739889984531,19.180722549119377],[-99.03971223380684,19.17547325714447],[-99.03842767756242,19.171407432291776],[-99.036404576423,19.169873827196614],[-99.02998620674416,19.16911715230606],[-99.0258047134578,19.168397007961104],[-99.02547450758227,19.171520582563545],[-99.02448309402833,19.17471808520727],[-99.02496998261984,19.17926466613591],[-99.0232586833687,19.18109453914344],[-99.02057465119066,19.18176023549947]]]},"properties":{"_id":649,"id":648,"g_pnt_2":"19.1747006279,-99.0315173771","geo_shp":"{\"type\": \"Polygon\", \"coordinates\": [[[-99.02057465119066, 19.18176023549947], [-99.0232586833687, 19.18109453914344], [-99.02399774938439, 19.180650860089557], [-99.02461999022177, 19.180059422818864], [-99.02496998261984, 19.17926466613591], [-99.024853","deleg":"MILPA ALTA","zona":"ORIENTE","sctr_18":"MILPA ALTA","cv_sctr":1,"zp":3,"are_km2":1.698367891404672,"x":-99.026496,"y":19.176492,"fech_cr":"2018-08-17T00:00:00","anio":2018,"mes":8,"dia":17}},
{"type":"Feature","geometry":{"type":"Polygon","coordinates":[[[-98.99821677338537,19.18395010669128],[-99.00041536778046,19.18319526323793],[-99.00048850577686,19.18131617746324],[-99.00360433892756,19.180943145402676],[-99.00797827982971,19.181689182748936],[-99.00870972018828,19.18372025372478],[-99.010157890155,19.182780681781093],[-99.00925100817028,19.17835935109526],[-99.0075101567135,19.178138271213008],[-99.00755403810837,19.176811855362608],[-99.00929484993712,19.174877556873955],[-99.00720294410802,19.17375838695361],[-99.00737843239553,19.171865464331663],[-99.00315900143256,19.17020096894069],[-99.00201626958888,19.169121487693907],[-99.00061628285876,19.166197978931176],[-98.99652116466754,19.16503755915065],[-98.99649278794604,19.16671708871904],[-98.99461808541038,19.166083299363898],[-98.99340347052608,19.16431886277083],[-98.99166949738468,19.163052840428048],[-98.9901700386242,19.16399434456866],[-98.99152704337904,19.166557948471436],[-98.98795109401928,19.16758310873842],[-98.98860601755727,19.17002485372099],[-98.98848528350776,19.17474547649691],[-98.9891746963929,19.178294101161413],[-98.98991576304095,19.179091654680004],[-98.99273406007916,19.17885472169426],[-98.99343111704688,19.17944935660804],[-98.9933102929712,19.182563116154203],[-98.991443419102,19.183653560677588],[-98.99212591444254,19.184763002542805],[-98.99652417336382,19.18483390590243],[-98.99821677338537,19.18395010669128]]]},"properties":{"_id":650,"id":649,"g_pnt_2":"19.1748472554,-98.9979274189","geo_shp":"{\"type\": \"Polygon\", \"coordinates\": [[[-99.01015789015499, 19.182780681781093], [-99.00971908110118, 19.183651152914987], [-99.00870972018828, 19.18372025372478], [-99.00865111393368, 19.18343013751159], [-99.00847559375325, 19.18279450491426], [-99.00832","deleg":"MILPA ALTA","zona":"ORIENTE","sctr_18":"TECOMITL","cv_sctr":2,"zp":7,"are_km2":3.388169330060313,"x":-98.999054,"y":19.177042,"fech_cr":"2018-08-17T00:00:00","anio":2018,"mes":8,"dia":17}},
{"type":"Feature","geometry":{"type":"Polygon","coordinates":[[[-99.20127221328498,19.276604575890623],[-99.20451444739642,19.28629477398963],[-99.20935500239564,19.28569912064857],[-99.2114917420946,19.28747503195125],[-99.21070739820668,19.291261881646015],[-99.2100907682969,19.29194982777934],[-99.21320444950184,19.293386847368257],[-99.21401849694767,19.29491635873057],[-99.21613956402472,19.2917288442256],[-99.21628595822725,19.29144795633951],[-99.21669121971898,19.290289098972583],[-99.21824608155131,19.28588257623285],[-99.21727293634966,19.283145004776472],[-99.21472557471054,19.28052840231692],[-99.21205897722432,19.278745008612404],[-99.21111368495308,19.279955274544836],[-99.2075658990463,19.27691232387966],[-99.20791647628236,19.275007291855196],[-99.20554148973264,19.2755524292374],[-99.20483354897576,19.274107531436982],[-99.20536518654548,19.271920048753262],[-99.2011548406836,19.275956240211343],[-99.20127221328498,19.276604575890623]]]},"properties":{"_id":651,"id":650,"g_pnt_2":"19.2833299494,-99.2100165445","geo_shp":"{\"type\": \"Polygon\", \"coordinates\": [[[-99.20127221328498, 19.276604575890623], [-99.20115484068359, 19.275956240211343], [-99.20536518654548, 19.271920048753266], [-99.2056278195875, 19.272968685240986], [-99.20507582767281, 19.273252822427686], [-99.205","deleg":"TLALPAN","zona":"SUR","sctr_18":"FUENTE","cv_sctr":4,"zp":4,"are_km2":1.933688818985456,"x":-99.209707,"y":19.283418,"fech_cr":"2018-08-17T00:00:00","anio":2018,"mes":8,"dia":17}},
{"type":"Feature","geometry":{"type":"Polygon","coordinates":[[[-99.12845396878528,19.442484988557663],[-99.12865304768104,19.439551029562377],[-99.1231131861472,19.439530922701795],[-99.12274003825844,19.441937192287146],[-99.12285149835988,19.442064367669175],[-99.12457074615234,19.441071217526613],[-99.12713221384644,19.441321592761163],[-99.12707787880812,19.442379222347004],[-99.12845396878528,19.442484988557663]]]},"properties":{"_id":652,"id":651,"g_pnt_2":"19.440733245,-99.1258074225","geo_shp":"{\"type\": \"Polygon\", \"coordinates\": [[[-99.12845396878528, 19.442484988557666], [-99.12707787880812, 19.442379222347004], [-99.12713221384645, 19.441321592761163], [-99.12457074615234, 19.441071217526613], [-99.12444536841127, 19.442183121391043], [-99.12","deleg":"CUAUHTEMOC","zona":"CENTRO","sctr_18":"CENTRO","cv_sctr":2,"zp":5,"are_km2":0.146577608188672,"x":-99.125698,"y":19.441008,"fech_cr":"2018-08-17T00:00:00","anio":2018,"mes":8,"dia":17}},
{"type":"Feature","geometry":{"type":"Polygon","coordinates":[[[-99.1694717342288,19.43029164225266],[-99.16740004728558,19.42627196881805],[-99.16469918134476,19.427507000655275],[-99.16686450269924,19.43157135524091],[-99.1694717342288,19.43029164225266]]]},"properties":{"_id":653,"id":652,"g_pnt_2":"19.428905202,-99.1671012218","geo_shp":"{\"type\": \"Polygon\", \"coordinates\": [[[-99.1694717342288, 19.43029164225266], [-99.16686450269923, 19.43157135524091], [-99.16469918134477, 19.427507000655275], [-99.16740004728558, 19.42627196881805], [-99.1694717342288, 19.43029164225266]]]}","deleg":"CUAUHTEMOC","zona":"CENTRO","sctr_18":"ANGEL-ZONA ROSA","cv_sctr":3,"zp":3,"are_km2":0.156144788079169,"x":-99.166388,"y":19.429223,"fech_cr":"2018-08-17T00:00:00","anio":2018,"mes":8,"dia":17}},
{"type":"Feature","geometry":{"type":"Polygon","coordinates":[[[-99.16392801105891,19.435886005694012],[-99.16358097149106,19.437119060116657],[-99.16291696634964,19.43947596427086],[-99.16668802878944,19.440292980808113],[-99.1684740276715,19.436873006290615],[-99.16392801105891,19.435886005694012]]]},"properties":{"_id":654,"id":653,"g_pnt_2":"19.4380700471,-99.1655109024","geo_shp":"{\"type\": \"Polygon\", \"coordinates\": [[[-99.16392801105893, 19.435886005694012], [-99.16611971919565, 19.436297758416302], [-99.16610018052394, 19.436475186194038], [-99.16756779611156, 19.43667944455561], [-99.1684740276715, 19.436873006290618], [-99.1683","deleg":"CUAUHTEMOC","zona":"CENTRO","sctr_18":"ANGEL-ZONA ROSA","cv_sctr":3,"zp":7,"are_km2":0.183145563968087,"x":-99.165698,"y":19.438089,"fech_cr":"2018-08-17T00:00:00","anio":2018,"mes":8,"dia":17}},
{"type":"Feature","geometry":{"type":"Polygon","coordinates":[[[-99.12452020806104,19.45112595938257],[-99.1245199214926,19.451124965433376],[-99.12542299686936,19.448534954248668],[-99.12544093642678,19.44646503886555],[-99.12475847908333,19.445392463909155],[-99.11795354134924,19.444287276961205],[-99.12446276993916,19.4512636428289],[-99.12452020806104,19.45112595938257]]]},"properties":{"_id":655,"id":654,"g_pnt_2":"19.4471010626,-99.1227678996","geo_shp":"{\"type\": \"Polygon\", \"coordinates\": [[[-99.12452049352629, 19.451125507302066], [-99.12452020806103, 19.451125959382566], [-99.12446276993917, 19.4512636428289], [-99.12438074574656, 19.451018054675913], [-99.123282015196, 19.44990698804528], [-99.1179535","deleg":"VENUSTIANO CARRANZA","zona":"NORTE","sctr_18":"CONSULADO","cv_sctr":5,"zp":2,"are_km2":0.272216241132722,"x":-99.122146,"y":19.447775,"fech_cr":"2018-08-17T00:00:00","anio":2018,"mes":8,"dia":17}},
{"type":"Feature","geometry":{"type":"Polygon","coordinates":[[[-99.06295094928235,19.429655883721964],[-99.06507304587004,19.429043010398424],[-99.06780801059465,19.430269061220464],[-99.07297333991528,19.427415023919178],[-99.07338134427604,19.4244924202352],[-99.06714877242712,19.42341690199882],[-99.06295094928235,19.429655883721964]]]},"properties":{"_id":656,"id":655,"g_pnt_2":"19.4267558355,-99.0686996752","geo_shp":"{\"type\": \"Polygon\", \"coordinates\": [[[-99.06295094928237, 19.429655883721964], [-99.06306949297672, 19.429520909352735], [-99.06516178253551, 19.426545674157843], [-99.06621797233785, 19.42488253087016], [-99.06628218276992, 19.424668945912412], [-99.066","deleg":"VENUSTIANO CARRANZA","zona":"NORTE","sctr_18":"ARENAL","cv_sctr":2,"zp":3,"are_km2":0.485634870200447,"x":-99.068121,"y":19.426904,"fech_cr":"2018-08-17T00:00:00","anio":2018,"mes":8,"dia":17}},
{"type":"Feature","geometry":{"type":"Polygon","coordinates":[[[-99.08130066388549,19.490921243845655],[-99.0761841595806,19.48988070362206],[-99.06959156956084,19.49914614350789],[-99.06904411926229,19.500808738991708],[-99.07312169262124,19.502518778095578],[-99.08130066388549,19.490921243845655]]]},"properties":{"_id":658,"id":657,"g_pnt_2":"19.4959524424,-99.0748661559","geo_shp":"{\"type\": \"Polygon\", \"coordinates\": [[[-99.08130066388549, 19.490921243845655], [-99.07651026889793, 19.49762448314798], [-99.07312169262124, 19.502518778095574], [-99.07248353826566, 19.502250616621087], [-99.06904411926229, 19.500808738991708], [-99.069","deleg":"GUSTAVO A MADERO","zona":"NORTE","sctr_18":"PRADERA","cv_sctr":3,"zp":5,"are_km2":0.752384099337148,"x":-99.075864,"y":19.49394,"fech_cr":"2018-08-17T00:00:00","anio":2018,"mes":8,"dia":17}},
{"type":"Feature","geometry":{"type":"Polygon","coordinates":[[[-99.17466908542332,19.33694193567856],[-99.16875366919784,19.336714514077592],[-99.1685188025549,19.340797371830124],[-99.1674350521762,19.34432247450997],[-99.17072681909404,19.34474021916062],[-99.1713545138826,19.340532179913488],[-99.17466908542332,19.33694193567856]]]},"properties":{"_id":659,"id":658,"g_pnt_2":"19.3402321083,-99.1703106769","geo_shp":"{\"type\": \"Polygon\", \"coordinates\": [[[-99.17266254823151, 19.33664279869407], [-99.17299348143099, 19.336648992121937], [-99.17334512210124, 19.336700986849145], [-99.17466908542333, 19.33694193567856], [-99.1713545138826, 19.340532179913488], [-99.17127","deleg":"COYOACAN","zona":"SUR","sctr_18":"UNIVERSIDAD","cv_sctr":4,"zp":5,"are_km2":0.345107343715733,"x":-99.170388,"y":19.339669,"fech_cr":"2018-08-17T00:00:00","anio":2018,"mes":8,"dia":17}},
{"type":"Feature","geometry":{"type":"Polygon","coordinates":[[[-99.19952941738929,19.33251872337106],[-99.19614747836428,19.332896015408668],[-99.19443362380198,19.32947849520673],[-99.19446593021809,19.32443835602156],[-99.19434451007106,19.321581909687065],[-99.19237665945651,19.320776830164423],[-99.191502670479,19.32264568177554],[-99.18842511791374,19.32423285143693],[-99.1894173349325,19.33157421606708],[-99.18966585011742,19.33565180675723],[-99.18586746358343,19.3360808568264],[-99.18344787978842,19.33667636747477],[-99.18991795283456,19.337880351878436],[-99.19002338612742,19.338081694137927],[-99.19172579452392,19.33797389813538],[-99.19276553028038,19.336281290329097],[-99.19760770293196,19.3348215648141],[-99.19952941738929,19.33251872337106]]]},"properties":{"_id":660,"id":659,"g_pnt_2":"19.3303882563,-99.1920772779","geo_shp":"{\"type\": \"Polygon\", \"coordinates\": [[[-99.19952941738927, 19.33251872337106], [-99.19936948184692, 19.33299094173999], [-99.1989375292552, 19.333599023728816], [-99.19849200778062, 19.33416816661393], [-99.19830693896525, 19.33440759811447], [-99.1979435","deleg":"COYOACAN","zona":"SUR","sctr_18":"UNIVERSIDAD","cv_sctr":4,"zp":9,"are_km2":1.164141958824845,"x":-99.192256,"y":19.329423,"fech_cr":"2018-08-17T00:00:00","anio":2018,"mes":8,"dia":17}},
{"type":"Feature","geometry":{"type":"Polygon","coordinates":[[[-99.12498162495268,19.296033476635284],[-99.12536516481796,19.292111691688746],[-99.1163228365586,19.28864966971962],[-99.11479330533729,19.288567217966342],[-99.11518160227376,19.28908330620324],[-99.11905209940704,19.296817676199524],[-99.1193460723845,19.297419856728435],[-99.12498162495268,19.296033476635284]]]},"properties":{"_id":661,"id":660,"g_pnt_2":"19.293077978,-99.1205702127","geo_shp":"{\"type\": \"Polygon\", \"coordinates\": [[[-99.12498162495267, 19.296033476635284], [-99.12400066172064, 19.296487754904803], [-99.123837618081, 19.296487865555168], [-99.12359295746845, 19.29642467602459], [-99.12322962321373, 19.2963826244739], [-99.1229628","deleg":"TLALPAN","zona":"SUR","sctr_18":"COAPA","cv_sctr":3,"zp":17,"are_km2":0.587986721813267,"x":-99.120081,"y":19.292992,"fech_cr":"2018-08-17T00:00:00","anio":2018,"mes":8,"dia":17}},
{"type":"Feature","geometry":{"type":"Polygon","coordinates":[[[-99.1557986840886,19.342942964348573],[-99.15608003912094,19.346968425149893],[-99.15574852066835,19.349879146393206],[-99.15690063119936,19.349639921804847],[-99.16133881688418,19.348793814417732],[-99.16350214833432,19.34999734484362],[-99.16463465700464,19.343989001394345],[-99.1557986840886,19.342942964348573]]]},"properties":{"_id":662,"id":661,"g_pnt_2":"19.3463640422,-99.1597372141","geo_shp":"{\"type\": \"Polygon\", \"coordinates\": [[[-99.1539283215891, 19.342717886090682], [-99.1552103429032, 19.342882642092906], [-99.15579868408861, 19.342942964348573], [-99.15623962594911, 19.342983076115633], [-99.15884614383194, 19.343314407410194], [-99.1616","deleg":"COYOACAN","zona":"SUR","sctr_18":"COYOACAN","cv_sctr":1,"zp":5,"are_km2":0.618638890050779,"x":-99.159285,"y":19.346658,"fech_cr":"2018-08-17T00:00:00","anio":2018,"mes":8,"dia":17}},
{"type":"Feature","geometry":{"type":"Polygon","coordinates":[[[-99.11710542450643,19.390470336438256],[-99.11764507210836,19.388017503135053],[-99.11656738634667,19.387847654608024],[-99.11677185920304,19.385185813570683],[-99.11308817550612,19.384594089194746],[-99.11102644054608,19.38420700674894],[-99.11176707612822,19.387591013182952],[-99.11222427320486,19.389373248327463],[-99.1139498885966,19.390293122459735],[-99.11710542450643,19.390470336438256]]]},"properties":{"_id":683,"id":682,"g_pnt_2":"19.3874088324,-99.1143481295","geo_shp":"{\"type\": \"Polygon\", \"coordinates\": [[[-99.11710542450645, 19.390470336438256], [-99.11651525511923, 19.390470715530313], [-99.11610607930902, 19.390538218122774], [-99.1139498885966, 19.390293122459738], [-99.11407568358804, 19.389868630650795], [-99.113","deleg":"IZTACALCO","zona":"NORTE","sctr_18":"IZTACCIHUATL","cv_sctr":1,"zp":13,"are_km2":0.32976135819105,"x":-99.1166,"y":19.388016,"fech_cr":"2018-08-17T00:00:00","anio":2018,"mes":8,"dia":17}},
{"type":"Feature","geometry":{"type":"Polygon","coordinates":[[[-99.17655724482154,19.379402617007248],[-99.17587419970356,19.379604368410902],[-99.17242624740476,19.38075826428336],[-99.17122893015566,19.385401451424983],[-99.17452629662826,19.38546474482257],[-99.17455932982573,19.38536394232147],[-99.17560809428012,19.382234880152932],[-99.17655724482154,19.379402617007248]]]},"properties":{"_id":663,"id":662,"g_pnt_2":"19.3827788439,-99.1737207189","geo_shp":"{\"type\": \"Polygon\", \"coordinates\": [[[-99.17655724482154, 19.379402617007248], [-99.17560809428012, 19.382234880152932], [-99.17455932982571, 19.38536394232147], [-99.17452629662826, 19.38546474482257], [-99.17302384423644, 19.38566130506833], [-99.17211","deleg":"BENITO JUAREZ","zona":"SUR","sctr_18":"DEL VALLE","cv_sctr":2,"zp":6,"are_km2":0.229077560117597,"x":-99.174144,"y":19.383467,"fech_cr":"2018-08-17T00:00:00","anio":2018,"mes":8,"dia":17}},
{"type":"Feature","geometry":{"type":"Polygon","coordinates":[[[-99.14302916785968,19.323843090440224],[-99.14341496925375,19.32162861351884],[-99.14540824057042,19.31946383428628],[-99.14626130073152,19.317037944421752],[-99.14475300371652,19.313925347169477],[-99.14345344659974,19.31553962470536],[-99.13942547926264,19.314248711945908],[-99.13741466392798,19.32049952901592],[-99.1376556917159,19.322314321619736],[-99.14124334989968,19.326792074118867],[-99.14261221692178,19.324839293485617],[-99.14302916785968,19.323843090440224]]]},"properties":{"_id":664,"id":663,"g_pnt_2":"19.3196203897,-99.1414454561","geo_shp":"{\"type\": \"Polygon\", \"coordinates\": [[[-99.14302916785968, 19.323843090440224], [-99.14261221692178, 19.324839293485617], [-99.14205509750181, 19.32579701328526], [-99.14167374272516, 19.326354942876804], [-99.14124334989967, 19.326792074118867], [-99.139","deleg":"COYOACAN","zona":"SUR","sctr_18":"XOTEPINGO","cv_sctr":5,"zp":2,"are_km2":0.773082907033848,"x":-99.14121,"y":19.320506,"fech_cr":"2018-08-17T00:00:00","anio":2018,"mes":8,"dia":17}},
{"type":"Feature","geometry":{"type":"Polygon","coordinates":[[[-99.2044444999802,19.501321717286768],[-99.19824289526908,19.49958797202413],[-99.19768704813168,19.50125782752005],[-99.19735936620953,19.50279367572717],[-99.19820164945648,19.50562866721237],[-99.19695589939636,19.51085213791614],[-99.19967848914382,19.510480328681403],[-99.20509724289018,19.50800727206618],[-99.21010519528004,19.50761534909359],[-99.20607653951735,19.503763816641143],[-99.2044444999802,19.501321717286768]]]},"properties":{"_id":665,"id":664,"g_pnt_2":"19.5053164943,-99.2019903041","geo_shp":"{\"type\": \"Polygon\", \"coordinates\": [[[-99.2044444999802, 19.501321717286768], [-99.20575980141159, 19.50326846422938], [-99.20607653951735, 19.503763816641143], [-99.2068676128641, 19.504500744323984], [-99.2078655931602, 19.505387274370396], [-99.209496","deleg":"AZCAPOTZALCO","zona":"PONIENTE","sctr_18":"HORMIGA","cv_sctr":3,"zp":2,"are_km2":0.942885502642204,"x":-99.202504,"y":19.505215,"fech_cr":"2018-08-17T00:00:00","anio":2018,"mes":8,"dia":17}},
{"type":"Feature","geometry":{"type":"Polygon","coordinates":[[[-99.218846995574,19.48107281759538],[-99.21256209618764,19.47936062177865],[-99.2103669266129,19.47776316196389],[-99.20832304732488,19.48438893170459],[-99.21079844340568,19.485252685365253],[-99.21261201090188,19.485263941064375],[-99.2169437947527,19.486632160810895],[-99.218846995574,19.48107281759538]]]},"properties":{"_id":666,"id":665,"g_pnt_2":"19.4825352898,-99.2134521817","geo_shp":"{\"type\": \"Polygon\", \"coordinates\": [[[-99.218846995574, 19.48107281759538], [-99.21788396647632, 19.483880612752003], [-99.2169437947527, 19.486632160810895], [-99.21261201090188, 19.485263941064378], [-99.21224637610874, 19.485184386964743], [-99.211894","deleg":"AZCAPOTZALCO","zona":"PONIENTE","sctr_18":"CLAVERIA","cv_sctr":1,"zp":2,"are_km2":0.634450440142877,"x":-99.214858,"y":19.482633,"fech_cr":"2018-08-17T00:00:00","anio":2018,"mes":8,"dia":17}},
{"type":"Feature","geometry":{"type":"Polygon","coordinates":[[[-99.16730138801906,19.29165376366804],[-99.167762640996,19.29027570304128],[-99.16952921447329,19.290833152455257],[-99.17153100151168,19.28501145749094],[-99.1717950766528,19.283247474392184],[-99.16936611135164,19.282623781110477],[-99.17006994334528,19.28090539439995],[-99.16721245937065,19.27821240296337],[-99.16458967401776,19.28153899542279],[-99.16171206897278,19.28968222271732],[-99.16434116703344,19.29068307621771],[-99.16730138801906,19.29165376366804]]]},"properties":{"_id":667,"id":666,"g_pnt_2":"19.2853792823,-99.1671045833","geo_shp":"{\"type\": \"Polygon\", \"coordinates\": [[[-99.16730138801906, 19.29165376366804], [-99.16434116703344, 19.290683076217714], [-99.16171206897278, 19.28968222271732], [-99.16224195327815, 19.28865857883765], [-99.16315400904323, 19.286052337241536], [-99.16458","deleg":"TLALPAN","zona":"SUR","sctr_18":"HUIPULCO-HOSPITALES","cv_sctr":5,"zp":8,"are_km2":0.966909433314498,"x":-99.167543,"y":19.284933,"fech_cr":"2018-08-17T00:00:00","anio":2018,"mes":8,"dia":17}},
{"type":"Feature","geometry":{"type":"Polygon","coordinates":[[[-99.09898345947674,19.31448770422323],[-99.10243767940165,19.314697011697685],[-99.1041120435959,19.314179280676715],[-99.10666102783956,19.314577822810733],[-99.11108890323048,19.314976189081086],[-99.11017002879528,19.312281755181772],[-99.1106246390887,19.31013734436578],[-99.10722710148008,19.30942755235821],[-99.09968516687806,19.305627258682467],[-99.09898345947674,19.31448770422323]]]},"properties":{"_id":670,"id":669,"g_pnt_2":"19.3112866754,-99.1042055289","geo_shp":"{\"type\": \"Polygon\", \"coordinates\": [[[-99.09898345947674, 19.31448770422323], [-99.09968516687806, 19.305627258682467], [-99.10119640815567, 19.306368614601666], [-99.1011395921099, 19.30653973242574], [-99.10473329370873, 19.308256793036154], [-99.10561","deleg":"COYOACAN","zona":"SUR","sctr_18":"CULHUACAN","cv_sctr":2,"zp":6,"are_km2":0.825939245638122,"x":-99.106643,"y":19.311777,"fech_cr":"2018-08-17T00:00:00","anio":2018,"mes":8,"dia":17}},
{"type":"Feature","geometry":{"type":"Polygon","coordinates":[[[-99.18915545303815,19.46930083402255],[-99.1838646191348,19.468535096084516],[-99.1814202393024,19.46916061526687],[-99.17830415703756,19.46991527912077],[-99.18438113182724,19.47695946733604],[-99.18838600874986,19.47832301359767],[-99.18915545303815,19.46930083402255]]]},"properties":{"_id":671,"id":670,"g_pnt_2":"19.4725882358,-99.1849253601","geo_shp":"{\"type\": \"Polygon\", \"coordinates\": [[[-99.18915545303817, 19.46930083402255], [-99.1889236176508, 19.471834328841624], [-99.18871352139458, 19.473645511429464], [-99.18871456964247, 19.47455099203632], [-99.18855030096545, 19.47669272317329], [-99.188386","deleg":"AZCAPOTZALCO","zona":"PONIENTE","sctr_18":"CLAVERIA","cv_sctr":1,"zp":10,"are_km2":0.754626698272805,"x":-99.18231,"y":19.473241,"fech_cr":"2018-08-17T00:00:00","anio":2018,"mes":8,"dia":17}},
{"type":"Feature","geometry":{"type":"Polygon","coordinates":[[[-99.17710394000896,19.419798004639656],[-99.17630362952735,19.41943863074336],[-99.1734354598766,19.416333686034104],[-99.17151388461504,19.41496204966339],[-99.16971725044316,19.415096410711655],[-99.16865528192234,19.415705547436698],[-99.1699539460557,19.42114702596449],[-99.17710394000896,19.419798004639656]]]},"properties":{"_id":672,"id":671,"g_pnt_2":"19.4182154459,-99.1720983622","geo_shp":"{\"type\": \"Polygon\", \"coordinates\": [[[-99.17710394000896, 19.419798004639656], [-99.17381697710523, 19.420406073782672], [-99.17131454390008, 19.420886094301355], [-99.1699539460557, 19.42114702596449], [-99.16937736935522, 19.4184671613323], [-99.168655","deleg":"CUAUHTEMOC","zona":"CENTRO","sctr_18":"ROMA","cv_sctr":4,"zp":7,"are_km2":0.344309221278029,"x":-99.170046,"y":19.418354,"fech_cr":"2018-08-17T00:00:00","anio":2018,"mes":8,"dia":17}},
{"type":"Feature","geometry":{"type":"Polygon","coordinates":[[[-99.10528210631684,19.355447969088605],[-99.10632323573124,19.35553277138997],[-99.1108860675157,19.35590267856406],[-99.1105916180992,19.34919392328157],[-99.10648946041866,19.348752069228993],[-99.105927983053,19.351818017007],[-99.10528210631684,19.355447969088605]]]},"properties":{"_id":673,"id":672,"g_pnt_2":"19.3524688539,-99.1082969032","geo_shp":"{\"type\": \"Polygon\", \"coordinates\": [[[-99.10528210631685, 19.355447969088605], [-99.105927983053, 19.351818017006998], [-99.10648946041866, 19.348752069228993], [-99.10773602657466, 19.348858524584347], [-99.1092339109805, 19.349048782015654], [-99.11059","deleg":"IZTAPALAPA","zona":"ORIENTE","sctr_18":"GRANJAS","cv_sctr":5,"zp":11,"are_km2":0.383565101495367,"x":-99.108131,"y":19.349534,"fech_cr":"2018-08-17T00:00:00","anio":2018,"mes":8,"dia":17}},
{"type":"Feature","geometry":{"type":"Polygon","coordinates":[[[-99.09807903200876,19.355754033558213],[-99.09904881690748,19.352796613773087],[-99.0973466091614,19.35120561401249],[-99.09338936003338,19.348777150468297],[-99.0916941022629,19.348546915041396],[-99.09147422068392,19.34830309532686],[-99.09088501909692,19.34737059869085],[-99.09046844625416,19.34869809757132],[-99.08805609018498,19.34850831079822],[-99.08627652202796,19.34744053247647],[-99.08407455322724,19.348827599347693],[-99.08399421177674,19.350161977408103],[-99.08163191216724,19.35358864842536],[-99.08476441440985,19.355027932702015],[-99.08971593118174,19.35798218463704],[-99.09807903200876,19.355754033558213]]]},"properties":{"_id":674,"id":673,"g_pnt_2":"19.3527449617,-99.0903648883","geo_shp":"{\"type\": \"Polygon\", \"coordinates\": [[[-99.09904881690747, 19.352796613773087], [-99.09833405627951, 19.3547077715207], [-99.09803048992735, 19.355623734725917], [-99.09807903200877, 19.355754033558213], [-99.09399253746813, 19.356789298485744], [-99.0933","deleg":"IZTAPALAPA","zona":"ORIENTE","sctr_18":"ESTRELLA","cv_sctr":4,"zp":1,"are_km2":1.34110532608548,"x":-99.09034,"y":19.352487,"fech_cr":"2018-08-17T00:00:00","anio":2018,"mes":8,"dia":17}},
{"type":"Feature","geometry":{"type":"Polygon","coordinates":[[[-99.21080837608592,19.42036374007181],[-99.21281541382392,19.41969550236185],[-99.2131389926792,19.41648773669887],[-99.21172289206936,19.414481126732287],[-99.20816800299411,19.416553059975733],[-99.20704982083784,19.41869726571187],[-99.20615195983297,19.418373924195382],[-99.2055720511136,19.418052749173437],[-99.20560513109972,19.418681102614343],[-99.20563714860856,19.419070319837623],[-99.2053144847127,19.419714349398088],[-99.20456316211512,19.419578637641074],[-99.20349067790364,19.421069796549137],[-99.20459723665874,19.42275516721684],[-99.20599900780203,19.422775001803434],[-99.20720448471482,19.42183551814302],[-99.21080837608592,19.42036374007181]]]},"properties":{"_id":677,"id":676,"g_pnt_2":"19.4188297346,-99.2089779148","geo_shp":"{\"type\": \"Polygon\", \"coordinates\": [[[-99.21080837608591, 19.42036374007181], [-99.20864805039201, 19.421172939075134], [-99.20720448471482, 19.42183551814302], [-99.20654107227719, 19.42238097545367], [-99.20627406225888, 19.422594839552975], [-99.20599","deleg":"MIGUEL HIDALGO","zona":"PONIENTE","sctr_18":"CHAPULTEPEC","cv_sctr":2,"zp":4,"are_km2":0.470234893079411,"x":-99.207288,"y":19.418924,"fech_cr":"2018-08-17T00:00:00","anio":2018,"mes":8,"dia":17}},
{"type":"Feature","geometry":{"type":"Polygon","coordinates":[[[-99.23164959502331,19.349275608168533],[-99.23058863277984,19.348235262848647],[-99.23245744271676,19.34684649667583],[-99.2326929725212,19.343811408384664],[-99.23161157346792,19.343111004289018],[-99.23041131778665,19.34393676938736],[-99.22621641886654,19.344303264725816],[-99.2251823894372,19.34542802932367],[-99.22238101707303,19.344749209423117],[-99.22098793880193,19.3461654041518],[-99.21427626752838,19.346649530371774],[-99.21558273374914,19.348904266090567],[-99.21796904111312,19.34951834395028],[-99.2179986075572,19.350632212129344],[-99.21603141738436,19.35176590207563],[-99.2155984054414,19.35394912340851],[-99.21404402450167,19.35641085253916],[-99.20902747702702,19.358970748559766],[-99.20901519832992,19.36076764838823],[-99.21222561732183,19.359429691840283],[-99.21650215890084,19.356178930279132],[-99.21793766865356,19.353569193930248],[-99.22208757545972,19.352200655465428],[-99.2295304816606,19.350966090540727],[-99.23176773418436,19.350342545123556],[-99.23164959502331,19.349275608168533]]]},"properties":{"_id":678,"id":677,"g_pnt_2":"19.3496625584,-99.2225998027","geo_shp":"{\"type\": \"Polygon\", \"coordinates\": [[[-99.23164959502333, 19.349275608168533], [-99.23083342286797, 19.349458122217584], [-99.23095137001701, 19.34951256074586], [-99.23146946187174, 19.349751674726726], [-99.23195555316042, 19.3500502059827], [-99.23194","deleg":"ALVARO OBREGON","zona":"PONIENTE","sctr_18":"ALPES","cv_sctr":1,"zp":8,"are_km2":1.486926507181553,"x":-99.227492,"y":19.350565,"fech_cr":"2018-08-17T00:00:00","anio":2018,"mes":8,"dia":17}},
{"type":"Feature","geometry":{"type":"Polygon","coordinates":[[[-99.1429087630138,19.541900459645053],[-99.14604095275132,19.543241935175043],[-99.1469139441024,19.542099508417373],[-99.15068398632596,19.544266057493775],[-99.15078000963553,19.544094715066652],[-99.1536817649932,19.53954672346567],[-99.15766162311456,19.534622053724416],[-99.15822649418632,19.5331660551193],[-99.15563267162456,19.531641676099177],[-99.15711149655183,19.529748555843373],[-99.15209412741702,19.529204806913004],[-99.15101883373774,19.528753828263984],[-99.149056750582,19.53133451771028],[-99.14825821257574,19.533871306116502],[-99.1429087630138,19.541900459645053]]]},"properties":{"_id":679,"id":678,"g_pnt_2":"19.5364482562,-99.1509734117","geo_shp":"{\"type\": \"Polygon\", \"coordinates\": [[[-99.14290876301379, 19.541900459645053], [-99.1436594653808, 19.54075208985678], [-99.14452786647368, 19.539481886343406], [-99.14529694638554, 19.53833701952966], [-99.14539314311229, 19.538037436205382], [-99.14550","deleg":"GUSTAVO A MADERO","zona":"NORTE","sctr_18":"CUAUTEPEC","cv_sctr":1,"zp":12,"are_km2":1.39823756182172,"x":-99.150567,"y":19.53651,"fech_cr":"2018-08-17T00:00:00","anio":2018,"mes":8,"dia":17}},
{"type":"Feature","geometry":{"type":"Polygon","coordinates":[[[-99.12370435159444,19.56811612726322],[-99.1238814740197,19.569716650072703],[-99.1284963370519,19.56965793222861],[-99.13081149187944,19.57004506500188],[-99.13212814644788,19.5677212696367],[-99.13253608883126,19.564908749261708],[-99.1323134151424,19.561325785212063],[-99.13329359458352,19.559755779148013],[-99.13610794322024,19.557146970370987],[-99.13594186982844,19.55668599813948],[-99.13516930926762,19.555895247553902],[-99.13147993063689,19.554180921308493],[-99.12895729194202,19.558851465397577],[-99.1283787238823,19.55994678056642],[-99.126160391575,19.56128156818727],[-99.12603744931975,19.563295407142075],[-99.12711694931475,19.563799037261376],[-99.12552705161175,19.566413635914365],[-99.12370435159444,19.56811612726322]]]},"properties":{"_id":680,"id":679,"g_pnt_2":"19.5629656213,-99.1297577799","geo_shp":"{\"type\": \"Polygon\", \"coordinates\": [[[-99.12370435159443, 19.56811612726322], [-99.12480943792296, 19.566775275057303], [-99.12524867139471, 19.566420788253936], [-99.12552705161175, 19.566413635914365], [-99.12711694931477, 19.563799037261376], [-99.126","deleg":"GUSTAVO A MADERO","zona":"NORTE","sctr_18":"CUAUTEPEC","cv_sctr":1,"zp":3,"are_km2":1.053141325261501,"x":-99.129906,"y":19.562114,"fech_cr":"2018-08-17T00:00:00","anio":2018,"mes":8,"dia":17}},
{"type":"Feature","geometry":{"type":"Polygon","coordinates":[[[-99.1192368659878,19.56018558717988],[-99.11925175807148,19.562417498232023],[-99.12338763386204,19.56573141874706],[-99.12370435159444,19.56811612726322],[-99.12552705161175,19.566413635914365],[-99.12711694931475,19.563799037261376],[-99.12603744931975,19.563295407142075],[-99.126160391575,19.56128156818727],[-99.1283787238823,19.55994678056642],[-99.12895729194202,19.558851465397577],[-99.12434292021682,19.557657042104115],[-99.122539218677,19.559408674301032],[-99.1192368659878,19.56018558717988]]]},"properties":{"_id":681,"id":680,"g_pnt_2":"19.5620055188,-99.1238089862","geo_shp":"{\"type\": \"Polygon\", \"coordinates\": [[[-99.11925175807147, 19.562417498232026], [-99.1192368659878, 19.56018558717988], [-99.12253921867699, 19.559408674301032], [-99.12290108083926, 19.559251535899794], [-99.1230354919954, 19.559114073104535], [-99.12313","deleg":"GUSTAVO A MADERO","zona":"NORTE","sctr_18":"CUAUTEPEC","cv_sctr":1,"zp":4,"are_km2":0.547400949587635,"x":-99.124107,"y":19.563485,"fech_cr":"2018-08-17T00:00:00","anio":2018,"mes":8,"dia":17}},
{"type":"Feature","geometry":{"type":"Polygon","coordinates":[[[-99.1319868185898,19.390492228421454],[-99.12885106837544,19.39018384984536],[-99.12653840761551,19.38995645716029],[-99.12643587564372,19.393579581445515],[-99.1264195052371,19.39729320253614],[-99.12863732908885,19.397173071560168],[-99.13059722378352,19.396072955739957],[-99.1319868185898,19.390492228421454]]]},"properties":{"_id":682,"id":681,"g_pnt_2":"19.3934655024,-99.1288130385","geo_shp":"{\"type\": \"Polygon\", \"coordinates\": [[[-99.13198681858981, 19.390492228421454], [-99.1315513207308, 19.392402129817384], [-99.13128247877208, 19.393838512440084], [-99.13111813705713, 19.39471691913898], [-99.13094466006285, 19.39536875594045], [-99.13077","deleg":"IZTACALCO","zona":"NORTE","sctr_18":"IZTACCIHUATL","cv_sctr":1,"zp":3,"are_km2":0.383894843293158,"x":-99.127113,"y":19.393945,"fech_cr":"2018-08-17T00:00:00","anio":2018,"mes":8,"dia":17}},
{"type":"Feature","geometry":{"type":"Polygon","coordinates":[[[-99.1776354557664,19.422877263569248],[-99.1797477719652,19.42822676741485],[-99.18073787707246,19.43056040145991],[-99.18079143756351,19.43066961382685],[-99.18854447091176,19.43074541591936],[-99.19085670828788,19.43078104831181],[-99.19163699399152,19.42503704496163],[-99.18448136661289,19.42393471720173],[-99.1776354557664,19.422877263569248]]]},"properties":{"_id":684,"id":683,"g_pnt_2":"19.4271427042,-99.1849433358","geo_shp":"{\"type\": \"Polygon\", \"coordinates\": [[[-99.17763545576639, 19.422877263569248], [-99.18448136661289, 19.42393471720173], [-99.19163699399152, 19.42503704496163], [-99.19129402325079, 19.427757932762972], [-99.19094673358556, 19.430460567591265], [-99.1908","deleg":"MIGUEL HIDALGO","zona":"PONIENTE","sctr_18":"POLANCO-CASTILLO","cv_sctr":1,"zp":10,"are_km2":0.936027401308497,"x":-99.184639,"y":19.426829,"fech_cr":"2018-08-17T00:00:00","anio":2018,"mes":8,"dia":17}},
{"type":"Feature","geometry":{"type":"Polygon","coordinates":[[[-99.1238814740197,19.569716650072703],[-99.12429909774458,19.573868221904053],[-99.1241289592576,19.57654418134482],[-99.13015123692335,19.580460520990144],[-99.13551616245783,19.580240662701858],[-99.13572821392322,19.578422327381716],[-99.13515402831172,19.57565374041724],[-99.1362795328232,19.57222819955797],[-99.13234744894882,19.571138575197985],[-99.13081149187944,19.57004506500188],[-99.1284963370519,19.56965793222861],[-99.1238814740197,19.569716650072703]]]},"properties":{"_id":685,"id":684,"g_pnt_2":"19.5749269968,-99.1300524518","geo_shp":"{\"type\": \"Polygon\", \"coordinates\": [[[-99.1238814740197, 19.569716650072703], [-99.1271046917075, 19.569811562386665], [-99.12789566572059, 19.569616605384702], [-99.1284963370519, 19.56965793222861], [-99.1293315700594, 19.569851643279566], [-99.1301082","deleg":"GUSTAVO A MADERO","zona":"NORTE","sctr_18":"CUAUTEPEC","cv_sctr":1,"zp":1,"are_km2":1.192294862062876,"x":-99.134068,"y":19.57348,"fech_cr":"2018-08-17T00:00:00","anio":2018,"mes":8,"dia":17}},
{"type":"Feature","geometry":{"type":"Polygon","coordinates":[[[-99.14381224254528,19.486827734062235],[-99.14222630804365,19.49194664434451],[-99.14088559628968,19.495775586070547],[-99.1482166045804,19.49888889170987],[-99.14845392098796,19.498497909870498],[-99.14381224254528,19.486827734062235]]]},"properties":{"_id":686,"id":685,"g_pnt_2":"19.4939205497,-99.1444665282","geo_shp":"{\"type\": \"Polygon\", \"coordinates\": [[[-99.14381224254528, 19.486827734062235], [-99.14381224254528, 19.486827734062235], [-99.1449379639667, 19.489776001530473], [-99.14845392098796, 19.498497909870494], [-99.14866733538696, 19.499066653841087], [-99.148","deleg":"GUSTAVO A MADERO","zona":"NORTE","sctr_18":"LINDAVISTA","cv_sctr":2,"zp":9,"are_km2":0.465111303132965,"x":-99.144772,"y":19.492948,"fech_cr":"2018-08-17T00:00:00","anio":2018,"mes":8,"dia":17}},
{"type":"Feature","geometry":{"type":"Polygon","coordinates":[[[-99.13154238663962,19.469222208622817],[-99.13023792338788,19.46889372764509],[-99.1234850991628,19.467112610239163],[-99.12135698550138,19.47255228617191],[-99.12951750178009,19.475482161405942],[-99.13154238663962,19.469222208622817]]]},"properties":{"_id":687,"id":686,"g_pnt_2":"19.4712203393,-99.1265681312","geo_shp":"{\"type\": \"Polygon\", \"coordinates\": [[[-99.13154238663962, 19.469222208622817], [-99.12951750178007, 19.475482161405946], [-99.12877111677463, 19.475211382723135], [-99.12862985437806, 19.475629294303886], [-99.12750406733106, 19.475260811068228], [-99.12","deleg":"GUSTAVO A MADERO","zona":"NORTE","sctr_18":"TEPEYAC","cv_sctr":4,"zp":6,"are_km2":0.61340178265997,"x":-99.126699,"y":19.471625,"fech_cr":"2018-08-17T00:00:00","anio":2018,"mes":8,"dia":17}},
{"type":"Feature","geometry":{"type":"Polygon","coordinates":[[[-99.12998882159344,19.317803386648905],[-99.13119077867142,19.3185896301211],[-99.13417966770592,19.322463053467743],[-99.13770088355687,19.322510769618372],[-99.1376556917159,19.322314321619736],[-99.13741466392798,19.32049952901592],[-99.13942547926264,19.314248711945908],[-99.14146790721756,19.308296906483545],[-99.14622226725304,19.301717685627047],[-99.14738206711722,19.300327818627025],[-99.14416900983284,19.299583316680767],[-99.14232067463162,19.298926450809528],[-99.13439485318332,19.30749002230114],[-99.13427398118812,19.3076249557149],[-99.13134733223416,19.31568060382746],[-99.12998882159344,19.317803386648905]]]},"properties":{"_id":693,"id":692,"g_pnt_2":"19.3107572632,-99.1377153894","geo_shp":"{\"type\": \"Polygon\", \"coordinates\": [[[-99.12998882159343, 19.317803386648905], [-99.13134733223416, 19.31568060382746], [-99.1326052812423, 19.312133522197282], [-99.13277048807291, 19.31172805549662], [-99.13280184745629, 19.3116624180466], [-99.1335288","deleg":"COYOACAN","zona":"SUR","sctr_18":"CULHUACAN","cv_sctr":2,"zp":11,"are_km2":1.813262749247856,"x":-99.138687,"y":19.31072,"fech_cr":"2018-08-17T00:00:00","anio":2018,"mes":8,"dia":17}},
{"type":"Feature","geometry":{"type":"Polygon","coordinates":[[[-99.18936019814836,19.45878557938105],[-99.18939691636064,19.45890004818835],[-99.19289804918444,19.45889238056235],[-99.20054300139267,19.457378954593796],[-99.20117588770997,19.45744404766402],[-99.20971038528933,19.454848162685412],[-99.2019275469795,19.452554471209183],[-99.20208340695184,19.45001299721276],[-99.19945649823454,19.45184051895982],[-99.18936019814836,19.45878557938105]]]},"properties":{"_id":688,"id":687,"g_pnt_2":"19.4553109036,-99.199568782","geo_shp":"{\"type\": \"Polygon\", \"coordinates\": [[[-99.18936019814836, 19.45878557938105], [-99.19110547904597, 19.457523807985257], [-99.19457619922366, 19.45520710824751], [-99.19855104148164, 19.452459779020547], [-99.19945649823454, 19.45184051895982], [-99.20208","deleg":"MIGUEL HIDALGO","zona":"PONIENTE","sctr_18":"TACUBA","cv_sctr":4,"zp":4,"are_km2":0.799956127002326,"x":-99.199046,"y":19.454474,"fech_cr":"2018-08-17T00:00:00","anio":2018,"mes":8,"dia":17}},
{"type":"Feature","geometry":{"type":"Polygon","coordinates":[[[-99.18015601579192,19.455663949505173],[-99.18214821427256,19.457245358396705],[-99.18939691636064,19.45890004818835],[-99.18936019814836,19.45878557938105],[-99.1885456202544,19.456409613519863],[-99.1880104567112,19.45490765749559],[-99.18197594824308,19.447579562578664],[-99.1808708941318,19.454504518497306],[-99.18015601579192,19.455663949505173]]]},"properties":{"_id":689,"id":688,"g_pnt_2":"19.4543486134,-99.1843715576","geo_shp":"{\"type\": \"Polygon\", \"coordinates\": [[[-99.18015601579191, 19.455663949505173], [-99.18087089413179, 19.454504518497302], [-99.18103645201688, 19.453537684251845], [-99.1815638433465, 19.4504272945766], [-99.18197594824308, 19.447579562578664], [-99.18303","deleg":"MIGUEL HIDALGO","zona":"PONIENTE","sctr_18":"TACUBA","cv_sctr":4,"zp":6,"are_km2":0.590407919582051,"x":-99.184772,"y":19.453258,"fech_cr":"2018-08-17T00:00:00","anio":2018,"mes":8,"dia":17}},
{"type":"Feature","geometry":{"type":"Polygon","coordinates":[[[-99.16945442683786,19.362505422551617],[-99.17242786096304,19.363551192177447],[-99.17167864357285,19.36661054984891],[-99.17564241521984,19.36751849752989],[-99.17687285349976,19.3638892785311],[-99.17320928692922,19.36018099117528],[-99.17129287124249,19.359010786401303],[-99.16945442683786,19.362505422551617]]]},"properties":{"_id":690,"id":689,"g_pnt_2":"19.3634669861,-99.173357899","geo_shp":"{\"type\": \"Polygon\", \"coordinates\": [[[-99.16945442683786, 19.362505422551617], [-99.17034440617185, 19.361196465918972], [-99.17129287124247, 19.359010786401303], [-99.17157228254685, 19.358964430740148], [-99.17231253904632, 19.35946089934369], [-99.173","deleg":"BENITO JUAREZ","zona":"SUR","sctr_18":"DEL VALLE","cv_sctr":2,"zp":3,"are_km2":0.366457581641574,"x":-99.173166,"y":19.365555,"fech_cr":"2018-08-17T00:00:00","anio":2018,"mes":8,"dia":17}},
{"type":"Feature","geometry":{"type":"Polygon","coordinates":[[[-99.17720987251428,19.351142174537205],[-99.17420237601928,19.350382468020097],[-99.16939465448304,19.35035500837779],[-99.1689829222156,19.351242177441996],[-99.16350214833432,19.34999734484362],[-99.16302789064058,19.354011808510155],[-99.16308706031994,19.35740724725072],[-99.16982023639788,19.35788777687106],[-99.17129287124249,19.359010786401303],[-99.17240331259087,19.35641065695202],[-99.1771570078328,19.3512980371704],[-99.17720987251428,19.351142174537205]]]},"properties":{"_id":691,"id":690,"g_pnt_2":"19.3538668668,-99.1689670521","geo_shp":"{\"type\": \"Polygon\", \"coordinates\": [[[-99.17720987251428, 19.351142174537205], [-99.17715700783279, 19.3512980371704], [-99.17709445105197, 19.35147207513323], [-99.17672300992659, 19.35189603629452], [-99.1757704145443, 19.352609134496], [-99.1750121061","deleg":"COYOACAN","zona":"SUR","sctr_18":"COYOACAN","cv_sctr":1,"zp":2,"are_km2":0.961156758178595,"x":-99.165327,"y":19.354506,"fech_cr":"2018-08-17T00:00:00","anio":2018,"mes":8,"dia":17}},
{"type":"Feature","geometry":{"type":"Polygon","coordinates":[[[-99.15092585303584,19.33326333827784],[-99.14978459285312,19.336411783576725],[-99.15057924728583,19.337754145472],[-99.1557986840886,19.342942964348573],[-99.16463465700464,19.343989001394345],[-99.1674350521762,19.34432247450997],[-99.1685188025549,19.340797371830124],[-99.16875366919784,19.336714514077592],[-99.1624000209129,19.335978825077184],[-99.16257877372836,19.334689514706795],[-99.15603475974127,19.33428464646202],[-99.15639121156524,19.33250073143367],[-99.1581464730705,19.32977413968655],[-99.15681850888036,19.328647368895023],[-99.15452645828164,19.331939356959737],[-99.15254781115632,19.33060966467276],[-99.15092585303584,19.33326333827784]]]},"properties":{"_id":692,"id":691,"g_pnt_2":"19.3380809173,-99.1591168779","geo_shp":"{\"type\": \"Polygon\", \"coordinates\": [[[-99.14978459285312, 19.336411783576725], [-99.15092585303583, 19.33326333827784], [-99.15095301203378, 19.33318866355759], [-99.15126763411324, 19.33254816495005], [-99.1514312634271, 19.33221525726098], [-99.1525478","deleg":"COYOACAN","zona":"SUR","sctr_18":"COYOACAN","cv_sctr":1,"zp":9,"are_km2":1.816131333495306,"x":-99.159269,"y":19.336488,"fech_cr":"2018-08-17T00:00:00","anio":2018,"mes":8,"dia":17}},
{"type":"Feature","geometry":{"type":"Polygon","coordinates":[[[-99.25239507140716,19.31581593793444],[-99.2536817052368,19.31269069849867],[-99.2533829419198,19.307274953378393],[-99.25183235749012,19.307208864264883],[-99.24755038409678,19.306045956022615],[-99.24544394319588,19.307200124494777],[-99.24290930231776,19.30937159014023],[-99.24240638512003,19.31153852543238],[-99.24520816380564,19.314413586153364],[-99.24745064608588,19.314599719248697],[-99.24881748297624,19.315544296289296],[-99.25239507140716,19.31581593793444]]]},"properties":{"_id":694,"id":693,"g_pnt_2":"19.3109254668,-99.2487374402","geo_shp":"{\"type\": \"Polygon\", \"coordinates\": [[[-99.25239507140716, 19.315815937934442], [-99.25211022397535, 19.315854290431528], [-99.25183901995334, 19.3159130490215], [-99.25161336923526, 19.315943727290442], [-99.25132163284555, 19.315959312869538], [-99.2509","deleg":"MAGDALENA CONTRERAS","zona":"SUR","sctr_18":"SAN JERONIMO","cv_sctr":2,"zp":9,"are_km2":0.946066363839974,"x":-99.250227,"y":19.311544,"fech_cr":"2018-08-17T00:00:00","anio":2018,"mes":8,"dia":17}},
{"type":"Feature","geometry":{"type":"Polygon","coordinates":[[[-99.03037009514948,19.38160420542953],[-99.0420913624874,19.38832371365506],[-99.0450118738188,19.38999039193062],[-99.0451443674689,19.390071427850707],[-99.04875290479409,19.38399801936545],[-99.04028975490765,19.379506960953535],[-99.04292360206908,19.374482708899517],[-99.03966802508516,19.37249495460635],[-99.0395645550432,19.371867031855047],[-99.03455210478138,19.368937640501525],[-99.0321043677536,19.37210619449007],[-99.03376016374976,19.373213113861983],[-99.0338890717009,19.3744668112157],[-99.03570290232784,19.377406996868302],[-99.03037009514948,19.38160420542953]]]},"properties":{"_id":695,"id":694,"g_pnt_2":"19.3801263209,-99.0391659871","geo_shp":"{\"type\": \"Polygon\", \"coordinates\": [[[-99.03037009514948, 19.38160420542953], [-99.03060496586964, 19.38127754084347], [-99.03048486326875, 19.38117995302555], [-99.03089651572193, 19.38104955884498], [-99.03108536489853, 19.381098421044413], [-99.032011","deleg":"IZTAPALAPA","zona":"ORIENTE","sctr_18":"OASIS","cv_sctr":1,"zp":6,"are_km2":1.922832356818139,"x":-99.039561,"y":19.379505,"fech_cr":"2018-08-17T00:00:00","anio":2018,"mes":8,"dia":17}},
{"type":"Feature","geometry":{"type":"Polygon","coordinates":[[[-99.28063847991254,19.33684781271305],[-99.28047305233946,19.338206439048037],[-99.28121137447803,19.34177538668136],[-99.27920374462369,19.34287954054052],[-99.28009608879609,19.343813666580164],[-99.28279573713206,19.34368079956537],[-99.28551328028767,19.341850940816308],[-99.28607098682456,19.34255645498381],[-99.28439083671952,19.345607419759347],[-99.28267172353036,19.346801357564473],[-99.28537578939935,19.3469921762484],[-99.28829136339918,19.34417143162895],[-99.292611696262,19.34263753139557],[-99.29741350374888,19.338637343817393],[-99.29794757444589,19.33752275274609],[-99.2988427185952,19.33618650566485],[-99.30352890390732,19.333683537278908],[-99.29951722848772,19.32103951394656],[-99.29708542059836,19.321570481739496],[-99.29634870970976,19.320564152686572],[-99.29427482597232,19.32035042371479],[-99.29401756897182,19.32261416067836],[-99.29656907196916,19.325043712151732],[-99.29626207063072,19.326842449802427],[-99.29425335717754,19.326597706698884],[-99.2909289026218,19.32832409758777],[-99.28941603958056,19.330984865454504],[-99.28780763865107,19.332665809711045],[-99.2870062639428,19.330661960585285],[-99.2846993705669,19.335537008463017],[-99.28341412324626,19.33585695884695],[-99.28083345229614,19.33456277237373],[-99.27966826432204,19.335559799514957],[-99.28063847991254,19.33684781271305]]]},"properties":{"_id":696,"id":695,"g_pnt_2":"19.3344805135,-99.292096177","geo_shp":"{\"type\": \"Polygon\", \"coordinates\": [[[-99.2804745721499, 19.338037159926763], [-99.28050047321679, 19.337817503094726], [-99.28059457757222, 19.33745277598741], [-99.2806311778633, 19.337254612466133], [-99.28066664667864, 19.337007195013634], [-99.28063","deleg":"CUAJIMALPA","zona":"PONIENTE","sctr_18":"EL YAQUI","cv_sctr":7,"zp":9,"are_km2":3.342568524983152,"x":-99.289328,"y":19.33499,"fech_cr":"2018-08-17T00:00:00","anio":2018,"mes":8,"dia":17}},
{"type":"Feature","geometry":{"type":"Polygon","coordinates":[[[-99.16530505858516,19.19795812034184],[-99.16400264239128,19.197202091822003],[-99.16293944773786,19.19535921077474],[-99.16092609445371,19.193788206845767],[-99.15918369860128,19.19391752372434],[-99.15646747305972,19.19155418042608],[-99.15431858363088,19.191611945648187],[-99.15228690276226,19.19097032287985],[-99.15148873506917,19.187307001161344],[-99.1486623918438,19.186637974325624],[-99.1464504730756,19.18483577853625],[-99.14520513357331,19.184089871994804],[-99.1430789799442,19.185366435559864],[-99.14111993350116,19.189568881888647],[-99.13894815546972,19.191232708481305],[-99.13542483688694,19.191935513159663],[-99.13348098990448,19.195033609219845],[-99.13041905232272,19.19555594578311],[-99.12924068097956,19.196653263315223],[-99.12875370034324,19.202095440490737],[-99.13039678454288,19.203634976446693],[-99.13069382574514,19.205150968990065],[-99.12942334836325,19.20679117081971],[-99.13018431864906,19.209015047825797],[-99.1328219080114,19.20904171538562],[-99.13302426848126,19.207527715212027],[-99.1364151479856,19.206962611931825],[-99.14035870776172,19.20786568728888],[-99.1431074826126,19.20810903204417],[-99.1482983443292,19.20783711220441],[-99.14937712304416,19.207011254320825],[-99.15144091726478,19.20886043773655],[-99.15037567711374,19.221439657369956],[-99.1508045467595,19.223621870016043],[-99.15263216509116,19.22446277979316],[-99.15396130246472,19.228296993377228],[-99.1554014651648,19.225886181115293],[-99.15767433135365,19.222081358276895],[-99.15764026362706,19.216783544322503],[-99.15865816922548,19.215661693183673],[-99.15860938563893,19.213896811114992],[-99.16095045130388,19.21228159211884],[-99.15980677703344,19.210703126186985],[-99.1623355047942,19.207371153143704],[-99.15709313784444,19.204952652926806],[-99.1556585057352,19.20493507775164],[-99.1579269526575,19.20079042240184],[-99.16045603752984,19.200788226700215],[-99.16450591333336,19.19890086245688],[-99.16530505858516,19.19795812034184]]]},"properties":{"_id":697,"id":696,"g_pnt_2":"19.2019960667,-99.1474200288","geo_shp":"{\"type\": \"Polygon\", \"coordinates\": [[[-99.16530505858516, 19.197958120341838], [-99.16450591333336, 19.198900862456878], [-99.1626742564156, 19.199530361493355], [-99.16045603752983, 19.200788226700215], [-99.1579269526575, 19.20079042240184], [-99.15710","deleg":"TLALPAN","zona":"SUR","sctr_18":"HUIPULCO-HOSPITALES","cv_sctr":5,"zp":15,"are_km2":7.912375889266802,"x":-99.145628,"y":19.197332,"fech_cr":"2018-08-17T00:00:00","anio":2018,"mes":8,"dia":17}},
{"type":"Feature","geometry":{"type":"Polygon","coordinates":[[[-99.11001430184226,19.29064100277029],[-99.10086881912916,19.29463143432843],[-99.10037411221498,19.29921552406564],[-99.10624041833056,19.29901057030817],[-99.10510169045878,19.292789663323077],[-99.11001430184226,19.29064100277029]]]},"properties":{"_id":698,"id":697,"g_pnt_2":"19.2965341396,-99.1032905232","geo_shp":"{\"type\": \"Polygon\", \"coordinates\": [[[-99.11001430184226, 19.290641002770286], [-99.10510169045878, 19.292789663323077], [-99.10545086533341, 19.29481773694864], [-99.10602258115262, 19.29802855400685], [-99.10624041833057, 19.299010570308166], [-99.1052","deleg":"TLALPAN","zona":"SUR","sctr_18":"COAPA","cv_sctr":3,"zp":15,"are_km2":0.322615403086483,"x":-99.105404,"y":19.294928,"fech_cr":"2018-08-17T00:00:00","anio":2018,"mes":8,"dia":17}}
]}